gi_no,title,company_name,company_id,career,education,employment_type,deadline_raw,job_function,job_categories,company_logo_url,company_ceo,company_founded_year,company_flagship_games,company_homepage
284530,[메이플스타/MSW] 게임 아티스트,스타픽시스튜디오,51773905,경력2년↑ ,학력무관,정규직,채용시,인터페이스 디자인,인터페이스 디자인;원화;애니메이션;이펙트·FX,https://file.gamejob.co.kr/net/Corp/CoImage/LogoView?FN=2026\6\GJ_CoLogo_51773905.png?639178157380000000,성주원,2025년,메이플스타,
284531,[메이플스타/MSW] 게임 사업PM,스타픽시스튜디오,51773905,경력3년↑ ,학력무관,정규직,,사업기획(국내),사업기획(국내);사업기획(해외);전략기획;사업관리,https://file.gamejob.co.kr/net/Corp/CoImage/LogoView?FN=2026\6\GJ_CoLogo_51773905.png?639178157380000000,성주원,2025년,메이플스타,
284532,[메이플스타/MSW] 게임 플레이 프로그래머,스타픽시스튜디오,51773905,신입,학력무관,정규직,채용시,게임개발(클라이언트),게임개발(클라이언트);게임개발(모바일);인터페이스 디자인;서버;네트워크,https://file.gamejob.co.kr/net/Corp/CoImage/LogoView?FN=2026\6\GJ_CoLogo_51773905.png?639178157380000000,성주원,2025년,메이플스타,
284533,[메이플스타/MSW] 게임 기획자,스타픽시스튜디오,51773905,경력2년↑ ,학력무관,정규직,채용시,게임기획,게임기획,https://file.gamejob.co.kr/net/Corp/CoImage/LogoView?FN=2026\6\GJ_CoLogo_51773905.png?639178157380000000,성주원,2025년,메이플스타,
284534,[메이플스타/MSW] Full-stack 엔지니어,스타픽시스튜디오,51773905,경력3년↑ ,학력무관,정규직,채용시,플랫폼 개발,플랫폼 개발;서버;네트워크,https://file.gamejob.co.kr/net/Corp/CoImage/LogoView?FN=2026\6\GJ_CoLogo_51773905.png?639178157380000000,성주원,2025년,메이플스타,
284529,[메이플스타/MSW] 게임 기획 Lead,스타픽시스튜디오,51773905,경력5년↑ ,학력무관,정규직,채용시,게임기획,게임기획,https://file.gamejob.co.kr/net/Corp/CoImage/LogoView?FN=2026\6\GJ_CoLogo_51773905.png?639178157380000000,성주원,2025년,메이플스타,
284528,[메이플스타/MSW] 커뮤니티 매니저 (콘텐츠·영상),스타픽시스튜디오,51773905,경력2년↑ ,학력무관,정규직,채용시,마케팅,마케팅;홍보;해외 마케팅;프로모션;광고기획,https://file.gamejob.co.kr/net/Corp/CoImage/LogoView?FN=2026\6\GJ_CoLogo_51773905.png?639178157380000000,성주원,2025년,메이플스타,
284527,[스타픽시스튜디오] 경영지원 (총무),스타픽시스튜디오,51773905,경력3년↑ ,학력무관,정규직,채용시,총무,총무;구매,https://file.gamejob.co.kr/net/Corp/CoImage/LogoView?FN=2026\6\GJ_CoLogo_51773905.png?639178157380000000,성주원,2025년,메이플스타,
284352,[메이플스타/MSW] UI 컨텐츠 프로그래머,스타픽시스튜디오,51773905,신입,학력무관,정규직,채용시,게임개발(클라이언트),게임개발(클라이언트);게임개발(모바일);인터페이스 디자인;서버;네트워크,https://file.gamejob.co.kr/net/Corp/CoImage/LogoView?FN=2026\6\GJ_CoLogo_51773905.png?639178157380000000,성주원,2025년,메이플스타,
284353,[메이플스타/MSW] 게임 서비스 운영 직군,스타픽시스튜디오,51773905,경력무관,학력무관,정규직,채용시,게임운영,게임운영,https://file.gamejob.co.kr/net/Corp/CoImage/LogoView?FN=2026\6\GJ_CoLogo_51773905.png?639178157380000000,성주원,2025년,메이플스타,
283279,[Project ZETA] 3D 캐릭터 애니메이터 모집,너바나나,37626343,경력5년↑ ,학력무관,정규직,채용시,애니메이션,애니메이션,https://file.gamejob.co.kr/net/Corp/CoImage/LogoView?FN=2026\8\GJ_CoLogo_37626343.png?639215425290000000,김남석,2022년,ZETA,
283280,[Project ZETA] 3D 캐릭터 모델러 모집,너바나나,37626343,경력5년↑ ,학력무관,정규직,채용시,모델링,모델링,https://file.gamejob.co.kr/net/Corp/CoImage/LogoView?FN=2026\8\GJ_CoLogo_37626343.png?639215425290000000,김남석,2022년,ZETA,
283283,[Project ZETA] 캐릭터 컨셉 원화가 모집,너바나나,37626343,경력3년↑ ,학력무관,정규직,채용시,원화,원화,https://file.gamejob.co.kr/net/Corp/CoImage/LogoView?FN=2026\8\GJ_CoLogo_37626343.png?639215425290000000,김남석,2022년,ZETA,
283515,[Project ZETA] 이펙터 모집,너바나나,37626343,경력3년↑ ,학력무관,정규직,채용시,이펙트·FX,이펙트·FX,https://file.gamejob.co.kr/net/Corp/CoImage/LogoView?FN=2026\8\GJ_CoLogo_37626343.png?639215425290000000,김남석,2022년,ZETA,
283278,[Project ZETA] TA (Technical Artist) 모집,너바나나,37626343,경력3년↑ ,학력무관,정규직,채용시,모델링,모델링;애니메이션;이펙트·FX;엔진,https://file.gamejob.co.kr/net/Corp/CoImage/LogoView?FN=2026\8\GJ_CoLogo_37626343.png?639215425290000000,김남석,2022년,ZETA,
283938,[신입] 모바일 RTS 서버 프로그래머,㈜이스트게임즈,18270465,신입,학력무관,정규직,채용시,게임개발(모바일),게임개발(모바일);서버;네트워크,https://file.gamejob.co.kr/net/Corp/CoImage/LogoView?FN=2024\11\GJ_CoLogo_18270465.png?639064820200000000,김장중,2011년,"카발RED, 카발온라인, 카발모바일, 고양이다방",
283937,[경력] 모바일 RTS 서버 프로그래머,㈜이스트게임즈,18270465,경력3년↑ ,학력무관,정규직,채용시,게임개발(모바일),게임개발(모바일);서버;네트워크,https://file.gamejob.co.kr/net/Corp/CoImage/LogoView?FN=2024\11\GJ_CoLogo_18270465.png?639064820200000000,김장중,2011년,"카발RED, 카발온라인, 카발모바일, 고양이다방",
283936,[신입] MMORPG 온라인/모바일 게임 클라이언트 프로그래머,㈜이스트게임즈,18270465,신입,학력무관,정규직,채용시,게임개발(클라이언트),게임개발(클라이언트);게임개발(모바일),https://file.gamejob.co.kr/net/Corp/CoImage/LogoView?FN=2024\11\GJ_CoLogo_18270465.png?639064820200000000,김장중,2011년,"카발RED, 카발온라인, 카발모바일, 고양이다방",
283935,[경력] MMORPG 온라인/모바일 게임 클라이언트 프로그래머,㈜이스트게임즈,18270465,경력3년↑ ,학력무관,정규직,채용시,게임개발(클라이언트),게임개발(클라이언트);게임개발(모바일),https://file.gamejob.co.kr/net/Corp/CoImage/LogoView?FN=2024\11\GJ_CoLogo_18270465.png?639064820200000000,김장중,2011년,"카발RED, 카발온라인, 카발모바일, 고양이다방",
283934,[신입] DevOps 엔지니어,㈜이스트게임즈,18270465,신입,학력무관,정규직,채용시,서버,서버;네트워크;엔진;시스템·DB;클라우드,https://file.gamejob.co.kr/net/Corp/CoImage/LogoView?FN=2024\11\GJ_CoLogo_18270465.png?639064820200000000,김장중,2011년,"카발RED, 카발온라인, 카발모바일, 고양이다방",
283933,[신입] 정보 보안 엔지니어,㈜이스트게임즈,18270465,신입,학력무관,정규직,채용시,서버,서버;네트워크;엔진;보안;클라우드,https://file.gamejob.co.kr/net/Corp/CoImage/LogoView?FN=2024\11\GJ_CoLogo_18270465.png?639064820200000000,김장중,2011년,"카발RED, 카발온라인, 카발모바일, 고양이다방",
283932,[신입] 산업기능요원 보충역 (클라이언트/서버),㈜이스트게임즈,18270465,신입,학력무관,병역특례,채용시,게임개발(클라이언트),게임개발(클라이언트);게임개발(모바일);서버;네트워크;시스템·DB,https://file.gamejob.co.kr/net/Corp/CoImage/LogoView?FN=2024\11\GJ_CoLogo_18270465.png?639064820200000000,김장중,2011년,"카발RED, 카발온라인, 카발모바일, 고양이다방",
283666,[신입] MMORPG 콘텐츠 및 시스템 기획자,㈜이스트게임즈,18270465,신입,학력무관,정규직,채용시,게임기획,게임기획,https://file.gamejob.co.kr/net/Corp/CoImage/LogoView?FN=2024\11\GJ_CoLogo_18270465.png?639064820200000000,김장중,2011년,"카발RED, 카발온라인, 카발모바일, 고양이다방",
283665,[경력] MMORPG 콘텐츠 및 시스템 기획자,㈜이스트게임즈,18270465,경력1년↑ ,학력무관,정규직,채용시,게임기획,게임기획,https://file.gamejob.co.kr/net/Corp/CoImage/LogoView?FN=2024\11\GJ_CoLogo_18270465.png?639064820200000000,김장중,2011년,"카발RED, 카발온라인, 카발모바일, 고양이다방",
282016,[신입] 카발RED 클라이언트 프로그래머,㈜이스트게임즈,18270465,신입,학력무관,정규직,채용시,게임개발(클라이언트),게임개발(클라이언트);게임개발(모바일),https://file.gamejob.co.kr/net/Corp/CoImage/LogoView?FN=2024\11\GJ_CoLogo_18270465.png?639064820200000000,김장중,2011년,"카발RED, 카발온라인, 카발모바일, 고양이다방",
282015,[경력] 카발RED 클라이언트 프로그래머,㈜이스트게임즈,18270465,경력3년↑ ,학력무관,정규직,채용시,게임개발(클라이언트),게임개발(클라이언트);게임개발(모바일),https://file.gamejob.co.kr/net/Corp/CoImage/LogoView?FN=2024\11\GJ_CoLogo_18270465.png?639064820200000000,김장중,2011년,"카발RED, 카발온라인, 카발모바일, 고양이다방",
281844,[신입] 해외서비스 PM(영어/중국어),㈜이스트게임즈,18270465,신입,학력무관,정규직,채용시,사업기획(국내),사업기획(국내);전략기획;사업관리,https://file.gamejob.co.kr/net/Corp/CoImage/LogoView?FN=2024\11\GJ_CoLogo_18270465.png?639064820200000000,김장중,2011년,"카발RED, 카발온라인, 카발모바일, 고양이다방",
284523,[Guns & Dragons] 게임 이펙터,㈜에이버튼,43885377,경력3년↑ ,학력무관,정규직,채용시,이펙트·FX,이펙트·FX,https://file.gamejob.co.kr/net/Corp/CoImage/LogoView?FN=2024\7\GJ_CoLogo_43885377.png?639195595910000000,김대훤,2024년,"제우스, 건즈앤드래곤즈, EA",
284522,[넷마블네오] 뱀피르(Vampir) 재화 밸런스기획 담당 모집,넷마블네오,37126660,경력2년↑ ,학력무관,정규직,채용시,게임기획,게임기획,https://file.gamejob.co.kr/net/Corp/CoImage/LogoView?FN=2022\4\GJ_CoLogo_37126660.png?638950298550000000,권영식,2012년,"뱀피르, 나 혼자만 레벨업, 왕좌의게임, 제2의나라, 리니지2레볼루션",
283078,[로드나인] 글로벌 기획,NX3GAMES,21560497,경력3년↑ ,학력무관,정규직,~09/24,게임개발(모바일),게임개발(모바일);인터페이스 디자인;이펙트·FX;게임기획,https://file.gamejob.co.kr/net/Corp/CoImage/LogoView?FN=2022\3\GJ_CoLogo_21560497.jpg?638984564320000000,"최재헌, 최일돈",2017년,"로드나인, AVATARA, 로한M",
284521,[넷마블네오] 컷신 및 시네마틱 영상 이펙터 모집,넷마블네오,37126660,경력무관,학력무관,정규직,채용시,이펙트·FX,이펙트·FX;영상제작·편집,https://file.gamejob.co.kr/net/Corp/CoImage/LogoView?FN=2022\4\GJ_CoLogo_37126660.png?638950298550000000,권영식,2012년,"뱀피르, 나 혼자만 레벨업, 왕좌의게임, 제2의나라, 리니지2레볼루션",
283023,[TARAE] 핵앤슬래시(PC/콘솔) 몬스터 기획자 모집,㈜바운더리,42250798,경력무관,학력무관,정규직,채용시,게임기획,게임기획,https://file.gamejob.co.kr/net/Corp/CoImage/LogoView?FN=2023\11\GJ_CoLogo_42250798.png?639237742150000000,구인영,2023년,타래: 언바운드,
283546,[TARAE] 핵앤슬래시(PC/콘솔) 개발 QA 담당자 모집,㈜바운더리,42250798,경력무관,학력무관,계약직,채용시,QA·테스터,QA·테스터,https://file.gamejob.co.kr/net/Corp/CoImage/LogoView?FN=2023\11\GJ_CoLogo_42250798.png?639237742150000000,구인영,2023년,타래: 언바운드,
284340,[TARAE] 핵앤슬래시(PC/콘솔) UI/UX 디자이너 모집,㈜바운더리,42250798,경력무관,학력무관,정규직,채용시,인터페이스 디자인,인터페이스 디자인,https://file.gamejob.co.kr/net/Corp/CoImage/LogoView?FN=2023\11\GJ_CoLogo_42250798.png?639237742150000000,구인영,2023년,타래: 언바운드,
284505,[시프트업] 스텔라 블레이드 차기작 / 캐릭터 컨셉 아티스트,㈜시프트업,15704099,경력무관,학력무관,정규직,채용시,원화,원화,https://file.gamejob.co.kr/net/Corp/CoImage/LogoView?FN=2023\10\GJ_CoLogo_15704099.png?639087678030000000,김형태,2013년,"승리의 여신: 니케, 스텔라 블레이드, 데스티니차일드",
282335,2026년 웹젠 수시채용,(주)웹젠,11525476,경력무관,학력무관,정규직,채용시,게임개발(모바일),게임개발(모바일);게임기획;영상제작·편집;시스템·DB;전략기획,https://file.gamejob.co.kr/net/Corp/CoImage/LogoView?FN=2020\11\GJ_CoLogo_11525476.jpg?639231957000000000,김태영,2000년,"뮤 온라인, R2, 샷온라인, 썬 클래식, 뮤 아크엔젤, 뮤 모나크, 뮤:포켓 나이츠",
284496,[빅게임본부] 게임검증실 리서치 오퍼레이터 (계약직),넥슨,11527672,경력무관,학력무관,계약직,17시간 전,정보·빅데이터 분석,정보·빅데이터 분석;리서치,https://file.gamejob.co.kr/net/Corp/CoImage/LogoView?FN=2013\8\GJ_Co_nexonhr.jpg?638537985480000000,강대현·김정욱,1994년,"메이플스토리, 던전앤파이터, 카트라이더, 마비노기",
284482,’세븐나이츠키우기’  전투/밸런스 기획자 모집,넷마블넥서스,33563803,경력2년↑ ,학력무관,정규직,채용시,게임개발(모바일),게임개발(모바일);게임기획,https://file.gamejob.co.kr/net/Corp/CoImage/LogoView?FN=2021\1\GJ_CoLogo_33563803.png?638905077200000000,"김정민, 배경태",2013년,"세븐나이츠, 세븐나이츠2, 세븐나이츠 레볼루션, 세븐나이츠 키우기",
281266,[위메이드커넥트] 배경 원화 담당자 모집,㈜위메이드커넥트,11530731,경력2년↑ ,학력무관,정규직,채용시,게임개발(모바일),게임개발(모바일);원화,https://file.gamejob.co.kr/net/Corp/CoImage/LogoView?FN=2021\12\GJ_CoLogo_11530731.png?639093559510000000,이호대,2007년,"로스트소드, 여신의키스, 프리프유니버스, 서먼헌터키우기, 에브리타운, 어비스리움",
277754,[프로젝트O] 배경 팀장 모집,라이온하트스튜디오,27153410,경력6년↑ ,학력무관,정규직,채용시,원화,원화,https://file.gamejob.co.kr/net/Corp/CoImage/LogoView?FN=2019\2\GJ_Co_lion0510.jpg?638997552230000000,김재영,2018년,오딘: 발할라 라이징,
284031,[모노 스튜디오] [서브컬처 프로젝트] 시나리오 기획자 모집 (경력),㈜매드엔진,33649396,경력5년↑ ,학력무관,정규직,~09/30,원화,원화;애니메이션;게임기획,https://file.gamejob.co.kr/net/Corp/CoImage/LogoView?FN=2021\2\GJ_CoLogo_33649396.jpg?639205141650000000,"이정욱, 손면석",2020년,나이트 크로우,
283918,[NX 스튜디오] [Project TAL] UI 디자이너 모집 (계약직),㈜매드엔진,33649396,경력무관,학력무관,계약직,~09/30,인터페이스 디자인,인터페이스 디자인,https://file.gamejob.co.kr/net/Corp/CoImage/LogoView?FN=2021\2\GJ_CoLogo_33649396.jpg?639205141650000000,"이정욱, 손면석",2020년,나이트 크로우,
282852,[NX 스튜디오] [Project TAL] 밸런스 디자이너 모집 (경력),㈜매드엔진,33649396,경력2년↑ ,학력무관,정규직,~09/30,게임개발(모바일),게임개발(모바일);게임기획,https://file.gamejob.co.kr/net/Corp/CoImage/LogoView?FN=2021\2\GJ_CoLogo_33649396.jpg?639205141650000000,"이정욱, 손면석",2020년,나이트 크로우,
284478,[나이트 크로우] 배경 컨셉 아티스트 모집 (경력),㈜매드엔진,33649396,경력2년↑ ,학력무관,정규직,~10/01,원화,원화,https://file.gamejob.co.kr/net/Corp/CoImage/LogoView?FN=2021\2\GJ_CoLogo_33649396.jpg?639205141650000000,"이정욱, 손면석",2020년,나이트 크로우,
283186,[모노 스튜디오][서브컬처 프로젝트] 2D 스파인 애니메이터 모집 (경력),㈜매드엔진,33649396,경력3년↑ ,학력무관,정규직,~09/30,게임개발(모바일),게임개발(모바일);인터페이스 디자인;애니메이션,https://file.gamejob.co.kr/net/Corp/CoImage/LogoView?FN=2021\2\GJ_CoLogo_33649396.jpg?639205141650000000,"이정욱, 손면석",2020년,나이트 크로우,
284020,[모노 스튜디오][서브컬처 프로젝트] 서버 프로그래머 모집 (경력),㈜매드엔진,33649396,경력8년↑ ,학력무관,정규직,~09/30,서버,서버;네트워크,https://file.gamejob.co.kr/net/Corp/CoImage/LogoView?FN=2021\2\GJ_CoLogo_33649396.jpg?639205141650000000,"이정욱, 손면석",2020년,나이트 크로우,
283917,[NX 스튜디오] [Project TAL] 시니어 애니메이터 모집 (경력),㈜매드엔진,33649396,경력5년↑ ,학력무관,정규직,~09/30,게임개발(모바일),게임개발(모바일);모델링;애니메이션,https://file.gamejob.co.kr/net/Corp/CoImage/LogoView?FN=2021\2\GJ_CoLogo_33649396.jpg?639205141650000000,"이정욱, 손면석",2020년,나이트 크로우,
283140,[NX 스튜디오] [Project TAL] UI 디자이너 모집 (경력),㈜매드엔진,33649396,경력5년↑ ,학력무관,정규직,~09/30,인터페이스 디자인,인터페이스 디자인,https://file.gamejob.co.kr/net/Corp/CoImage/LogoView?FN=2021\2\GJ_CoLogo_33649396.jpg?639205141650000000,"이정욱, 손면석",2020년,나이트 크로우,
284082,[NX 스튜디오] [Project TAL] 캐릭터 컨셉 아티스트 모집,㈜매드엔진,33649396,경력5년↑ ,학력무관,정규직,~09/30,게임개발(모바일),게임개발(모바일);원화,https://file.gamejob.co.kr/net/Corp/CoImage/LogoView?FN=2021\2\GJ_CoLogo_33649396.jpg?639205141650000000,"이정욱, 손면석",2020년,나이트 크로우,
283929,[NX 스튜디오] [Project TAL] 캐릭터 모델러(극 실사) 모집 (경력),㈜매드엔진,33649396,경력10년↑ ,학력무관,정규직,~09/30,게임개발(모바일),게임개발(모바일);모델링,https://file.gamejob.co.kr/net/Corp/CoImage/LogoView?FN=2021\2\GJ_CoLogo_33649396.jpg?639205141650000000,"이정욱, 손면석",2020년,나이트 크로우,
284066,[나이트 크로우 W][MMORPG] UI 디자이너 모집 (계약직),㈜매드엔진,33649396,경력무관,학력무관,계약직,~09/30,게임개발(모바일),게임개발(모바일);인터페이스 디자인,https://file.gamejob.co.kr/net/Corp/CoImage/LogoView?FN=2021\2\GJ_CoLogo_33649396.jpg?639205141650000000,"이정욱, 손면석",2020년,나이트 크로우,
284467,[Project M5] [서버] 서버 프로그래머,NX3GAMES,21560497,경력3년↑ ,학력무관,정규직,채용시,게임개발(모바일),게임개발(모바일);애니메이션;이펙트·FX;게임기획;서버,https://file.gamejob.co.kr/net/Corp/CoImage/LogoView?FN=2022\3\GJ_CoLogo_21560497.jpg?638984564320000000,"최재헌, 최일돈",2017년,"로드나인, AVATARA, 로한M",
284351,[NX 스튜디오] [Project TAL] 메인 시나리오 기획자 (경력),㈜매드엔진,33649396,경력5년↑ ,학력무관,정규직,~09/28,게임개발(모바일),게임개발(모바일);게임기획,https://file.gamejob.co.kr/net/Corp/CoImage/LogoView?FN=2021\2\GJ_CoLogo_33649396.jpg?639205141650000000,"이정욱, 손면석",2020년,나이트 크로우,
282107,[기어세컨드] 개발 PM,㈜기어세컨드,35234551,경력1년↑ ,학력무관,정규직,채용시,게임개발(모바일),게임개발(모바일);게임기획;사업기획(국내);사업기획(해외);전략기획,https://file.gamejob.co.kr/net/Corp/CoImage/LogoView?FN=2024\11\GJ_CoLogo_35234551.png?639197088220000000,김민상,2021년,"슬레이어 키우기, 레츠고 레전드!, 프린세스메이커 : 예언의 아이들",
282106,[기어세컨드] 퍼포먼스 마케터,㈜기어세컨드,35234551,경력2년↑ ,학력무관,정규직,채용시,마케팅,마케팅;홍보;해외 마케팅;프로모션;광고기획,https://file.gamejob.co.kr/net/Corp/CoImage/LogoView?FN=2024\11\GJ_CoLogo_35234551.png?639197088220000000,김민상,2021년,"슬레이어 키우기, 레츠고 레전드!, 프린세스메이커 : 예언의 아이들",
282481,[기어세컨드] 사운드 디자이너,㈜기어세컨드,35234551,경력무관,학력무관,계약직,채용시,사운드 제작,사운드 제작,https://file.gamejob.co.kr/net/Corp/CoImage/LogoView?FN=2024\11\GJ_CoLogo_35234551.png?639197088220000000,김민상,2021년,"슬레이어 키우기, 레츠고 레전드!, 프린세스메이커 : 예언의 아이들",
282105,[신규 프로젝트] 게임 클라이언트 개발자,㈜기어세컨드,35234551,경력무관,학력무관,정규직,채용시,게임개발(클라이언트),게임개발(클라이언트);게임개발(모바일);게임기획;엔진,https://file.gamejob.co.kr/net/Corp/CoImage/LogoView?FN=2024\11\GJ_CoLogo_35234551.png?639197088220000000,김민상,2021년,"슬레이어 키우기, 레츠고 레전드!, 프린세스메이커 : 예언의 아이들",
282657,[레츠고 레전드!] 기획자,㈜기어세컨드,35234551,경력3년↑ ,학력무관,정규직,채용시,게임기획,게임기획,https://file.gamejob.co.kr/net/Corp/CoImage/LogoView?FN=2024\11\GJ_CoLogo_35234551.png?639197088220000000,김민상,2021년,"슬레이어 키우기, 레츠고 레전드!, 프린세스메이커 : 예언의 아이들",
282723,[기어세컨드] 사업 PM,㈜기어세컨드,35234551,경력3년↑ ,학력무관,정규직,채용시,사업기획(국내),사업기획(국내);사업기획(해외);전략기획;사업관리;정보·빅데이터 분석,https://file.gamejob.co.kr/net/Corp/CoImage/LogoView?FN=2024\11\GJ_CoLogo_35234551.png?639197088220000000,김민상,2021년,"슬레이어 키우기, 레츠고 레전드!, 프린세스메이커 : 예언의 아이들",
282984,[기어세컨드] 데이터 사이언티스트,㈜기어세컨드,35234551,경력3년↑ ,학력무관,정규직,채용시,정보·빅데이터 분석,정보·빅데이터 분석,https://file.gamejob.co.kr/net/Corp/CoImage/LogoView?FN=2024\11\GJ_CoLogo_35234551.png?639197088220000000,김민상,2021년,"슬레이어 키우기, 레츠고 레전드!, 프린세스메이커 : 예언의 아이들",
281900,[기어세컨드] 채용 담당자,㈜기어세컨드,35234551,경력3년↑ ,학력무관,계약직,채용시,인사,인사,https://file.gamejob.co.kr/net/Corp/CoImage/LogoView?FN=2024\11\GJ_CoLogo_35234551.png?639197088220000000,김민상,2021년,"슬레이어 키우기, 레츠고 레전드!, 프린세스메이커 : 예언의 아이들",
283141,[기어세컨드] 서버 프로그래머 전환형 인턴,㈜기어세컨드,35234551,경력무관,학력무관,인턴직,채용시,플랫폼 개발,플랫폼 개발;플랫폼 디자인;서버;시스템·DB;클라우드,https://file.gamejob.co.kr/net/Corp/CoImage/LogoView?FN=2024\11\GJ_CoLogo_35234551.png?639197088220000000,김민상,2021년,"슬레이어 키우기, 레츠고 레전드!, 프린세스메이커 : 예언의 아이들",
283196,[기어세컨드] 피플팀 체험형 인턴,㈜기어세컨드,35234551,신입,학력무관,인턴직,채용시,사무·회계,사무·회계;재무;경리;인사;총무,https://file.gamejob.co.kr/net/Corp/CoImage/LogoView?FN=2024\11\GJ_CoLogo_35234551.png?639197088220000000,김민상,2021년,"슬레이어 키우기, 레츠고 레전드!, 프린세스메이커 : 예언의 아이들",
281633,[기어세컨드] UA 크리에이티브 디자이너,㈜기어세컨드,35234551,경력무관,학력무관,정규직,채용시,마케팅,마케팅;홍보;해외 마케팅;프로모션;광고기획,https://file.gamejob.co.kr/net/Corp/CoImage/LogoView?FN=2024\11\GJ_CoLogo_35234551.png?639197088220000000,김민상,2021년,"슬레이어 키우기, 레츠고 레전드!, 프린세스메이커 : 예언의 아이들",
283195,[기어세컨드] 2D 스파인 애니메이터,㈜기어세컨드,35234551,경력무관,학력무관,정규직,채용시,애니메이션,애니메이션,https://file.gamejob.co.kr/net/Corp/CoImage/LogoView?FN=2024\11\GJ_CoLogo_35234551.png?639197088220000000,김민상,2021년,"슬레이어 키우기, 레츠고 레전드!, 프린세스메이커 : 예언의 아이들",
283194,[신규 프로젝트] 게임 기획자,㈜기어세컨드,35234551,경력3년↑ ,학력무관,정규직,채용시,게임기획,게임기획,https://file.gamejob.co.kr/net/Corp/CoImage/LogoView?FN=2024\11\GJ_CoLogo_35234551.png?639197088220000000,김민상,2021년,"슬레이어 키우기, 레츠고 레전드!, 프린세스메이커 : 예언의 아이들",
284468,[CROSSFIRE] 무기 개발 클라이언트 담당,스마일게이트,23947670,경력5년↑ ,학력무관,정규직,~09/30,게임개발(클라이언트),게임개발(클라이언트);게임기획,https://file.gamejob.co.kr/net/Corp/CoImage/LogoView?FN=2026\1\GJ_CoLogo_23947670.png?639035719800000000,성준호,2002년,"크로스파이어, CFHD",
283193,[기어세컨드] 게임 커뮤니티 매니저(CM),㈜기어세컨드,35234551,경력무관,학력무관,정규직,채용시,게임기획,게임기획;게임운영,https://file.gamejob.co.kr/net/Corp/CoImage/LogoView?FN=2024\11\GJ_CoLogo_35234551.png?639197088220000000,김민상,2021년,"슬레이어 키우기, 레츠고 레전드!, 프린세스메이커 : 예언의 아이들",
281560,[기어세컨드] 2D 게임 그래픽 아티스트,㈜기어세컨드,35234551,경력무관,학력무관,정규직,채용시,인터페이스 디자인,인터페이스 디자인;원화;이펙트·FX,https://file.gamejob.co.kr/net/Corp/CoImage/LogoView?FN=2024\11\GJ_CoLogo_35234551.png?639197088220000000,김민상,2021년,"슬레이어 키우기, 레츠고 레전드!, 프린세스메이커 : 예언의 아이들",
283192,[기어세컨드] HR 리드,㈜기어세컨드,35234551,경력5년↑ ,학력무관,정규직,채용시,사무·회계,사무·회계;재무;경리;인사;총무,https://file.gamejob.co.kr/net/Corp/CoImage/LogoView?FN=2024\11\GJ_CoLogo_35234551.png?639197088220000000,김민상,2021년,"슬레이어 키우기, 레츠고 레전드!, 프린세스메이커 : 예언의 아이들",
281527,[Project TTT] 서브컬쳐 캐주얼 게임 기획자,㈜기어세컨드,35234551,경력2년↑ ,학력무관,정규직,채용시,게임기획,게임기획,https://file.gamejob.co.kr/net/Corp/CoImage/LogoView?FN=2024\11\GJ_CoLogo_35234551.png?639197088220000000,김민상,2021년,"슬레이어 키우기, 레츠고 레전드!, 프린세스메이커 : 예언의 아이들",
283191,[기어세컨드] HR 담당자,㈜기어세컨드,35234551,경력무관,학력무관,정규직,채용시,사무·회계,사무·회계;재무;경리;인사;총무,https://file.gamejob.co.kr/net/Corp/CoImage/LogoView?FN=2024\11\GJ_CoLogo_35234551.png?639197088220000000,김민상,2021년,"슬레이어 키우기, 레츠고 레전드!, 프린세스메이커 : 예언의 아이들",
283190,[기어세컨드] 게임 UI/UX 디자이너,㈜기어세컨드,35234551,경력무관,학력무관,정규직,채용시,인터페이스 디자인,인터페이스 디자인;원화;이펙트·FX,https://file.gamejob.co.kr/net/Corp/CoImage/LogoView?FN=2024\11\GJ_CoLogo_35234551.png?639197088220000000,김민상,2021년,"슬레이어 키우기, 레츠고 레전드!, 프린세스메이커 : 예언의 아이들",
283189,[기어세컨드] 이펙트 디자이너,㈜기어세컨드,35234551,경력무관,학력무관,정규직,채용시,인터페이스 디자인,인터페이스 디자인;원화;이펙트·FX,https://file.gamejob.co.kr/net/Corp/CoImage/LogoView?FN=2024\11\GJ_CoLogo_35234551.png?639197088220000000,김민상,2021년,"슬레이어 키우기, 레츠고 레전드!, 프린세스메이커 : 예언의 아이들",
281101,[슬레이어 키우기] 픽셀 아트 아티스트,㈜기어세컨드,35234551,경력무관,학력무관,정규직,채용시,인터페이스 디자인,인터페이스 디자인;원화;이펙트·FX,https://file.gamejob.co.kr/net/Corp/CoImage/LogoView?FN=2024\11\GJ_CoLogo_35234551.png?639197088220000000,김민상,2021년,"슬레이어 키우기, 레츠고 레전드!, 프린세스메이커 : 예언의 아이들",
283215,[프린세스 메이커] 게임 클라이언트 개발자,㈜기어세컨드,35234551,경력1년↑ ,학력무관,정규직,채용시,게임개발(클라이언트),게임개발(클라이언트);게임기획;엔진,https://file.gamejob.co.kr/net/Corp/CoImage/LogoView?FN=2024\11\GJ_CoLogo_35234551.png?639197088220000000,김민상,2021년,"슬레이어 키우기, 레츠고 레전드!, 프린세스메이커 : 예언의 아이들",
280947,[기어세컨드] 서버 프로그래머,㈜기어세컨드,35234551,경력1년↑ ,학력무관,정규직,채용시,플랫폼 개발,플랫폼 개발;플랫폼 디자인;서버;시스템·DB;클라우드,https://file.gamejob.co.kr/net/Corp/CoImage/LogoView?FN=2024\11\GJ_CoLogo_35234551.png?639197088220000000,김민상,2021년,"슬레이어 키우기, 레츠고 레전드!, 프린세스메이커 : 예언의 아이들",
283338,[기어세컨드] 크리에이티브 매니저 전환형 인턴,㈜기어세컨드,35234551,신입,학력무관,인턴직,채용시,영상제작·편집,영상제작·편집;마케팅;홍보;해외 마케팅;광고기획,https://file.gamejob.co.kr/net/Corp/CoImage/LogoView?FN=2024\11\GJ_CoLogo_35234551.png?639197088220000000,김민상,2021년,"슬레이어 키우기, 레츠고 레전드!, 프린세스메이커 : 예언의 아이들",
283537,[슬레이어 키우기] 기획자,㈜기어세컨드,35234551,경력무관,학력무관,정규직,채용시,게임기획,게임기획,https://file.gamejob.co.kr/net/Corp/CoImage/LogoView?FN=2024\11\GJ_CoLogo_35234551.png?639197088220000000,김민상,2021년,"슬레이어 키우기, 레츠고 레전드!, 프린세스메이커 : 예언의 아이들",
283572,[신규 프로젝트] 3D 게임 아티스트,㈜기어세컨드,35234551,경력2년↑ ,학력무관,정규직,채용시,인터페이스 디자인,인터페이스 디자인;원화;모델링;애니메이션;이펙트·FX,https://file.gamejob.co.kr/net/Corp/CoImage/LogoView?FN=2024\11\GJ_CoLogo_35234551.png?639197088220000000,김민상,2021년,"슬레이어 키우기, 레츠고 레전드!, 프린세스메이커 : 예언의 아이들",
283747,[기어세컨드] 데이터 엔지니어 DE,㈜기어세컨드,35234551,경력무관,학력무관,정규직,채용시,정보·빅데이터 분석,정보·빅데이터 분석,https://file.gamejob.co.kr/net/Corp/CoImage/LogoView?FN=2024\11\GJ_CoLogo_35234551.png?639197088220000000,김민상,2021년,"슬레이어 키우기, 레츠고 레전드!, 프린세스메이커 : 예언의 아이들",
284118,[슬레이어 키우기] 게임 클라이언트 개발자,㈜기어세컨드,35234551,경력무관,학력무관,정규직,채용시,게임개발(클라이언트),게임개발(클라이언트);게임개발(모바일);게임기획;엔진,https://file.gamejob.co.kr/net/Corp/CoImage/LogoView?FN=2024\11\GJ_CoLogo_35234551.png?639197088220000000,김민상,2021년,"슬레이어 키우기, 레츠고 레전드!, 프린세스메이커 : 예언의 아이들",
284259,[기어세컨드] 크리에이티브 마케터,㈜기어세컨드,35234551,경력1년↑ ,학력무관,정규직,채용시,영상제작·편집,영상제작·편집;마케팅;해외 마케팅;프로모션;광고기획,https://file.gamejob.co.kr/net/Corp/CoImage/LogoView?FN=2024\11\GJ_CoLogo_35234551.png?639197088220000000,김민상,2021년,"슬레이어 키우기, 레츠고 레전드!, 프린세스메이커 : 예언의 아이들",
282100,[스피릿위시 Plus] 전 부문 모집,NX3GAMES,21560497,경력3년↑ ,학력무관,정규직,06/30(화),게임개발(모바일),게임개발(모바일);서버;엔진,https://file.gamejob.co.kr/net/Corp/CoImage/LogoView?FN=2022\3\GJ_CoLogo_21560497.jpg?638984564320000000,"최재헌, 최일돈",2017년,"로드나인, AVATARA, 로한M",
282099,[스피릿위시 Plus] 서버 프로그래머,NX3GAMES,21560497,경력3년↑ ,학력무관,정규직,06/30(화),게임개발(모바일),게임개발(모바일);서버;네트워크;시스템·DB,https://file.gamejob.co.kr/net/Corp/CoImage/LogoView?FN=2022\3\GJ_CoLogo_21560497.jpg?638984564320000000,"최재헌, 최일돈",2017년,"로드나인, AVATARA, 로한M",
284456,[넷마블넥서스] ’세븐나이츠리버스’ 경제 밸런스 기획자 채용,넷마블넥서스,33563803,경력2년↑ ,학력무관,정규직,채용시,게임개발(모바일),게임개발(모바일);게임기획,https://file.gamejob.co.kr/net/Corp/CoImage/LogoView?FN=2021\1\GJ_CoLogo_33563803.png?638905077200000000,"김정민, 배경태",2013년,"세븐나이츠, 세븐나이츠2, 세븐나이츠 레볼루션, 세븐나이츠 키우기",
284336,[슈터본부] 슈터플랫폼실 데이터 엔지니어,넥슨,11527672,경력무관,학력무관,정규직,4일 전,게임개발(클라이언트),게임개발(클라이언트);게임개발(모바일),https://file.gamejob.co.kr/net/Corp/CoImage/LogoView?FN=2013\8\GJ_Co_nexonhr.jpg?638537985480000000,강대현·김정욱,1994년,"메이플스토리, 던전앤파이터, 카트라이더, 마비노기",
281914,[크레센트] 시니어 3D 애니메이터 모집 (경력 5년 이상),에이블게임즈,35028996,경력 5년 ,학력무관,정규직,채용시,애니메이션,애니메이션,https://file.gamejob.co.kr/net/Corp/CoImage/LogoView?FN=2022\3\GJ_CoLogo_35028996.png?639208334340000000,김동우,2021년,"메이플 키우기, 크레센트, 달토끼 키우기",
281927,[크레센트] 콘티/스토리보드 아티스트 (경력 3년 이상),에이블게임즈,35028996,경력 3년 ,학력무관,정규직,채용시,게임개발(모바일),게임개발(모바일),https://file.gamejob.co.kr/net/Corp/CoImage/LogoView?FN=2022\3\GJ_CoLogo_35028996.png?639208334340000000,김동우,2021년,"메이플 키우기, 크레센트, 달토끼 키우기",
282032,[크레센트] UI 디자이너 모집 (경력 5년이상),에이블게임즈,35028996,경력 5년,학력무관,정규직,채용시,인터페이스 디자인,인터페이스 디자인,https://file.gamejob.co.kr/net/Corp/CoImage/LogoView?FN=2022\3\GJ_CoLogo_35028996.png?639208334340000000,김동우,2021년,"메이플 키우기, 크레센트, 달토끼 키우기",
282431,3D 배경 레벨러 모집(경력 7년 이상),에이블게임즈,35028996,경력 7년 ,학력무관,정규직,채용시,모델링,모델링,https://file.gamejob.co.kr/net/Corp/CoImage/LogoView?FN=2022\3\GJ_CoLogo_35028996.png?639208334340000000,김동우,2021년,"메이플 키우기, 크레센트, 달토끼 키우기",
282469,3D 배경 모델러 모집(경력 7년 이상),에이블게임즈,35028996,경력 7년 ,학력무관,정규직,채용시,모델링,모델링,https://file.gamejob.co.kr/net/Corp/CoImage/LogoView?FN=2022\3\GJ_CoLogo_35028996.png?639208334340000000,김동우,2021년,"메이플 키우기, 크레센트, 달토끼 키우기",
282601,[메이플키우기] 게임 QA 모집,에이블게임즈,35028996,경력무관,학력무관,정규직,채용시,QA·테스터,QA·테스터,https://file.gamejob.co.kr/net/Corp/CoImage/LogoView?FN=2022\3\GJ_CoLogo_35028996.png?639208334340000000,김동우,2021년,"메이플 키우기, 크레센트, 달토끼 키우기",
282893,2D 스파인 애니메이터 모집,에이블게임즈,35028996,경력무관,학력무관,정규직,채용시,인터페이스 디자인,인터페이스 디자인;애니메이션,https://file.gamejob.co.kr/net/Corp/CoImage/LogoView?FN=2022\3\GJ_CoLogo_35028996.png?639208334340000000,김동우,2021년,"메이플 키우기, 크레센트, 달토끼 키우기",
282896,[달토끼키우기] 전투 기획자 모집,에이블게임즈,35028996,경력무관,학력무관,정규직,채용시,게임기획,게임기획,https://file.gamejob.co.kr/net/Corp/CoImage/LogoView?FN=2022\3\GJ_CoLogo_35028996.png?639208334340000000,김동우,2021년,"메이플 키우기, 크레센트, 달토끼 키우기",
283165,아트 PM 모집 (경력 무관),에이블게임즈,35028996,경력 무관,학력무관,정규직,채용시,게임기획,게임기획,https://file.gamejob.co.kr/net/Corp/CoImage/LogoView?FN=2022\3\GJ_CoLogo_35028996.png?639208334340000000,김동우,2021년,"메이플 키우기, 크레센트, 달토끼 키우기",
283164,[크레센트] 개발PM 모집 (경력 3년 이상),에이블게임즈,35028996,경력 3년 ,학력무관,정규직,채용시,게임개발(모바일),게임개발(모바일),https://file.gamejob.co.kr/net/Corp/CoImage/LogoView?FN=2022\3\GJ_CoLogo_35028996.png?639208334340000000,김동우,2021년,"메이플 키우기, 크레센트, 달토끼 키우기",
283759,[메이플키우기] UI 디자이너 모집(경력 1년 이상),에이블게임즈,35028996,경력 1년 ,학력무관,정규직,채용시,인터페이스 디자인,인터페이스 디자인,https://file.gamejob.co.kr/net/Corp/CoImage/LogoView?FN=2022\3\GJ_CoLogo_35028996.png?639208334340000000,김동우,2021년,"메이플 키우기, 크레센트, 달토끼 키우기",
284107,[메이플키우기] 기획자 모집,에이블게임즈,35028996,경력무관,학력무관,정규직,채용시,게임기획,게임기획,https://file.gamejob.co.kr/net/Corp/CoImage/LogoView?FN=2022\3\GJ_CoLogo_35028996.png?639208334340000000,김동우,2021년,"메이플 키우기, 크레센트, 달토끼 키우기",
284106,[메이플키우기] 클라이언트 프로그래머 모집 (산업기능요원 현역/보충역 가능),에이블게임즈,35028996,경력무관,학력무관,정규직,채용시,게임개발(클라이언트),게임개발(클라이언트),https://file.gamejob.co.kr/net/Corp/CoImage/LogoView?FN=2022\3\GJ_CoLogo_35028996.png?639208334340000000,김동우,2021년,"메이플 키우기, 크레센트, 달토끼 키우기",
278624,[신규프로젝트 S] 카툰스타일 이펙트 아티스트 채용,팀42㈜,19209414,경력무관,학력무관,정규직,채용시,이펙트·FX,이펙트·FX,https://file.gamejob.co.kr/net/Corp/CoImage/LogoView?FN=2023\7\GJ_CoLogo_19209414.jpg?638615949280000000,나성수,2016년,마피아42,
284454,[마피아42] 컨텐츠 시스템 기획자 채용,팀42㈜,19209414,경력2년↑ ,학력무관,정규직,채용시,게임기획,게임기획,https://file.gamejob.co.kr/net/Corp/CoImage/LogoView?FN=2023\7\GJ_CoLogo_19209414.jpg?638615949280000000,나성수,2016년,마피아42,
281806,[프로젝트 A] 스토리 제작,㈜스튜디오비사이드,22209089,경력무관,학력무관,정규직,채용시,게임기획,게임기획,https://file.gamejob.co.kr/net/Corp/CoImage/LogoView?FN=2023\2\GJ_CoLogo_22209089.png?639186032490000000,류금태,2017년,스타세이비어 (https://www.starsavior.com/kr),
281809,"[프로젝트 A] 캐릭터 원화, 일러스트 제작",㈜스튜디오비사이드,22209089,경력무관,학력무관,정규직,채용시,원화,원화,https://file.gamejob.co.kr/net/Corp/CoImage/LogoView?FN=2023\2\GJ_CoLogo_22209089.png?639186032490000000,류금태,2017년,스타세이비어 (https://www.starsavior.com/kr),
282916,[스타세이비어] 이펙터 모집,㈜스튜디오비사이드,22209089,경력무관,학력무관,정규직,채용시,이펙트·FX,이펙트·FX,https://file.gamejob.co.kr/net/Corp/CoImage/LogoView?FN=2023\2\GJ_CoLogo_22209089.png?639186032490000000,류금태,2017년,스타세이비어 (https://www.starsavior.com/kr),
283150,"[프로젝트A] 기계, 메카, 밀리터리 전문 원화 아트 디자인",㈜스튜디오비사이드,22209089,경력무관,학력무관,정규직,채용시,원화,원화,https://file.gamejob.co.kr/net/Corp/CoImage/LogoView?FN=2023\2\GJ_CoLogo_22209089.png?639186032490000000,류금태,2017년,스타세이비어 (https://www.starsavior.com/kr),
283704,[스타세이비어] 3D 캐릭터 애니메이터 모집,㈜스튜디오비사이드,22209089,경력무관,학력무관,정규직,채용시,애니메이션,애니메이션,https://file.gamejob.co.kr/net/Corp/CoImage/LogoView?FN=2023\2\GJ_CoLogo_22209089.png?639186032490000000,류금태,2017년,스타세이비어 (https://www.starsavior.com/kr),
283791,[스타세이비어] 2D 캐릭터 원화가 모집,㈜스튜디오비사이드,22209089,경력무관,학력무관,정규직,채용시,원화,원화,https://file.gamejob.co.kr/net/Corp/CoImage/LogoView?FN=2023\2\GJ_CoLogo_22209089.png?639186032490000000,류금태,2017년,스타세이비어 (https://www.starsavior.com/kr),
283977,[스타세이비어] UI 디자이너 모집,㈜스튜디오비사이드,22209089,경력무관,학력무관,정규직,채용시,인터페이스 디자인,인터페이스 디자인,https://file.gamejob.co.kr/net/Corp/CoImage/LogoView?FN=2023\2\GJ_CoLogo_22209089.png?639186032490000000,류금태,2017년,스타세이비어 (https://www.starsavior.com/kr),
284007,"[스타세이비어] 스토리, 시나리오 제작 / 컨셉 설정",㈜스튜디오비사이드,22209089,경력무관,학력무관,정규직,채용시,게임기획,게임기획,https://file.gamejob.co.kr/net/Corp/CoImage/LogoView?FN=2023\2\GJ_CoLogo_22209089.png?639186032490000000,류금태,2017년,스타세이비어 (https://www.starsavior.com/kr),
284009,[스타세이비어] 전투 / 캐릭터 / 몬스터 기획 담당자 모집,㈜스튜디오비사이드,22209089,신입,학력무관,정규직,채용시,게임기획,게임기획,https://file.gamejob.co.kr/net/Corp/CoImage/LogoView?FN=2023\2\GJ_CoLogo_22209089.png?639186032490000000,류금태,2017년,스타세이비어 (https://www.starsavior.com/kr),
284393,[프로젝트A] UI 디자이너 모집,㈜스튜디오비사이드,22209089,경력무관,학력무관,정규직,채용시,인터페이스 디자인,인터페이스 디자인,https://file.gamejob.co.kr/net/Corp/CoImage/LogoView?FN=2023\2\GJ_CoLogo_22209089.png?639186032490000000,류금태,2017년,스타세이비어 (https://www.starsavior.com/kr),
284397,[프로젝트A] 이펙터 모집,㈜스튜디오비사이드,22209089,경력무관,학력무관,정규직,채용시,이펙트·FX,이펙트·FX,https://file.gamejob.co.kr/net/Corp/CoImage/LogoView?FN=2023\2\GJ_CoLogo_22209089.png?639186032490000000,류금태,2017년,스타세이비어 (https://www.starsavior.com/kr),
284400,[프로젝트A] 시스템 기획자 모집,㈜스튜디오비사이드,22209089,경력무관,학력무관,정규직,채용시,게임기획,게임기획,https://file.gamejob.co.kr/net/Corp/CoImage/LogoView?FN=2023\2\GJ_CoLogo_22209089.png?639186032490000000,류금태,2017년,스타세이비어 (https://www.starsavior.com/kr),
284452,[컴투스] 테크니컬 아티스트 (신입/경력),주식회사 컴투스,11526566,신입,학력무관,정규직,21시간 전,게임개발(클라이언트),게임개발(클라이언트);게임개발(모바일);모델링;이펙트·FX;플랫폼 개발,https://file.gamejob.co.kr/net/Corp/CoImage/LogoView?FN=2022\6\GJ_CoLogo_11526566.jpg?638550133550000000,남재관,1998년,"서머너즈워, 프로야구시리즈, 낚시의신, 서머너즈워:백년전쟁 등",
282420,[크로노스튜디오] 아트 PM 모집,㈜크로노스튜디오,43834799,경력2년↑ ,학력무관,정규직,채용시,게임기획,게임기획;게임운영,https://file.gamejob.co.kr/net/Corp/CoImage/LogoView?FN=2024\3\GJ_CoLogo_43834799.png?639142699500000000,배봉건,2024년,Chrono Odyssey,
284450,[컴투스] Web QA 담당자 (계약직),주식회사 컴투스,11526566,경력무관,학력무관,계약직,21시간 전,게임기획,게임기획;QA·테스터,https://file.gamejob.co.kr/net/Corp/CoImage/LogoView?FN=2022\6\GJ_CoLogo_11526566.jpg?638550133550000000,남재관,1998년,"서머너즈워, 프로야구시리즈, 낚시의신, 서머너즈워:백년전쟁 등",
284448,[컴투스] [일본 IP 프로젝트] 게임 사운드 디자이너 (계약직/2년 이상),주식회사 컴투스,11526566,경력2년↑ ,학력무관,계약직,21시간 전,사운드 제작,사운드 제작,https://file.gamejob.co.kr/net/Corp/CoImage/LogoView?FN=2022\6\GJ_CoLogo_11526566.jpg?638550133550000000,남재관,1998년,"서머너즈워, 프로야구시리즈, 낚시의신, 서머너즈워:백년전쟁 등",
284447,[컴투스] 일본 IP콜라보 및 IP 게임 감수 담당자 (계약직/2년 이상),주식회사 컴투스,11526566,경력2년↑ ,학력무관,계약직,22시간 전,사업기획(해외),사업기획(해외);전략기획;사업관리,https://file.gamejob.co.kr/net/Corp/CoImage/LogoView?FN=2022\6\GJ_CoLogo_11526566.jpg?638550133550000000,남재관,1998년,"서머너즈워, 프로야구시리즈, 낚시의신, 서머너즈워:백년전쟁 등",
284445,[컴투스] 정보보호 담당자 (4년 이상),주식회사 컴투스,11526566,경력4년↑ ,학력무관,정규직,22시간 전,보안,보안,https://file.gamejob.co.kr/net/Corp/CoImage/LogoView?FN=2022\6\GJ_CoLogo_11526566.jpg?638550133550000000,남재관,1998년,"서머너즈워, 프로야구시리즈, 낚시의신, 서머너즈워:백년전쟁 등",
284437,[Flyway Games] Ascend to ZERO - Client Programmer (계약직/1년),(주)크래프톤,22302337,경력3년↑ ,학력무관,계약직,채용시,게임개발(클라이언트),게임개발(클라이언트),https://file.gamejob.co.kr/net/Corp/CoImage/LogoView?FN=2026\3\GJ_CoLogo_22302337.png?639084112890000000,김창한,2007년,PUBG: 배틀그라운드,
284423,[NC][AION2] 밸런스 디자이너 모집,NC,11525247,경력2년↑ ,,정규직,~10/30,게임기획,게임기획;사업기획(국내);정보·빅데이터 분석,https://file.gamejob.co.kr/net/Corp/CoImage/LogoView?FN=2022\11\GJ_CoLogo_11525247.jpg?639213837730000000,"김택진, 박병무",1997년,"리니지, 리니지Ⅱ, AION 등",
282936,[해긴] 모바일 게임 마케터 채용,㈜해긴,22367647,경력3년↑ ,학력무관,정규직,채용시,마케팅,마케팅,https://file.gamejob.co.kr/net/Corp/CoImage/LogoView?FN=2019\11\GJ_CoLogo_22367647.png?639222145790000000,이영일,2017년,"플레이투게더, 홈런클래시, 오버독스, 익스트림골프, 홈런클래시2, 데미안전기",
283472,[해긴] 데이터 기획 및 분석 담당자 모집,㈜해긴,22367647,경력5년↑ ,학력무관,정규직,08/04(화),정보·빅데이터 분석,정보·빅데이터 분석,https://file.gamejob.co.kr/net/Corp/CoImage/LogoView?FN=2019\11\GJ_CoLogo_22367647.png?639222145790000000,이영일,2017년,"플레이투게더, 홈런클래시, 오버독스, 익스트림골프, 홈런클래시2, 데미안전기",
284083,[해긴] 재무회계 담당자 모집,㈜해긴,22367647,경력무관,학력무관,정규직,08/21(금),재무,재무;회계;세무,https://file.gamejob.co.kr/net/Corp/CoImage/LogoView?FN=2019\11\GJ_CoLogo_22367647.png?639222145790000000,이영일,2017년,"플레이투게더, 홈런클래시, 오버독스, 익스트림골프, 홈런클래시2, 데미안전기",
284288,[몬스터 수집형] 클라이언트 개발자 모집,㈜해긴,22367647,경력무관,학력무관,정규직,채용시,게임개발(클라이언트),게임개발(클라이언트),https://file.gamejob.co.kr/net/Corp/CoImage/LogoView?FN=2019\11\GJ_CoLogo_22367647.png?639222145790000000,이영일,2017년,"플레이투게더, 홈런클래시, 오버독스, 익스트림골프, 홈런클래시2, 데미안전기",
284314,[해긴] 플레이투게더 QA 모집,㈜해긴,22367647,경력무관,학력무관,계약직,채용시,QA·테스터,QA·테스터,https://file.gamejob.co.kr/net/Corp/CoImage/LogoView?FN=2019\11\GJ_CoLogo_22367647.png?639222145790000000,이영일,2017년,"플레이투게더, 홈런클래시, 오버독스, 익스트림골프, 홈런클래시2, 데미안전기",
284435,[컨트롤나인] 재무회계 담당자,㈜컨트롤나인,41909341,경력2년↑ ,,정규직,~09/30,재무,재무;회계,https://file.gamejob.co.kr/net/Corp/CoImage/LogoView?FN=2026\3\GJ_CoLogo_41909341.png?639092639420000000,"조순구, 권세웅",2023년,미래시: 보이지 않는 미래,
284434,[미래시] 캐릭터 원화가,㈜컨트롤나인,41909341,경력3년↑ ,학력무관,정규직,~09/30,원화,원화,https://file.gamejob.co.kr/net/Corp/CoImage/LogoView?FN=2026\3\GJ_CoLogo_41909341.png?639092639420000000,"조순구, 권세웅",2023년,미래시: 보이지 않는 미래,
284433,[미래시] 3D 애니메이터,㈜컨트롤나인,41909341,경력3년↑ ,학력무관,정규직,~09/30,애니메이션,애니메이션,https://file.gamejob.co.kr/net/Corp/CoImage/LogoView?FN=2026\3\GJ_CoLogo_41909341.png?639092639420000000,"조순구, 권세웅",2023년,미래시: 보이지 않는 미래,
284432,[미래시] 시스템 기획자,㈜컨트롤나인,41909341,경력3년↑ ,학력무관,정규직,~09/30,게임기획,게임기획,https://file.gamejob.co.kr/net/Corp/CoImage/LogoView?FN=2026\3\GJ_CoLogo_41909341.png?639092639420000000,"조순구, 권세웅",2023년,미래시: 보이지 않는 미래,
284431,[미래시] 3D 애니메이터 (리드),㈜컨트롤나인,41909341,경력7년↑ ,학력무관,정규직,~09/30,애니메이션,애니메이션,https://file.gamejob.co.kr/net/Corp/CoImage/LogoView?FN=2026\3\GJ_CoLogo_41909341.png?639092639420000000,"조순구, 권세웅",2023년,미래시: 보이지 않는 미래,
284430,[컨트롤나인] 총무·IT인프라 담당자,㈜컨트롤나인,41909341,경력7년↑ ,,정규직,~09/30,총무,총무,https://file.gamejob.co.kr/net/Corp/CoImage/LogoView?FN=2026\3\GJ_CoLogo_41909341.png?639092639420000000,"조순구, 권세웅",2023년,미래시: 보이지 않는 미래,
283316,[LOST ARK Mobile] 레벨기획 담당,스마일게이트,18140850,경력3년↑ ,학력무관,정규직,채용시,게임기획,게임기획,https://file.gamejob.co.kr/net/Corp/CoImage/LogoView?FN=2026\1\GJ_CoLogo_18140850.png?639029622750000000,성준호,2011년,"LOST ARK, LOST ARK Mobile",
284421,[NC][AION2] 캐릭터 컨셉 아티스트 모집,NC,11525247,경력5년↑ ,학력무관,정규직,~10/30,원화,원화;모델링;BX·브랜드 디자인,https://file.gamejob.co.kr/net/Corp/CoImage/LogoView?FN=2022\11\GJ_CoLogo_11525247.jpg?639213837730000000,"김택진, 박병무",1997년,"리니지, 리니지Ⅱ, AION 등",
284419,[NC][리니지W] 애니메이션 아티스트 모집,NC,11525247,경력8년↑ ,학력무관,정규직,~10/30,모델링,모델링;애니메이션;영상제작·편집,https://file.gamejob.co.kr/net/Corp/CoImage/LogoView?FN=2022\11\GJ_CoLogo_11525247.jpg?639213837730000000,"김택진, 박병무",1997년,"리니지, 리니지Ⅱ, AION 등",
283931,[경력] 산업기능요원 전직자 채용 (현역/보충역),㈜이스트게임즈,18270465,경력1년↑ ,학력무관,병역특례,채용시,게임개발(클라이언트),게임개발(클라이언트);게임개발(모바일);서버;네트워크;시스템·DB,https://file.gamejob.co.kr/net/Corp/CoImage/LogoView?FN=2024\11\GJ_CoLogo_18270465.png?639064820200000000,김장중,2011년,"카발RED, 카발온라인, 카발모바일, 고양이다방",
284168,[MapleOrigin/러쉬에잇] 클래식 메이플스토리 직군별 채용 (신입/경력),러쉬에잇㈜,45873305,신입,학력무관,정규직,채용시,게임개발(클라이언트),게임개발(클라이언트);게임개발(모바일);인터페이스 디자인;게임기획,https://file.gamejob.co.kr/net/Corp/CoImage/LogoView?FN=2026\5\GJ_CoLogo_45873305.jpg?639221433350000000,이재진,2023년,"아르테일,MapleOrigin, 에버플래닛(개발 중)",
284317,[MapleOrigin] 클래식 메이플스토리 모바일 UI/UX 디자이너 (경력5년 이하),러쉬에잇㈜,45873305,경력5년 ,학력무관,정규직,채용시,인터페이스 디자인,인터페이스 디자인,https://file.gamejob.co.kr/net/Corp/CoImage/LogoView?FN=2026\5\GJ_CoLogo_45873305.jpg?639221433350000000,이재진,2023년,"아르테일,MapleOrigin, 에버플래닛(개발 중)",
284322,[에버플래닛] 서버 프로그래머 (C#/.NET) (경력 7년+),러쉬에잇㈜,45873305,경력 7년,학력무관,정규직,채용시,서버,서버,https://file.gamejob.co.kr/net/Corp/CoImage/LogoView?FN=2026\5\GJ_CoLogo_45873305.jpg?639221433350000000,이재진,2023년,"아르테일,MapleOrigin, 에버플래닛(개발 중)",
284380,[에버플래닛] Unity 클라이언트 개발자 (신입),러쉬에잇㈜,45873305,신입,학력무관,정규직,채용시,게임개발(클라이언트),게임개발(클라이언트);게임개발(모바일),https://file.gamejob.co.kr/net/Corp/CoImage/LogoView?FN=2026\5\GJ_CoLogo_45873305.jpg?639221433350000000,이재진,2023년,"아르테일,MapleOrigin, 에버플래닛(개발 중)",
284417,[아르테일] 클래식 메이플스토리 CS 담당자 (경력 1년+),러쉬에잇㈜,45873305,경력 1년,학력무관,계약직,채용시,게임운영,게임운영,https://file.gamejob.co.kr/net/Corp/CoImage/LogoView?FN=2026\5\GJ_CoLogo_45873305.jpg?639221433350000000,이재진,2023년,"아르테일,MapleOrigin, 에버플래닛(개발 중)",
284310,[해긴] 사업개발(BD) 담당자 모집,㈜해긴,22367647,경력5년↑ ,학력무관,정규직,채용시,사업관리,사업관리,https://file.gamejob.co.kr/net/Corp/CoImage/LogoView?FN=2019\11\GJ_CoLogo_22367647.png?639222145790000000,이영일,2017년,"플레이투게더, 홈런클래시, 오버독스, 익스트림골프, 홈런클래시2, 데미안전기",
281847,[아스트라에 오라티오] JP 로컬라이즈 PM 모집,디나미스원㈜,44438003,경력무관,학력무관,정규직,채용시,게임개발(모바일),게임개발(모바일);사업관리;소싱/라이선싱;번역,https://file.gamejob.co.kr/net/Corp/CoImage/LogoView?FN=2024\8\GJ_CoLogo_44438003.png?639207724800000000,박병림,2024년,아스트라에 오라티오,
284411,[111퍼센트] UA 크리에이티브,111퍼센트㈜,20978266,경력3년↑ ,학력무관,정규직,채용시,영상제작·편집,영상제작·편집;마케팅;홍보;해외 마케팅,https://file.gamejob.co.kr/net/Corp/CoImage/LogoView?FN=2025\9\GJ_CoLogo_20978266.png?639207709370000000,김강안,2015년,"운빨존많겜, 랜덤다이스:디펜스",
284412,[111퍼센트] 게임 운영 담당자,111퍼센트㈜,20978266,경력3년↑ ,학력무관,정규직,채용시,게임운영,게임운영,https://file.gamejob.co.kr/net/Corp/CoImage/LogoView?FN=2025\9\GJ_CoLogo_20978266.png?639207709370000000,김강안,2015년,"운빨존많겜, 랜덤다이스:디펜스",
283955,[위메이드커넥트] 게임 기획자 모집(리더급),㈜위메이드커넥트,11530731,경력7년↑ ,학력무관,정규직,채용시,게임개발(모바일),게임개발(모바일);게임기획,https://file.gamejob.co.kr/net/Corp/CoImage/LogoView?FN=2021\12\GJ_CoLogo_11530731.png?639093559510000000,이호대,2007년,"로스트소드, 여신의키스, 프리프유니버스, 서먼헌터키우기, 에브리타운, 어비스리움",
284408,[컴투스] [보훈대상자 전형] 야구게임 개발본부 사무지원 담당자 (1년 계약직),주식회사 컴투스,11526566,경력무관,학력무관,계약직,1일 전,게임개발(클라이언트),게임개발(클라이언트);사무·회계,https://file.gamejob.co.kr/net/Corp/CoImage/LogoView?FN=2022\6\GJ_CoLogo_11526566.jpg?638550133550000000,남재관,1998년,"서머너즈워, 프로야구시리즈, 낚시의신, 서머너즈워:백년전쟁 등",
284407,[컴투스] UI/UX 디자이너 (3년 이상),주식회사 컴투스,11526566,경력3년↑ ,학력무관,정규직,1일 전,게임개발(모바일),게임개발(모바일);인터페이스 디자인;게임기획,https://file.gamejob.co.kr/net/Corp/CoImage/LogoView?FN=2022\6\GJ_CoLogo_11526566.jpg?638550133550000000,남재관,1998년,"서머너즈워, 프로야구시리즈, 낚시의신, 서머너즈워:백년전쟁 등",
284406,퍼블리싱 매출 정산 담당자(육아휴직 대체/계약직),㈜위메이드,11525585,경력1년↑ ,학력무관,계약직,~09/11,재무,재무;회계;경리,https://file.gamejob.co.kr/net/Corp/CoImage/LogoView?FN=2019\4\GJ_Co_wehr.jpg?638793756090000000,박관호,2000년,"나이트크로우, 미르4, 미르의 전설 2,3 등",
284402,[Onetake Studio] 오리지널IP 신작 콘솔 프로젝트 3D 캐릭터 모델러,㈜네오위즈,11526996,경력무관,학력무관,정규직,1일 전,모델링,모델링,https://file.gamejob.co.kr/net/Corp/CoImage/LogoView?FN=2017\4\GJ_Co_neosky.gif?638907938470000000,"김승철, 배태근",2007년,"P의 거짓,고양이와스프,스컬,브라운더스트2,DJMax,A.V.A,피망포커,피망고스톱",
281996,[트릭컬 리바이브] 전투 및 밸런스 기획자 추가 모집,㈜에피드게임즈,13320563,경력1년↑ ,학력무관,정규직,채용시,게임기획,게임기획,https://file.gamejob.co.kr/net/Corp/CoImage/LogoView?FN=2023\1\GJ_CoLogo_13320563.png?639197603090000000,한정현,2013년,"트릭컬 리바이브, 트릭컬(전 롤더체스), 로그(LOG) : 항해의 시작, 페인트 히어로즈",
281994,[트릭컬 파티마] 캐릭터 원화가 추가 모집,㈜에피드게임즈,13320563,경력무관,학력무관,정규직,채용시,원화,원화,https://file.gamejob.co.kr/net/Corp/CoImage/LogoView?FN=2023\1\GJ_CoLogo_13320563.png?639197603090000000,한정현,2013년,"트릭컬 리바이브, 트릭컬(전 롤더체스), 로그(LOG) : 항해의 시작, 페인트 히어로즈",
281993,[트릭컬 파티마] 콘텐츠 클라이언트 프로그래머 추가 모집,㈜에피드게임즈,13320563,경력5년↑ ,학력무관,정규직,채용시,게임개발(클라이언트),게임개발(클라이언트),https://file.gamejob.co.kr/net/Corp/CoImage/LogoView?FN=2023\1\GJ_CoLogo_13320563.png?639197603090000000,한정현,2013년,"트릭컬 리바이브, 트릭컬(전 롤더체스), 로그(LOG) : 항해의 시작, 페인트 히어로즈",
282003,[트릭컬 파티마] 배경원화가 추가 모집,㈜에피드게임즈,13320563,경력무관,학력무관,정규직,채용시,원화,원화,https://file.gamejob.co.kr/net/Corp/CoImage/LogoView?FN=2023\1\GJ_CoLogo_13320563.png?639197603090000000,한정현,2013년,"트릭컬 리바이브, 트릭컬(전 롤더체스), 로그(LOG) : 항해의 시작, 페인트 히어로즈",
282001,[트릭컬 파티마] 설정 기획자 추가 모집,㈜에피드게임즈,13320563,경력무관,학력무관,정규직,채용시,게임기획,게임기획,https://file.gamejob.co.kr/net/Corp/CoImage/LogoView?FN=2023\1\GJ_CoLogo_13320563.png?639197603090000000,한정현,2013년,"트릭컬 리바이브, 트릭컬(전 롤더체스), 로그(LOG) : 항해의 시작, 페인트 히어로즈",
282000,[트릭컬 파티마] 시스템 및 콘텐츠 기획자 추가 모집,㈜에피드게임즈,13320563,경력무관,학력무관,정규직,채용시,게임기획,게임기획,https://file.gamejob.co.kr/net/Corp/CoImage/LogoView?FN=2023\1\GJ_CoLogo_13320563.png?639197603090000000,한정현,2013년,"트릭컬 리바이브, 트릭컬(전 롤더체스), 로그(LOG) : 항해의 시작, 페인트 히어로즈",
281999,[트릭컬 파티마] 애니메이터 추가 모집,㈜에피드게임즈,13320563,경력무관,학력무관,정규직,채용시,애니메이션,애니메이션,https://file.gamejob.co.kr/net/Corp/CoImage/LogoView?FN=2023\1\GJ_CoLogo_13320563.png?639197603090000000,한정현,2013년,"트릭컬 리바이브, 트릭컬(전 롤더체스), 로그(LOG) : 항해의 시작, 페인트 히어로즈",
281998,[트릭컬 파티마] 이펙터 추가 모집,㈜에피드게임즈,13320563,경력무관,학력무관,정규직,채용시,이펙트·FX,이펙트·FX,https://file.gamejob.co.kr/net/Corp/CoImage/LogoView?FN=2023\1\GJ_CoLogo_13320563.png?639197603090000000,한정현,2013년,"트릭컬 리바이브, 트릭컬(전 롤더체스), 로그(LOG) : 항해의 시작, 페인트 히어로즈",
281997,[트릭컬 파티마] 전투 및 밸런스 기획자 추가 모집,㈜에피드게임즈,13320563,경력무관,학력무관,정규직,채용시,게임기획,게임기획,https://file.gamejob.co.kr/net/Corp/CoImage/LogoView?FN=2023\1\GJ_CoLogo_13320563.png?639197603090000000,한정현,2013년,"트릭컬 리바이브, 트릭컬(전 롤더체스), 로그(LOG) : 항해의 시작, 페인트 히어로즈",
281992,[트릭컬 파티마] 아이콘 작업 외주 모집,㈜에피드게임즈,13320563,경력무관,학력무관,프리랜서,채용시,원화,원화,https://file.gamejob.co.kr/net/Corp/CoImage/LogoView?FN=2023\1\GJ_CoLogo_13320563.png?639197603090000000,한정현,2013년,"트릭컬 리바이브, 트릭컬(전 롤더체스), 로그(LOG) : 항해의 시작, 페인트 히어로즈",
281986,[트릭컬 파티마] 배경원화가 외주 모집,㈜에피드게임즈,13320563,경력무관,학력무관,프리랜서,채용시,원화,원화,https://file.gamejob.co.kr/net/Corp/CoImage/LogoView?FN=2023\1\GJ_CoLogo_13320563.png?639197603090000000,한정현,2013년,"트릭컬 리바이브, 트릭컬(전 롤더체스), 로그(LOG) : 항해의 시작, 페인트 히어로즈",
281984,[트릭컬 파티마] 스파인2D 애니메이터 외주 모집,㈜에피드게임즈,13320563,경력무관,학력무관,프리랜서,채용시,애니메이션,애니메이션,https://file.gamejob.co.kr/net/Corp/CoImage/LogoView?FN=2023\1\GJ_CoLogo_13320563.png?639197603090000000,한정현,2013년,"트릭컬 리바이브, 트릭컬(전 롤더체스), 로그(LOG) : 항해의 시작, 페인트 히어로즈",
281983,[트릭컬 파티마] 캐릭터 원화가 외주 모집,㈜에피드게임즈,13320563,경력무관,학력무관,프리랜서,채용시,원화,원화,https://file.gamejob.co.kr/net/Corp/CoImage/LogoView?FN=2023\1\GJ_CoLogo_13320563.png?639197603090000000,한정현,2013년,"트릭컬 리바이브, 트릭컬(전 롤더체스), 로그(LOG) : 항해의 시작, 페인트 히어로즈",
283133,[트릭컬 리바이브] 국내 사업 PM 추가 모집,㈜에피드게임즈,13320563,경력무관,학력무관,정규직,채용시,게임운영,게임운영;사업기획(국내);사업관리,https://file.gamejob.co.kr/net/Corp/CoImage/LogoView?FN=2023\1\GJ_CoLogo_13320563.png?639197603090000000,한정현,2013년,"트릭컬 리바이브, 트릭컬(전 롤더체스), 로그(LOG) : 항해의 시작, 페인트 히어로즈",
283261,[트릭컬 파티마] QA담당자 추가 모집,㈜에피드게임즈,13320563,경력무관,학력무관,정규직,채용시,게임개발(모바일),게임개발(모바일);QA·테스터,https://file.gamejob.co.kr/net/Corp/CoImage/LogoView?FN=2023\1\GJ_CoLogo_13320563.png?639197603090000000,한정현,2013년,"트릭컬 리바이브, 트릭컬(전 롤더체스), 로그(LOG) : 항해의 시작, 페인트 히어로즈",
283388,[트릭컬 리바이브] 스파인2D 애니메이터 추가 모집,㈜에피드게임즈,13320563,경력무관,학력무관,정규직,채용시,애니메이션,애니메이션,https://file.gamejob.co.kr/net/Corp/CoImage/LogoView?FN=2023\1\GJ_CoLogo_13320563.png?639197603090000000,한정현,2013년,"트릭컬 리바이브, 트릭컬(전 롤더체스), 로그(LOG) : 항해의 시작, 페인트 히어로즈",
283389,[트릭컬 리바이브] 설정 기획자 추가 모집,㈜에피드게임즈,13320563,경력무관,학력무관,정규직,채용시,게임기획,게임기획,https://file.gamejob.co.kr/net/Corp/CoImage/LogoView?FN=2023\1\GJ_CoLogo_13320563.png?639197603090000000,한정현,2013년,"트릭컬 리바이브, 트릭컬(전 롤더체스), 로그(LOG) : 항해의 시작, 페인트 히어로즈",
283390,[트릭컬 리바이브] 웹 UI/UX 디자이너 추가 모집,㈜에피드게임즈,13320563,경력1년↑ ,학력무관,정규직,채용시,게임개발(모바일),게임개발(모바일);인터페이스 디자인,https://file.gamejob.co.kr/net/Corp/CoImage/LogoView?FN=2023\1\GJ_CoLogo_13320563.png?639197603090000000,한정현,2013년,"트릭컬 리바이브, 트릭컬(전 롤더체스), 로그(LOG) : 항해의 시작, 페인트 히어로즈",
283740,[트릭컬 리바이브] 시스템 및 콘텐츠 기획자 추가 모집,㈜에피드게임즈,13320563,경력3년↑ ,학력무관,정규직,채용시,게임기획,게임기획,https://file.gamejob.co.kr/net/Corp/CoImage/LogoView?FN=2023\1\GJ_CoLogo_13320563.png?639197603090000000,한정현,2013년,"트릭컬 리바이브, 트릭컬(전 롤더체스), 로그(LOG) : 항해의 시작, 페인트 히어로즈",
283807,[트릭컬 리바이브] 이펙터 추가 모집,㈜에피드게임즈,13320563,경력무관,학력무관,정규직,채용시,이펙트·FX,이펙트·FX,https://file.gamejob.co.kr/net/Corp/CoImage/LogoView?FN=2023\1\GJ_CoLogo_13320563.png?639197603090000000,한정현,2013년,"트릭컬 리바이브, 트릭컬(전 롤더체스), 로그(LOG) : 항해의 시작, 페인트 히어로즈",
284025,[트릭컬 리바이브] 캐릭터 원화가 추가 모집,㈜에피드게임즈,13320563,경력무관,학력무관,정규직,채용시,원화,원화,https://file.gamejob.co.kr/net/Corp/CoImage/LogoView?FN=2023\1\GJ_CoLogo_13320563.png?639197603090000000,한정현,2013년,"트릭컬 리바이브, 트릭컬(전 롤더체스), 로그(LOG) : 항해의 시작, 페인트 히어로즈",
284391,[차세대 게임] 클라이언트 담당 모집,스마일게이트,23947670,경력5년↑ ,학력무관,정규직,~09/30,게임개발(클라이언트),게임개발(클라이언트),https://file.gamejob.co.kr/net/Corp/CoImage/LogoView?FN=2026\1\GJ_CoLogo_23947670.png?639035719800000000,성준호,2002년,"크로스파이어, CFHD",
284388,[그라비티/판교] DevHub - 프로젝트 리드 기획자 채용,그라비티,11525178,경력8년↑ ,학력무관,정규직,~09/30,게임기획,게임기획,https://file.gamejob.co.kr/net/Corp/CoImage/LogoView?FN=2020\10\GJ_CoLogo_11525178.jpg?639216974770000000,박현철,2000년,"라그나로크 온라인, 라그나로크M, 라그나로크 오리진",
284389,[그라비티/판교] DevHub - Unity 클라이언트 채용,그라비티,11525178,경력4년↑ ,학력무관,정규직,~09/30,게임개발(클라이언트),게임개발(클라이언트),https://file.gamejob.co.kr/net/Corp/CoImage/LogoView?FN=2020\10\GJ_CoLogo_11525178.jpg?639216974770000000,박현철,2000년,"라그나로크 온라인, 라그나로크M, 라그나로크 오리진",
284390,[그라비티/판교] RMD - 이펙트 채용,그라비티,11525178,경력3년↑ ,학력무관,정규직,~09/30,이펙트·FX,이펙트·FX,https://file.gamejob.co.kr/net/Corp/CoImage/LogoView?FN=2020\10\GJ_CoLogo_11525178.jpg?639216974770000000,박현철,2000년,"라그나로크 온라인, 라그나로크M, 라그나로크 오리진",
281732,[브라운더스트2] 배경원화 모집,㈜겜프스엔,36329506,경력무관,학력무관,정규직,채용시,게임개발(모바일),게임개발(모바일);원화,https://file.gamejob.co.kr/net/Corp/CoImage/LogoView?FN=2022\4\GJ_CoLogo_36329506.png?639167033320000000,이준희,2021년,브라운더스트2,
281771,[브라운더스트2] 시네마틱 애니메이터 모집,㈜겜프스엔,36329506,경력무관,학력무관,정규직,채용시,게임개발(모바일),게임개발(모바일);애니메이션;이펙트·FX,https://file.gamejob.co.kr/net/Corp/CoImage/LogoView?FN=2022\4\GJ_CoLogo_36329506.png?639167033320000000,이준희,2021년,브라운더스트2,
282821,[브라운더스트2] 2D 스파인 애니메이터 모집,㈜겜프스엔,36329506,경력무관,학력무관,정규직,채용시,게임개발(모바일),게임개발(모바일);애니메이션,https://file.gamejob.co.kr/net/Corp/CoImage/LogoView?FN=2022\4\GJ_CoLogo_36329506.png?639167033320000000,이준희,2021년,브라운더스트2,
284379,[NC]글로벌 신규시장 발굴 및 사업PM,NC,11525247,경력3년↑ ,,정규직,~10/25,사업기획(해외),사업기획(해외);사업관리;리서치,https://file.gamejob.co.kr/net/Corp/CoImage/LogoView?FN=2022\11\GJ_CoLogo_11525247.jpg?639213837730000000,"김택진, 박병무",1997년,"리니지, 리니지Ⅱ, AION 등",
284376,[NC][NextAction] 배경 에셋 제작 아티스트 모집,NC,11525247,경력2년↑ ,학력무관,정규직,~09/21,모델링,모델링;엔진,https://file.gamejob.co.kr/net/Corp/CoImage/LogoView?FN=2022\11\GJ_CoLogo_11525247.jpg?639213837730000000,"김택진, 박병무",1997년,"리니지, 리니지Ⅱ, AION 등",
284374,[NC][단기계약직] 인사·근태 운영지원 담당자 모집,NC,11525247,신입,,계약직,~09/09,인사,인사,https://file.gamejob.co.kr/net/Corp/CoImage/LogoView?FN=2022\11\GJ_CoLogo_11525247.jpg?639213837730000000,"김택진, 박병무",1997년,"리니지, 리니지Ⅱ, AION 등",
284371,[Studio Support Div.] Partner Relationship Manager (5-10년 / 계약직),(주)크래프톤,22302337,경력5년↑ ,학력무관,계약직,채용시,사업기획(국내),사업기획(국내),https://file.gamejob.co.kr/net/Corp/CoImage/LogoView?FN=2026\3\GJ_CoLogo_22302337.png?639084112890000000,김창한,2007년,PUBG: 배틀그라운드,
284370,[Studio Support Div.] Studio Relationship Manager (3-6년 / 계약직),(주)크래프톤,22302337,경력3년↑ ,학력무관,계약직,채용시,사업기획(국내),사업기획(국내),https://file.gamejob.co.kr/net/Corp/CoImage/LogoView?FN=2026\3\GJ_CoLogo_22302337.png?639084112890000000,김창한,2007년,PUBG: 배틀그라운드,
284368,[Finance Div.] 공시/주주총회 담당 (1년 이상 / 계약직),(주)크래프톤,22302337,경력1년↑ ,학력무관,계약직,채용시,사무·회계,사무·회계;재무;회계;세무,https://file.gamejob.co.kr/net/Corp/CoImage/LogoView?FN=2026\3\GJ_CoLogo_22302337.png?639084112890000000,김창한,2007년,PUBG: 배틀그라운드,
284377,[PUBG Franchise] PUBG BATTLEGROUNDS Global Marketer (1-3년 / 계약직),(주)크래프톤,22302337,경력1년↑ ,학력무관,계약직,채용시,마케팅,마케팅;해외 마케팅,https://file.gamejob.co.kr/net/Corp/CoImage/LogoView?FN=2026\3\GJ_CoLogo_22302337.png?639084112890000000,김창한,2007년,PUBG: 배틀그라운드,
284378,[NC]글로벌 신규시장 발굴 및 사업PM,NC,11525247,경력3년↑ ,,정규직,~10/25,사업기획(해외),사업기획(해외);사업관리;리서치,https://file.gamejob.co.kr/net/Corp/CoImage/LogoView?FN=2022\11\GJ_CoLogo_11525247.jpg?639213837730000000,"김택진, 박병무",1997년,"리니지, 리니지Ⅱ, AION 등",
284375,[NC][NextAction] 배경 에셋 제작 아티스트 모집,NC,11525247,경력2년↑ ,학력무관,정규직,~09/21,모델링,모델링;엔진,https://file.gamejob.co.kr/net/Corp/CoImage/LogoView?FN=2022\11\GJ_CoLogo_11525247.jpg?639213837730000000,"김택진, 박병무",1997년,"리니지, 리니지Ⅱ, AION 등",
283604,’세븐나이츠키우기’  시스템/컨텐츠 기획자 모집,넷마블넥서스,33563803,경력무관,학력무관,정규직,채용시,게임개발(모바일),게임개발(모바일);게임기획,https://file.gamejob.co.kr/net/Corp/CoImage/LogoView?FN=2021\1\GJ_CoLogo_33563803.png?638905077200000000,"김정민, 배경태",2013년,"세븐나이츠, 세븐나이츠2, 세븐나이츠 레볼루션, 세븐나이츠 키우기",
284367,[미래시] 연출 애니메이터,㈜컨트롤나인,41909341,경력3년↑ ,학력무관,정규직,~09/30,애니메이션,애니메이션;이펙트·FX;영상제작·편집,https://file.gamejob.co.kr/net/Corp/CoImage/LogoView?FN=2026\3\GJ_CoLogo_41909341.png?639092639420000000,"조순구, 권세웅",2023년,미래시: 보이지 않는 미래,
281882,[파이드픽셀즈] 게임 운영 담당자 채용,파이드픽셀즈,43578584,경력무관,학력무관,정규직,채용시,게임운영,게임운영,https://file.gamejob.co.kr/net/Corp/CoImage/LogoView?FN=2024\4\GJ_CoLogo_43578584.png?639189582690000000,송영진,2024년,그랑사가 키우기,
283559,[KANA] 전 부문 모집,NX3GAMES,21560497,경력3년↑ ,학력무관,정규직,08/06(목),인터페이스 디자인,인터페이스 디자인;원화;애니메이션;이펙트·FX;게임기획,https://file.gamejob.co.kr/net/Corp/CoImage/LogoView?FN=2022\3\GJ_CoLogo_21560497.jpg?638984564320000000,"최재헌, 최일돈",2017년,"로드나인, AVATARA, 로한M",
284339,[KANA] 개발 PM,NX3GAMES,21560497,경력5년↑ ,학력무관,정규직,채용시,게임개발(모바일),게임개발(모바일);애니메이션;이펙트·FX;게임기획,https://file.gamejob.co.kr/net/Corp/CoImage/LogoView?FN=2022\3\GJ_CoLogo_21560497.jpg?638984564320000000,"최재헌, 최일돈",2017년,"로드나인, AVATARA, 로한M",
284337,[슈터본부] 슈터플랫폼실 웹 애플리케이션 엔지니어,넥슨,11527672,경력4년↑ ,학력무관,정규직,4일 전,게임개발(클라이언트),게임개발(클라이언트);게임개발(모바일),https://file.gamejob.co.kr/net/Corp/CoImage/LogoView?FN=2013\8\GJ_Co_nexonhr.jpg?638537985480000000,강대현·김정욱,1994년,"메이플스토리, 던전앤파이터, 카트라이더, 마비노기",
284335,[빈딕투스 디파잉 페이트] 글로벌 마케터,넥슨,11527672,경력5년↑ ,학력무관,정규직,4일 전,사업기획(해외),사업기획(해외);해외 마케팅,https://file.gamejob.co.kr/net/Corp/CoImage/LogoView?FN=2013\8\GJ_Co_nexonhr.jpg?638537985480000000,강대현·김정욱,1994년,"메이플스토리, 던전앤파이터, 카트라이더, 마비노기",
284333,[프로젝트 BB] 월드 빌더,딜로퀘스트,50204664,경력3년↑ ,,정규직,4일 전,인터페이스 디자인,인터페이스 디자인;모델링,https://file.gamejob.co.kr/net/Corp/CoImage/LogoView?FN=2026\6\GJ_CoLogo_50204664.jpg?639179117090000000,김종율,2025년,-,
282900,[OUTANT] 전 부문 모집,NX3GAMES,21560497,경력3년↑ ,학력무관,정규직,채용시,게임개발(클라이언트),게임개발(클라이언트);인터페이스 디자인;원화;애니메이션;게임기획,https://file.gamejob.co.kr/net/Corp/CoImage/LogoView?FN=2022\3\GJ_CoLogo_21560497.jpg?638984564320000000,"최재헌, 최일돈",2017년,"로드나인, AVATARA, 로한M",
284319,[프로젝트S] 콘텐츠 기획자 모집,라이온하트스튜디오,27153410,경력3년↑ ,학력무관,정규직,채용시,게임개발(모바일),게임개발(모바일);게임기획,https://file.gamejob.co.kr/net/Corp/CoImage/LogoView?FN=2019\2\GJ_Co_lion0510.jpg?638997552230000000,김재영,2018년,오딘: 발할라 라이징,
284318,[프로젝트S] 시스템 기획자 모집,라이온하트스튜디오,27153410,경력3년↑ ,학력무관,정규직,채용시,게임개발(모바일),게임개발(모바일);게임기획,https://file.gamejob.co.kr/net/Corp/CoImage/LogoView?FN=2019\2\GJ_Co_lion0510.jpg?638997552230000000,김재영,2018년,오딘: 발할라 라이징,
284323,[Publishing Services Management Div.] 글로벌 라이브 서비스 운영 담당자 (5년 이상),(주)크래프톤,22302337,경력5년↑ ,학력무관,정규직,채용시,사업기획(국내),사업기획(국내),https://file.gamejob.co.kr/net/Corp/CoImage/LogoView?FN=2026\3\GJ_CoLogo_22302337.png?639084112890000000,김창한,2007년,PUBG: 배틀그라운드,
284320,[AA 스튜디오] 스파인 애니메이터,㈜넥슨게임즈,13488254,경력3년↑ ,학력무관,정규직,채용시,애니메이션,애니메이션,https://file.gamejob.co.kr/net/Corp/CoImage/LogoView?FN=2022\4\GJ_CoLogo_13488254.png?638749795300000000,박용현,2013년,"히트2, 블루아카이브, 서든어택, V4",
284308,[AI센터] AI 게임/서비스 프로덕트 및 품질관리 담당,스마일게이트,18140850,경력무관,학력무관,정규직,채용시,게임AI 개발,게임AI 개발,https://file.gamejob.co.kr/net/Corp/CoImage/LogoView?FN=2026\1\GJ_CoLogo_18140850.png?639029622750000000,성준호,2011년,"LOST ARK, LOST ARK Mobile",
284306,[LOST ARK] 시나리오기획 담당,스마일게이트,18140850,경력2년↑ ,학력무관,정규직,채용시,게임기획,게임기획,https://file.gamejob.co.kr/net/Corp/CoImage/LogoView?FN=2026\1\GJ_CoLogo_18140850.png?639029622750000000,성준호,2011년,"LOST ARK, LOST ARK Mobile",
284305,[LOST ARK Mobile] 퀘스트기획 담당 모집,스마일게이트,18140850,경력5년↑ ,학력무관,정규직,채용시,게임기획,게임기획,https://file.gamejob.co.kr/net/Corp/CoImage/LogoView?FN=2026\1\GJ_CoLogo_18140850.png?639029622750000000,성준호,2011년,"LOST ARK, LOST ARK Mobile",
284303,[LOST ARK Mobile] 개발QA 담당 모집,스마일게이트,18140850,경력1년↑ ,학력무관,정규직,채용시,QA·테스터,QA·테스터,https://file.gamejob.co.kr/net/Corp/CoImage/LogoView?FN=2026\1\GJ_CoLogo_18140850.png?639029622750000000,성준호,2011년,"LOST ARK, LOST ARK Mobile",
284300,[LOST ARK] 게임 데이터 엔지니어 담당 모집 (플랫폼개발),스마일게이트,18140850,경력3년↑ ,학력무관,정규직,채용시,플랫폼 개발,플랫폼 개발,https://file.gamejob.co.kr/net/Corp/CoImage/LogoView?FN=2026\1\GJ_CoLogo_18140850.png?639029622750000000,성준호,2011년,"LOST ARK, LOST ARK Mobile",
284299,[LOST ARK] 게임 데이터엔지니어 담당 모집,스마일게이트,18140850,경력무관,학력무관,정규직,채용시,플랫폼 개발,플랫폼 개발,https://file.gamejob.co.kr/net/Corp/CoImage/LogoView?FN=2026\1\GJ_CoLogo_18140850.png?639029622750000000,성준호,2011년,"LOST ARK, LOST ARK Mobile",
284297,[LOST ARK Mobile] 개발PM 담당 모집,스마일게이트,18140850,경력4년↑ ,학력무관,정규직,채용시,게임기획,게임기획,https://file.gamejob.co.kr/net/Corp/CoImage/LogoView?FN=2026\1\GJ_CoLogo_18140850.png?639029622750000000,성준호,2011년,"LOST ARK, LOST ARK Mobile",
284287,[LOST ARK] UI디자인 담당 모집,스마일게이트,18140850,경력무관,학력무관,정규직,채용시,인터페이스 디자인,인터페이스 디자인,https://file.gamejob.co.kr/net/Corp/CoImage/LogoView?FN=2026\1\GJ_CoLogo_18140850.png?639029622750000000,성준호,2011년,"LOST ARK, LOST ARK Mobile",
284293,[LOST ARK] UI기획 담당 모집,스마일게이트,18140850,경력2년↑ ,학력무관,정규직,채용시,게임기획,게임기획,https://file.gamejob.co.kr/net/Corp/CoImage/LogoView?FN=2026\1\GJ_CoLogo_18140850.png?639029622750000000,성준호,2011년,"LOST ARK, LOST ARK Mobile",
284294,[LOST ARK Mobile] UI 위젯제작 담당,스마일게이트,18140850,경력5년↑ ,학력무관,정규직,채용시,인터페이스 디자인,인터페이스 디자인,https://file.gamejob.co.kr/net/Corp/CoImage/LogoView?FN=2026\1\GJ_CoLogo_18140850.png?639029622750000000,성준호,2011년,"LOST ARK, LOST ARK Mobile",
284295,[LOST ARK Mobile] UI아트 담당,스마일게이트,18140850,경력5년↑ ,학력무관,정규직,채용시,인터페이스 디자인,인터페이스 디자인,https://file.gamejob.co.kr/net/Corp/CoImage/LogoView?FN=2026\1\GJ_CoLogo_18140850.png?639029622750000000,성준호,2011년,"LOST ARK, LOST ARK Mobile",
284296,[LOST ARK Mobile] UI/UX기획 담당,스마일게이트,18140850,경력5년↑ ,학력무관,정규직,채용시,게임기획,게임기획,https://file.gamejob.co.kr/net/Corp/CoImage/LogoView?FN=2026\1\GJ_CoLogo_18140850.png?639029622750000000,성준호,2011년,"LOST ARK, LOST ARK Mobile",
284276,[LOST ARK Mobile] 배경원화(컨셉) 담당 모집,스마일게이트,18140850,경력3년↑ ,학력무관,정규직,채용시,원화,원화,https://file.gamejob.co.kr/net/Corp/CoImage/LogoView?FN=2026\1\GJ_CoLogo_18140850.png?639029622750000000,성준호,2011년,"LOST ARK, LOST ARK Mobile",
284277,[LOST ARK Mobile] 배경 프랍 3D모델링(제작) 담당 모집,스마일게이트,18140850,경력3년↑ ,학력무관,정규직,채용시,모델링,모델링,https://file.gamejob.co.kr/net/Corp/CoImage/LogoView?FN=2026\1\GJ_CoLogo_18140850.png?639029622750000000,성준호,2011년,"LOST ARK, LOST ARK Mobile",
284278,[LOST ARK Mobile] 캐릭터3D모델링(제작) 담당 모집,스마일게이트,18140850,경력5년↑ ,학력무관,정규직,채용시,모델링,모델링,https://file.gamejob.co.kr/net/Corp/CoImage/LogoView?FN=2026\1\GJ_CoLogo_18140850.png?639029622750000000,성준호,2011년,"LOST ARK, LOST ARK Mobile",
284279,[LOST ARK Mobile] 캐릭터3D모델링(제작) 담당 (계약직),스마일게이트,18140850,경력무관,학력무관,계약직,채용시,모델링,모델링,https://file.gamejob.co.kr/net/Corp/CoImage/LogoView?FN=2026\1\GJ_CoLogo_18140850.png?639029622750000000,성준호,2011년,"LOST ARK, LOST ARK Mobile",
284280,[LOST ARK Mobile] 캐릭터컨셉(원화) 담당 모집,스마일게이트,18140850,경력3년↑ ,학력무관,정규직,채용시,원화,원화,https://file.gamejob.co.kr/net/Corp/CoImage/LogoView?FN=2026\1\GJ_CoLogo_18140850.png?639029622750000000,성준호,2011년,"LOST ARK, LOST ARK Mobile",
284281,[LOST ARK Mobile] 캐릭터컨셉(원화) 담당 모집 (계약직),스마일게이트,18140850,경력무관,학력무관,계약직,채용시,원화,원화,https://file.gamejob.co.kr/net/Corp/CoImage/LogoView?FN=2026\1\GJ_CoLogo_18140850.png?639029622750000000,성준호,2011년,"LOST ARK, LOST ARK Mobile",
284275,[LOST ARK Mobile] 이펙트 담당 모집,스마일게이트,18140850,경력3년↑ ,학력무관,정규직,채용시,이펙트·FX,이펙트·FX,https://file.gamejob.co.kr/net/Corp/CoImage/LogoView?FN=2026\1\GJ_CoLogo_18140850.png?639029622750000000,성준호,2011년,"LOST ARK, LOST ARK Mobile",
284286,[LOST ARK Mobile] 연출 담당 모집,스마일게이트,18140850,경력3년↑ ,학력무관,정규직,채용시,영상제작·편집,영상제작·편집,https://file.gamejob.co.kr/net/Corp/CoImage/LogoView?FN=2026\1\GJ_CoLogo_18140850.png?639029622750000000,성준호,2011년,"LOST ARK, LOST ARK Mobile",
284285,[LOST ARK Mobile] 시네마틱 애니메이션 담당,스마일게이트,18140850,경력3년↑ ,학력무관,정규직,채용시,애니메이션,애니메이션,https://file.gamejob.co.kr/net/Corp/CoImage/LogoView?FN=2026\1\GJ_CoLogo_18140850.png?639029622750000000,성준호,2011년,"LOST ARK, LOST ARK Mobile",
284274,[LOST ARK Mobile] 애니메이션 담당,스마일게이트,18140850,경력5년↑ ,학력무관,정규직,채용시,애니메이션,애니메이션,https://file.gamejob.co.kr/net/Corp/CoImage/LogoView?FN=2026\1\GJ_CoLogo_18140850.png?639029622750000000,성준호,2011년,"LOST ARK, LOST ARK Mobile",
284284,[LOST ARK Mobile] TA 담당 모집,스마일게이트,18140850,경력3년↑ ,학력무관,정규직,채용시,이펙트·FX,이펙트·FX,https://file.gamejob.co.kr/net/Corp/CoImage/LogoView?FN=2026\1\GJ_CoLogo_18140850.png?639029622750000000,성준호,2011년,"LOST ARK, LOST ARK Mobile",
284283,[LOST ARK Mobile] 캐릭터 리깅 담당 (계약직),스마일게이트,18140850,경력무관,학력무관,계약직,채용시,애니메이션,애니메이션,https://file.gamejob.co.kr/net/Corp/CoImage/LogoView?FN=2026\1\GJ_CoLogo_18140850.png?639029622750000000,성준호,2011년,"LOST ARK, LOST ARK Mobile",
284263,[LOST ARK Mobile] 캐릭터 리깅 담당,스마일게이트,18140850,경력무관,학력무관,정규직,채용시,애니메이션,애니메이션,https://file.gamejob.co.kr/net/Corp/CoImage/LogoView?FN=2026\1\GJ_CoLogo_18140850.png?639029622750000000,성준호,2011년,"LOST ARK, LOST ARK Mobile",
284273,[LOST ARK Mobile] 태국어 현지화 담당 (계약직),스마일게이트,18140850,경력무관,학력무관,계약직,채용시,사업기획(해외),사업기획(해외);사업관리;번역,https://file.gamejob.co.kr/net/Corp/CoImage/LogoView?FN=2026\1\GJ_CoLogo_18140850.png?639029622750000000,성준호,2011년,"LOST ARK, LOST ARK Mobile",
284266,[LOST ARK Mobile] 프랑스어 현지화 담당 (계약직),스마일게이트,18140850,경력무관,학력무관,계약직,채용시,사업기획(해외),사업기획(해외);사업관리;번역,https://file.gamejob.co.kr/net/Corp/CoImage/LogoView?FN=2026\1\GJ_CoLogo_18140850.png?639029622750000000,성준호,2011년,"LOST ARK, LOST ARK Mobile",
284267,[LOST ARK Mobile] 독일어 현지화 담당 (계약직),스마일게이트,18140850,경력무관,학력무관,계약직,채용시,사업기획(해외),사업기획(해외);사업관리;번역,https://file.gamejob.co.kr/net/Corp/CoImage/LogoView?FN=2026\1\GJ_CoLogo_18140850.png?639029622750000000,성준호,2011년,"LOST ARK, LOST ARK Mobile",
284268,[LOST ARK Mobile] 중남미 스페인어 현지화 담당 (계약직),스마일게이트,18140850,경력무관,학력무관,계약직,채용시,사업기획(해외),사업기획(해외);사업관리;번역,https://file.gamejob.co.kr/net/Corp/CoImage/LogoView?FN=2026\1\GJ_CoLogo_18140850.png?639029622750000000,성준호,2011년,"LOST ARK, LOST ARK Mobile",
284269,[LOST ARK Mobile] 인도네시아어 현지화 담당 (계약직),스마일게이트,18140850,경력무관,학력무관,계약직,채용시,사업기획(해외),사업기획(해외);사업관리;번역,https://file.gamejob.co.kr/net/Corp/CoImage/LogoView?FN=2026\1\GJ_CoLogo_18140850.png?639029622750000000,성준호,2011년,"LOST ARK, LOST ARK Mobile",
284271,[LOST ARK Mobile] 브라질 포르투갈어 현지화 담당 (계약직),스마일게이트,18140850,경력무관,학력무관,계약직,채용시,사업기획(해외),사업기획(해외);사업관리;번역,https://file.gamejob.co.kr/net/Corp/CoImage/LogoView?FN=2026\1\GJ_CoLogo_18140850.png?639029622750000000,성준호,2011년,"LOST ARK, LOST ARK Mobile",
284272,[LOST ARK Mobile] 일본어 현지화 담당 (계약직),스마일게이트,18140850,경력무관,학력무관,계약직,채용시,사업기획(해외),사업기획(해외);사업관리;번역,https://file.gamejob.co.kr/net/Corp/CoImage/LogoView?FN=2026\1\GJ_CoLogo_18140850.png?639029622750000000,성준호,2011년,"LOST ARK, LOST ARK Mobile",
284265,[LOST ARK Mobile] 중국어(간체) 현지화 담당 (계약직),스마일게이트,18140850,경력무관,학력무관,계약직,채용시,사업기획(해외),사업기획(해외);사업관리;번역,https://file.gamejob.co.kr/net/Corp/CoImage/LogoView?FN=2026\1\GJ_CoLogo_18140850.png?639029622750000000,성준호,2011년,"LOST ARK, LOST ARK Mobile",
284264,[LOST ARK Mobile] 중국어(번체) 현지화 담당 (계약직),스마일게이트,18140850,경력무관,학력무관,계약직,채용시,사업기획(해외),사업기획(해외);사업관리;번역,https://file.gamejob.co.kr/net/Corp/CoImage/LogoView?FN=2026\1\GJ_CoLogo_18140850.png?639029622750000000,성준호,2011년,"LOST ARK, LOST ARK Mobile",
284292,[라인게임즈] 보안 전략 담당자 모집,라인게임즈㈜,22052046,경력3년↑ ,학력무관,정규직,~09/11,보안,보안,https://file.gamejob.co.kr/net/Corp/CoImage/LogoView?FN=2019\7\GJ_CoLogo_22052046.png?639231644240000000,배영진,2012년,"창세기전 모바일, 대항해시대오리진, 언디셈버",
284270,[던전앤파이터 아라드] 전투 디자이너,㈜넥슨게임즈,13488254,경력8년↑ ,학력무관,정규직,채용시,게임기획,게임기획,https://file.gamejob.co.kr/net/Corp/CoImage/LogoView?FN=2022\4\GJ_CoLogo_13488254.png?638749795300000000,박용현,2013년,"히트2, 블루아카이브, 서든어택, V4",
283868,[Project EA] 배경 원화가,㈜에이버튼,43885377,경력3년↑ ,학력무관,정규직,채용시,원화,원화,https://file.gamejob.co.kr/net/Corp/CoImage/LogoView?FN=2024\7\GJ_CoLogo_43885377.png?639195595910000000,김대훤,2024년,"제우스, 건즈앤드래곤즈, EA",
284253,[프로젝트O] 클라이언트 프로그래머 모집,라이온하트스튜디오,27153410,경력1년↑ ,학력무관,정규직,채용시,게임개발(클라이언트),게임개발(클라이언트),https://file.gamejob.co.kr/net/Corp/CoImage/LogoView?FN=2019\2\GJ_Co_lion0510.jpg?638997552230000000,김재영,2018년,오딘: 발할라 라이징,
281161,[KANA] 연출 애니메이터,NX3GAMES,21560497,경력8년↑ ,학력무관,정규직,채용시,게임개발(모바일),게임개발(모바일);인터페이스 디자인;모델링;애니메이션;이펙트·FX,https://file.gamejob.co.kr/net/Corp/CoImage/LogoView?FN=2022\3\GJ_CoLogo_21560497.jpg?638984564320000000,"최재헌, 최일돈",2017년,"로드나인, AVATARA, 로한M",
281162,[KANA] 3D 캐릭터 애니메이터,NX3GAMES,21560497,경력5년↑ ,학력무관,정규직,채용시,게임개발(모바일),게임개발(모바일);인터페이스 디자인;모델링;애니메이션;이펙트·FX,https://file.gamejob.co.kr/net/Corp/CoImage/LogoView?FN=2022\3\GJ_CoLogo_21560497.jpg?638984564320000000,"최재헌, 최일돈",2017년,"로드나인, AVATARA, 로한M",
281168,[로드나인] 전 부문 모집,NX3GAMES,21560497,경력3년↑ ,학력무관,정규직,채용시,게임개발(클라이언트),게임개발(클라이언트);원화;모델링;애니메이션;게임기획,https://file.gamejob.co.kr/net/Corp/CoImage/LogoView?FN=2022\3\GJ_CoLogo_21560497.jpg?638984564320000000,"최재헌, 최일돈",2017년,"로드나인, AVATARA, 로한M",
281604,[개발실] 비주얼팀 캐릭터 모델링 파트,NX3GAMES,21560497,경력3년↑ ,학력무관,정규직,채용시,게임AI 개발,게임AI 개발;모델링;이펙트·FX,https://file.gamejob.co.kr/net/Corp/CoImage/LogoView?FN=2022\3\GJ_CoLogo_21560497.jpg?638984564320000000,"최재헌, 최일돈",2017년,"로드나인, AVATARA, 로한M",
281974,[개발실] 모션 캡쳐 운용 담당,NX3GAMES,21560497,경력1년↑ ,학력무관,정규직,06/26(금),게임개발(모바일),게임개발(모바일);모델링;애니메이션;이펙트·FX;게임기획,https://file.gamejob.co.kr/net/Corp/CoImage/LogoView?FN=2022\3\GJ_CoLogo_21560497.jpg?638984564320000000,"최재헌, 최일돈",2017년,"로드나인, AVATARA, 로한M",
281975,[로드나인] 캐릭터 모델러,NX3GAMES,21560497,경력4년↑ ,학력무관,정규직,06/26(금),원화,원화;모델링;애니메이션;이펙트·FX,https://file.gamejob.co.kr/net/Corp/CoImage/LogoView?FN=2022\3\GJ_CoLogo_21560497.jpg?638984564320000000,"최재헌, 최일돈",2017년,"로드나인, AVATARA, 로한M",
282887,[로드나인] 서버 프로그래머,NX3GAMES,21560497,경력4년↑ ,학력무관,정규직,채용시,게임개발(클라이언트),게임개발(클라이언트);게임개발(모바일);게임기획;서버;네트워크,https://file.gamejob.co.kr/net/Corp/CoImage/LogoView?FN=2022\3\GJ_CoLogo_21560497.jpg?638984564320000000,"최재헌, 최일돈",2017년,"로드나인, AVATARA, 로한M",
282906,[OUTANT] 전투 기획,NX3GAMES,21560497,경력3년↑ ,학력무관,정규직,채용시,게임개발(모바일),게임개발(모바일);게임기획,https://file.gamejob.co.kr/net/Corp/CoImage/LogoView?FN=2022\3\GJ_CoLogo_21560497.jpg?638984564320000000,"최재헌, 최일돈",2017년,"로드나인, AVATARA, 로한M",
283102,[OUTANT] 애니메이터,NX3GAMES,21560497,경력3년↑ ,학력무관,정규직,07/27(월),인터페이스 디자인,인터페이스 디자인;원화;애니메이션;이펙트·FX,https://file.gamejob.co.kr/net/Corp/CoImage/LogoView?FN=2022\3\GJ_CoLogo_21560497.jpg?638984564320000000,"최재헌, 최일돈",2017년,"로드나인, AVATARA, 로한M",
283473,[KANA] 컨텐츠 기획,NX3GAMES,21560497,경력3년↑ ,학력무관,정규직,08/04(화),게임개발(모바일),게임개발(모바일);게임기획,https://file.gamejob.co.kr/net/Corp/CoImage/LogoView?FN=2022\3\GJ_CoLogo_21560497.jpg?638984564320000000,"최재헌, 최일돈",2017년,"로드나인, AVATARA, 로한M",
283689,[OUTANT] 서버 프로그래머,NX3GAMES,21560497,경력5년↑ ,학력무관,정규직,08/11(화),서버,서버;네트워크,https://file.gamejob.co.kr/net/Corp/CoImage/LogoView?FN=2022\3\GJ_CoLogo_21560497.jpg?638984564320000000,"최재헌, 최일돈",2017년,"로드나인, AVATARA, 로한M",
283691,[OUTANT] 클라이언트 컨텐츠 프로그래머,NX3GAMES,21560497,경력5년↑ ,학력무관,정규직,08/11(화),엔진,엔진;시스템·DB,https://file.gamejob.co.kr/net/Corp/CoImage/LogoView?FN=2022\3\GJ_CoLogo_21560497.jpg?638984564320000000,"최재헌, 최일돈",2017년,"로드나인, AVATARA, 로한M",
283693,[OUTANT] 클라이언트 전투 프로그래머,NX3GAMES,21560497,경력5년↑ ,학력무관,정규직,08/11(화),게임기획,게임기획;엔진;시스템·DB,https://file.gamejob.co.kr/net/Corp/CoImage/LogoView?FN=2022\3\GJ_CoLogo_21560497.jpg?638984564320000000,"최재헌, 최일돈",2017년,"로드나인, AVATARA, 로한M",
283947,[개발실] 전 부문 모집,NX3GAMES,21560497,경력무관,학력무관,정규직,08/18(화),게임개발(모바일),게임개발(모바일);게임AI 개발;원화;모델링;플랫폼 개발,https://file.gamejob.co.kr/net/Corp/CoImage/LogoView?FN=2022\3\GJ_CoLogo_21560497.jpg?638984564320000000,"최재헌, 최일돈",2017년,"로드나인, AVATARA, 로한M",
283970,[로드나인] 3D 애니메이터,NX3GAMES,21560497,경력4년↑ ,학력무관,정규직,채용시,모델링,모델링;애니메이션,https://file.gamejob.co.kr/net/Corp/CoImage/LogoView?FN=2022\3\GJ_CoLogo_21560497.jpg?638984564320000000,"최재헌, 최일돈",2017년,"로드나인, AVATARA, 로한M",
283971,[OUTANT] 레벨 기획,NX3GAMES,21560497,경력3년↑ ,학력무관,정규직,채용시,게임개발(모바일),게임개발(모바일);게임기획,https://file.gamejob.co.kr/net/Corp/CoImage/LogoView?FN=2022\3\GJ_CoLogo_21560497.jpg?638984564320000000,"최재헌, 최일돈",2017년,"로드나인, AVATARA, 로한M",
283973,[OUTANT] 시스템 기획,NX3GAMES,21560497,경력3년↑ ,학력무관,정규직,채용시,게임개발(모바일),게임개발(모바일);인터페이스 디자인;게임기획,https://file.gamejob.co.kr/net/Corp/CoImage/LogoView?FN=2022\3\GJ_CoLogo_21560497.jpg?638984564320000000,"최재헌, 최일돈",2017년,"로드나인, AVATARA, 로한M",
283974,[OUTANT] 컨텐츠 기획,NX3GAMES,21560497,경력3년↑ ,학력무관,정규직,채용시,게임개발(모바일),게임개발(모바일);인터페이스 디자인;게임기획,https://file.gamejob.co.kr/net/Corp/CoImage/LogoView?FN=2022\3\GJ_CoLogo_21560497.jpg?638984564320000000,"최재헌, 최일돈",2017년,"로드나인, AVATARA, 로한M",
283975,[OUTANT] 시나리오 기획,NX3GAMES,21560497,경력3년↑ ,학력무관,정규직,채용시,게임개발(모바일),게임개발(모바일);인터페이스 디자인;게임기획,https://file.gamejob.co.kr/net/Corp/CoImage/LogoView?FN=2022\3\GJ_CoLogo_21560497.jpg?638984564320000000,"최재헌, 최일돈",2017년,"로드나인, AVATARA, 로한M",
283238,[CROSSFIRE] 라이브 개발 클라이언트 담당 (시스템) 모집,스마일게이트,23947670,경력무관,학력무관,정규직,~09/30,게임개발(클라이언트),게임개발(클라이언트),https://file.gamejob.co.kr/net/Corp/CoImage/LogoView?FN=2026\1\GJ_CoLogo_23947670.png?639035719800000000,성준호,2002년,"크로스파이어, CFHD",
283255,[차세대 게임] 머트리얼 TA 담당 모집,스마일게이트,23947670,경력5년↑ ,학력무관,정규직,~09/30,이펙트·FX,이펙트·FX;엔진,https://file.gamejob.co.kr/net/Corp/CoImage/LogoView?FN=2026\1\GJ_CoLogo_23947670.png?639035719800000000,성준호,2002년,"크로스파이어, CFHD",
283250,[Crossfire2] 애니메이션 담당 모집,스마일게이트,23947670,경력5년↑ ,학력무관,정규직,~09/30,애니메이션,애니메이션,https://file.gamejob.co.kr/net/Corp/CoImage/LogoView?FN=2026\1\GJ_CoLogo_23947670.png?639035719800000000,성준호,2002년,"크로스파이어, CFHD",
283246,[CROSSFIRE] 중국 서비스 PM 담당 모집,스마일게이트,23947670,경력5년↑ ,,정규직,~09/30,사업기획(해외),사업기획(해외);사업관리,https://file.gamejob.co.kr/net/Corp/CoImage/LogoView?FN=2026\1\GJ_CoLogo_23947670.png?639035719800000000,성준호,2002년,"크로스파이어, CFHD",
283245,[차세대 게임] NPC 전투기획 담당,스마일게이트,23947670,경력3년↑ ,학력무관,정규직,~09/30,게임기획,게임기획,https://file.gamejob.co.kr/net/Corp/CoImage/LogoView?FN=2026\1\GJ_CoLogo_23947670.png?639035719800000000,성준호,2002년,"크로스파이어, CFHD",
283244,[CROSSFIRE] Test Engineer 담당 (계약직) 모집,스마일게이트,23947670,신입,학력무관,계약직,~09/30,QA·테스터,QA·테스터,https://file.gamejob.co.kr/net/Corp/CoImage/LogoView?FN=2026\1\GJ_CoLogo_23947670.png?639035719800000000,성준호,2002년,"크로스파이어, CFHD",
283243,[CROSSFIRE] 배경모델링 담당 모집,스마일게이트,23947670,경력8년↑ ,학력무관,정규직,~09/30,모델링,모델링,https://file.gamejob.co.kr/net/Corp/CoImage/LogoView?FN=2026\1\GJ_CoLogo_23947670.png?639035719800000000,성준호,2002년,"크로스파이어, CFHD",
283241,[샌드박스] 클라이언트 담당 모집,스마일게이트,23947670,경력10년↑ ,,정규직,~09/30,게임개발(클라이언트),게임개발(클라이언트),https://file.gamejob.co.kr/net/Corp/CoImage/LogoView?FN=2026\1\GJ_CoLogo_23947670.png?639035719800000000,성준호,2002년,"크로스파이어, CFHD",
283240,[Crossfire2] 캐릭터모델링 담당 모집,스마일게이트,23947670,경력5년↑ ,,정규직,~09/30,모델링,모델링,https://file.gamejob.co.kr/net/Corp/CoImage/LogoView?FN=2026\1\GJ_CoLogo_23947670.png?639035719800000000,성준호,2002년,"크로스파이어, CFHD",
283239,[차세대 게임] UE5 엔진 클라이언트 담당 모집,스마일게이트,23947670,경력5년↑ ,학력무관,정규직,~09/30,게임개발(클라이언트),게임개발(클라이언트),https://file.gamejob.co.kr/net/Corp/CoImage/LogoView?FN=2026\1\GJ_CoLogo_23947670.png?639035719800000000,성준호,2002년,"크로스파이어, CFHD",
283082,[샌드박스] 컨셉 원화 담당,스마일게이트,23947670,경력3년↑ ,학력무관,정규직,~09/30,원화,원화,https://file.gamejob.co.kr/net/Corp/CoImage/LogoView?FN=2026\1\GJ_CoLogo_23947670.png?639035719800000000,성준호,2002년,"크로스파이어, CFHD",
282931,[Crossfire2] 배경모델링 담당 모집,스마일게이트,23947670,경력무관,학력무관,정규직,~09/30,모델링,모델링,https://file.gamejob.co.kr/net/Corp/CoImage/LogoView?FN=2026\1\GJ_CoLogo_23947670.png?639035719800000000,성준호,2002년,"크로스파이어, CFHD",
283256,[샌드박스] 연출/시네마틱 담당 (계약직) 모집,스마일게이트,23947670,경력5년↑ ,,계약직,~09/30,애니메이션,애니메이션;이펙트·FX,https://file.gamejob.co.kr/net/Corp/CoImage/LogoView?FN=2026\1\GJ_CoLogo_23947670.png?639035719800000000,성준호,2002년,"크로스파이어, CFHD",
283257,[샌드박스] 이펙트 담당 모집,스마일게이트,23947670,경력5년↑ ,학력무관,정규직,~09/30,이펙트·FX,이펙트·FX,https://file.gamejob.co.kr/net/Corp/CoImage/LogoView?FN=2026\1\GJ_CoLogo_23947670.png?639035719800000000,성준호,2002년,"크로스파이어, CFHD",
283483,[CROSSFIRE] 캐릭터모델링 담당 모집,스마일게이트,23947670,경력무관,학력무관,정규직,~09/30,모델링,모델링,https://file.gamejob.co.kr/net/Corp/CoImage/LogoView?FN=2026\1\GJ_CoLogo_23947670.png?639035719800000000,성준호,2002년,"크로스파이어, CFHD",
284248,[넥슨코리아] 프라시아 전기 UI 지원 (아르바이트),넥슨,11527672,경력무관,학력무관,아르바이트,채용시,게임기획,게임기획,https://file.gamejob.co.kr/net/Corp/CoImage/LogoView?FN=2013\8\GJ_Co_nexonhr.jpg?638537985480000000,강대현·김정욱,1994년,"메이플스토리, 던전앤파이터, 카트라이더, 마비노기",
283753,[에버플래닛] 신규 클래식 MMORPG 직군별 채용 (신입/경력),러쉬에잇㈜,45873305,신입,학력무관,정규직,채용시,게임개발(클라이언트),게임개발(클라이언트);게임개발(모바일);게임기획;서버;네트워크,https://file.gamejob.co.kr/net/Corp/CoImage/LogoView?FN=2026\5\GJ_CoLogo_45873305.jpg?639221433350000000,이재진,2023년,"아르테일,MapleOrigin, 에버플래닛(개발 중)",
284198,[QA] 클래식 메이플스토리 QA 담당자 (계약직/경력 1년+),러쉬에잇㈜,45873305,경력 1년,학력무관,계약직,채용시,QA·테스터,QA·테스터,https://file.gamejob.co.kr/net/Corp/CoImage/LogoView?FN=2026\5\GJ_CoLogo_45873305.jpg?639221433350000000,이재진,2023년,"아르테일,MapleOrigin, 에버플래닛(개발 중)",
284245,[펄어비스] [인턴십] QA Beginner 인턴십 모집,㈜펄어비스,11533789,신입,학력무관,인턴직,~09/18,QA·테스터,QA·테스터,https://file.gamejob.co.kr/net/Corp/CoImage/LogoView?FN=2019\12\GJ_CoLogo_11533789.png?639167708210000000,허진영,2010년,"검은사막, 붉은사막",
283446,[Onetake Studio] 오리지널IP 신작 콘솔 프로젝트 UI Designer,㈜네오위즈,11526996,경력5년↑ ,학력무관,정규직,채용시,인터페이스 디자인,인터페이스 디자인,https://file.gamejob.co.kr/net/Corp/CoImage/LogoView?FN=2017\4\GJ_Co_neosky.gif?638907938470000000,"김승철, 배태근",2007년,"P의 거짓,고양이와스프,스컬,브라운더스트2,DJMax,A.V.A,피망포커,피망고스톱",
284049,[Onetake Studio] 오리지널IP 신작 콘솔 프로젝트 3D 배경 모델러,㈜네오위즈,11526996,경력무관,학력무관,정규직,채용시,모델링,모델링,https://file.gamejob.co.kr/net/Corp/CoImage/LogoView?FN=2017\4\GJ_Co_neosky.gif?638907938470000000,"김승철, 배태근",2007년,"P의 거짓,고양이와스프,스컬,브라운더스트2,DJMax,A.V.A,피망포커,피망고스톱",
284102,[Onetake Studio] 오리지널IP 신작 콘솔 프로젝트 3D 애니메이터,㈜네오위즈,11526996,경력무관,학력무관,정규직,채용시,애니메이션,애니메이션,https://file.gamejob.co.kr/net/Corp/CoImage/LogoView?FN=2017\4\GJ_Co_neosky.gif?638907938470000000,"김승철, 배태근",2007년,"P의 거짓,고양이와스프,스컬,브라운더스트2,DJMax,A.V.A,피망포커,피망고스톱",
284237,[LOST ARK Mobile] 웹기획 담당,스마일게이트,18140850,경력7년↑ ,학력무관,정규직,채용시,인터페이스 디자인,인터페이스 디자인;플랫폼 디자인;BX·브랜드 디자인;플랫폼 기획,https://file.gamejob.co.kr/net/Corp/CoImage/LogoView?FN=2026\1\GJ_CoLogo_18140850.png?639029622750000000,성준호,2011년,"LOST ARK, LOST ARK Mobile",
284227,게임 QA(4년 이상),슈퍼센트,36674893,경력5년↑ ,학력무관,정규직,채용시,QA·테스터,QA·테스터,https://file.gamejob.co.kr/net/Corp/CoImage/LogoView?FN=2022\2\GJ_CoLogo_36674893.png?639147854180000000,공준식,2021년,"XP Hero, Burger Please!, Pizza Ready!, Snake Clash",
284223,[그라비티] 플랫폼 서비스 클라이언트 개발자 채용,그라비티,11525178,경력7년↑ ,학력무관,정규직,~10/26,게임개발(클라이언트),게임개발(클라이언트);플랫폼 개발,https://file.gamejob.co.kr/net/Corp/CoImage/LogoView?FN=2020\10\GJ_CoLogo_11525178.jpg?639216974770000000,박현철,2000년,"라그나로크 온라인, 라그나로크M, 라그나로크 오리진",
282348,[웹젠] 자금(경력),(주)웹젠,11525476,경력1년↑ ,학력무관,정규직,채용시,재무,재무;회계,https://file.gamejob.co.kr/net/Corp/CoImage/LogoView?FN=2020\11\GJ_CoLogo_11525476.jpg?639231957000000000,김태영,2000년,"뮤 온라인, R2, 샷온라인, 썬 클래식, 뮤 아크엔젤, 뮤 모나크, 뮤:포켓 나이츠",
242587,[퍼스트 디센던트] 전분야 모집,㈜넥슨게임즈,13488254,경력무관,학력무관,정규직,채용시,게임개발(클라이언트),게임개발(클라이언트);모델링;애니메이션;이펙트·FX;게임기획,https://file.gamejob.co.kr/net/Corp/CoImage/LogoView?FN=2022\4\GJ_CoLogo_13488254.png?638749795300000000,박용현,2013년,"히트2, 블루아카이브, 서든어택, V4",
242585,[블루아카이브] 전분야 모집,㈜넥슨게임즈,13488254,경력무관,학력무관,정규직,채용시,게임개발(클라이언트),게임개발(클라이언트);모델링;애니메이션;이펙트·FX;게임기획,https://file.gamejob.co.kr/net/Corp/CoImage/LogoView?FN=2022\4\GJ_CoLogo_13488254.png?638749795300000000,박용현,2013년,"히트2, 블루아카이브, 서든어택, V4",
242584,[DX 스튜디오] 전분야 모집,㈜넥슨게임즈,13488254,경력무관,학력무관,정규직,채용시,게임개발(클라이언트),게임개발(클라이언트);모델링;애니메이션;이펙트·FX;게임기획,https://file.gamejob.co.kr/net/Corp/CoImage/LogoView?FN=2022\4\GJ_CoLogo_13488254.png?638749795300000000,박용현,2013년,"히트2, 블루아카이브, 서든어택, V4",
242612,[던전앤파이터 아라드]  전분야 모집,㈜넥슨게임즈,13488254,경력무관,학력무관,정규직,채용시,게임개발(클라이언트),게임개발(클라이언트);모델링;애니메이션;이펙트·FX;게임기획,https://file.gamejob.co.kr/net/Corp/CoImage/LogoView?FN=2022\4\GJ_CoLogo_13488254.png?638749795300000000,박용현,2013년,"히트2, 블루아카이브, 서든어택, V4",
246514,"[넥슨게임즈] 기획, 프로그래밍, 아트 전분야, PM 모집",㈜넥슨게임즈,13488254,경력무관,학력무관,정규직,채용시,게임개발(클라이언트),게임개발(클라이언트);애니메이션;이펙트·FX;게임기획;서버,https://file.gamejob.co.kr/net/Corp/CoImage/LogoView?FN=2022\4\GJ_CoLogo_13488254.png?638749795300000000,박용현,2013년,"히트2, 블루아카이브, 서든어택, V4",
284219,[Loonshot Games] 콘텐츠 기획 & 외주 관리 (3년-5년),(주)크래프톤,22302337,경력3년↑ ,학력무관,정규직,채용시,게임기획,게임기획;마케팅,https://file.gamejob.co.kr/net/Corp/CoImage/LogoView?FN=2026\3\GJ_CoLogo_22302337.png?639084112890000000,김창한,2007년,PUBG: 배틀그라운드,
283588,[더 스파이크 크로스] 일본어 로컬라이제이션 담당자,선시안 (SUNCYAN In,45766103,경력무관,학력무관,정규직,채용시,게임운영,게임운영;해외 마케팅;번역,https://file.gamejob.co.kr/net/Corp/CoImage/LogoView?FN=2024\11\GJ_CoLogo_45766103.png?639210308180000000,권오준,2022년,더 스파이크 크로스,
283467,[더 스파이크 크로스] 중국어 로컬라이제이션 담당자,선시안 (SUNCYAN In,45766103,경력무관,학력무관,정규직,채용시,게임운영,게임운영;해외 마케팅;번역,https://file.gamejob.co.kr/net/Corp/CoImage/LogoView?FN=2024\11\GJ_CoLogo_45766103.png?639210308180000000,권오준,2022년,더 스파이크 크로스,
283291,[더 스파이크 크로스] UI·UX 디자이너,선시안 (SUNCYAN In,45766103,경력무관,학력무관,정규직,채용시,인터페이스 디자인,인터페이스 디자인;게임기획,https://file.gamejob.co.kr/net/Corp/CoImage/LogoView?FN=2024\11\GJ_CoLogo_45766103.png?639210308180000000,권오준,2022년,더 스파이크 크로스,
283292,[더 스파이크 크로스] VFX 디자이너,선시안 (SUNCYAN In,45766103,경력무관,학력무관,정규직,채용시,모델링,모델링;애니메이션;이펙트·FX,https://file.gamejob.co.kr/net/Corp/CoImage/LogoView?FN=2024\11\GJ_CoLogo_45766103.png?639210308180000000,권오준,2022년,더 스파이크 크로스,
283290,[더 스파이크 크로스] 원화가,선시안 (SUNCYAN In,45766103,경력무관,학력무관,정규직,채용시,원화,원화;애니메이션;게임기획,https://file.gamejob.co.kr/net/Corp/CoImage/LogoView?FN=2024\11\GJ_CoLogo_45766103.png?639210308180000000,권오준,2022년,더 스파이크 크로스,
283282,[더 스파이크 크로스] (주)선시안 전 직군 채용,선시안 (SUNCYAN In,45766103,경력무관,학력무관,정규직,채용시,게임개발(모바일),게임개발(모바일);원화;영상제작·편집;마케팅;사무·회계,https://file.gamejob.co.kr/net/Corp/CoImage/LogoView?FN=2024\11\GJ_CoLogo_45766103.png?639210308180000000,권오준,2022년,더 스파이크 크로스,
284080,[펄스나인] 배경 컨셉 원화가 (주니어),㈜위메이드,11525585,신입,학력무관,정규직,~09/20,원화,원화,https://file.gamejob.co.kr/net/Corp/CoImage/LogoView?FN=2019\4\GJ_Co_wehr.jpg?638793756090000000,박관호,2000년,"나이트크로우, 미르4, 미르의 전설 2,3 등",
284211,[웹젠레드앤/신규 Project] 서버(신입/경력),(주)웹젠,11525476,신입,학력무관,정규직,채용시,게임개발(클라이언트),게임개발(클라이언트);게임개발(모바일);서버,https://file.gamejob.co.kr/net/Corp/CoImage/LogoView?FN=2020\11\GJ_CoLogo_11525476.jpg?639231957000000000,김태영,2000년,"뮤 온라인, R2, 샷온라인, 썬 클래식, 뮤 아크엔젤, 뮤 모나크, 뮤:포켓 나이츠",
284103,[Onetake Studio] 오리지널IP 신작 콘솔 프로젝트 내러티브 기획자,㈜네오위즈,11526996,경력3년↑ ,학력무관,정규직,채용시,게임기획,게임기획,https://file.gamejob.co.kr/net/Corp/CoImage/LogoView?FN=2017\4\GJ_Co_neosky.gif?638907938470000000,"김승철, 배태근",2007년,"P의 거짓,고양이와스프,스컬,브라운더스트2,DJMax,A.V.A,피망포커,피망고스톱",
284195,[NC][AION2] UI디자이너 모집,NC,11525247,경력5년↑ ,학력무관,정규직,~10/19,게임기획,게임기획,https://file.gamejob.co.kr/net/Corp/CoImage/LogoView?FN=2022\11\GJ_CoLogo_11525247.jpg?639213837730000000,"김택진, 박병무",1997년,"리니지, 리니지Ⅱ, AION 등",
282951,[펄어비스] 게임 번역가 모집,㈜펄어비스,11533789,경력무관,학력무관,계약직,채용시,번역,번역,https://file.gamejob.co.kr/net/Corp/CoImage/LogoView?FN=2019\12\GJ_CoLogo_11533789.png?639167708210000000,허진영,2010년,"검은사막, 붉은사막",
284205,[펄어비스] 게임 번역가 모집 (유럽 스페인어),㈜펄어비스,11533789,경력무관,학력무관,계약직,7일 전,번역,번역,https://file.gamejob.co.kr/net/Corp/CoImage/LogoView?FN=2019\12\GJ_CoLogo_11533789.png?639167708210000000,허진영,2010년,"검은사막, 붉은사막",
284141,[넥슨컴퍼니] 2026 넥토리얼 for Game Programmer,넥슨,11527672,신입,학력무관,인턴직,~09/07,게임개발(클라이언트),게임개발(클라이언트);게임개발(모바일);서버,https://file.gamejob.co.kr/net/Corp/CoImage/LogoView?FN=2013\8\GJ_Co_nexonhr.jpg?638537985480000000,강대현·김정욱,1994년,"메이플스토리, 던전앤파이터, 카트라이더, 마비노기",
283549,[NX 스튜디오] [Project TAL] 레벨 디자이너 모집 (경력),㈜매드엔진,33649396,경력3년↑ ,학력무관,정규직,~10/05,게임개발(모바일),게임개발(모바일);게임기획,https://file.gamejob.co.kr/net/Corp/CoImage/LogoView?FN=2021\2\GJ_CoLogo_33649396.jpg?639205141650000000,"이정욱, 손면석",2020년,나이트 크로우,
283187,[모노 스튜디오][서브컬처 프로젝트] TA 모집 (경력),㈜매드엔진,33649396,경력3년↑ ,학력무관,정규직,~09/28,게임개발(모바일),게임개발(모바일);인터페이스 디자인;애니메이션,https://file.gamejob.co.kr/net/Corp/CoImage/LogoView?FN=2021\2\GJ_CoLogo_33649396.jpg?639205141650000000,"이정욱, 손면석",2020년,나이트 크로우,
283548,[NX 스튜디오] [Project TAL] 퀘스트 디자이너 모집 (경력),㈜매드엔진,33649396,경력3년↑ ,학력무관,정규직,~10/05,게임개발(모바일),게임개발(모바일);게임기획,https://file.gamejob.co.kr/net/Corp/CoImage/LogoView?FN=2021\2\GJ_CoLogo_33649396.jpg?639205141650000000,"이정욱, 손면석",2020년,나이트 크로우,
283183,[모노 스튜디오][서브컬처 프로젝트] 배경 원화 채용 모집 (경력),㈜매드엔진,33649396,경력5년↑ ,학력무관,정규직,~09/28,게임개발(모바일),게임개발(모바일);인터페이스 디자인;원화,https://file.gamejob.co.kr/net/Corp/CoImage/LogoView?FN=2021\2\GJ_CoLogo_33649396.jpg?639205141650000000,"이정욱, 손면석",2020년,나이트 크로우,
283182,[모노 스튜디오] [서브컬처 프로젝트] 2D 액션 콘티 아티스트 모집 (경력),㈜매드엔진,33649396,경력3년↑ ,학력무관,정규직,~09/28,게임개발(모바일),게임개발(모바일);인터페이스 디자인;원화;애니메이션,https://file.gamejob.co.kr/net/Corp/CoImage/LogoView?FN=2021\2\GJ_CoLogo_33649396.jpg?639205141650000000,"이정욱, 손면석",2020년,나이트 크로우,
283148,[매드스튜디오] [나이트크로우 글로벌] 밸런스 디자이너 모집 (경력),㈜매드엔진,33649396,경력2년↑ ,학력무관,계약직,~09/27,게임개발(모바일),게임개발(모바일);게임기획,https://file.gamejob.co.kr/net/Corp/CoImage/LogoView?FN=2021\2\GJ_CoLogo_33649396.jpg?639205141650000000,"이정욱, 손면석",2020년,나이트 크로우,
283916,[NX 스튜디오] [Project TAL] 3D 배경(극 실사) 아티스트 모집,㈜매드엔진,33649396,경력무관,학력무관,정규직,~10/18,인터페이스 디자인,인터페이스 디자인;원화;모델링,https://file.gamejob.co.kr/net/Corp/CoImage/LogoView?FN=2021\2\GJ_CoLogo_33649396.jpg?639205141650000000,"이정욱, 손면석",2020년,나이트 크로우,
284126,[Live-Ops] 게임 기획자(7년 이상),슈퍼센트,36674893,경력7년↑ ,학력무관,정규직,채용시,게임기획,게임기획;사업기획(국내);사업기획(해외);사업관리,https://file.gamejob.co.kr/net/Corp/CoImage/LogoView?FN=2022\2\GJ_CoLogo_36674893.png?639147854180000000,공준식,2021년,"XP Hero, Burger Please!, Pizza Ready!, Snake Clash",
284149,게임 UI/UX 디자이너(5년 이상),슈퍼센트,36674893,경력5년↑ ,학력무관,정규직,채용시,인터페이스 디자인,인터페이스 디자인;모델링;애니메이션;이펙트·FX;플랫폼 디자인,https://file.gamejob.co.kr/net/Corp/CoImage/LogoView?FN=2022\2\GJ_CoLogo_36674893.png?639147854180000000,공준식,2021년,"XP Hero, Burger Please!, Pizza Ready!, Snake Clash",
284150,[Bulldozer Master] 게임 UI/UX 디자이너(5년 이상),슈퍼센트,36674893,경력5년↑ ,학력무관,정규직,채용시,인터페이스 디자인,인터페이스 디자인;모델링;애니메이션;이펙트·FX;플랫폼 디자인,https://file.gamejob.co.kr/net/Corp/CoImage/LogoView?FN=2022\2\GJ_CoLogo_36674893.png?639147854180000000,공준식,2021년,"XP Hero, Burger Please!, Pizza Ready!, Snake Clash",
284155,퍼블리싱 매니저(1년-3년),슈퍼센트,36674893,경력1년↑ ,학력무관,정규직,채용시,사업기획(해외),사업기획(해외);홍보;퍼블리싱;소싱/라이선싱;채널링,https://file.gamejob.co.kr/net/Corp/CoImage/LogoView?FN=2022\2\GJ_CoLogo_36674893.png?639147854180000000,공준식,2021년,"XP Hero, Burger Please!, Pizza Ready!, Snake Clash",
283310,[LOST ARK Mobile] 컨텐츠 레벨기획 담당,스마일게이트,18140850,경력4년↑ ,학력무관,정규직,채용시,게임기획,게임기획,https://file.gamejob.co.kr/net/Corp/CoImage/LogoView?FN=2026\1\GJ_CoLogo_18140850.png?639029622750000000,성준호,2011년,"LOST ARK, LOST ARK Mobile",
284164,[RX 스튜디오] 전분야 모집,㈜넥슨게임즈,13488254,경력무관,학력무관,정규직,채용시,게임개발(클라이언트),게임개발(클라이언트);모델링;애니메이션;이펙트·FX;게임기획,https://file.gamejob.co.kr/net/Corp/CoImage/LogoView?FN=2022\4\GJ_CoLogo_13488254.png?638749795300000000,박용현,2013년,"히트2, 블루아카이브, 서든어택, V4",
284163,[AA 스튜디오] 전분야 모집,㈜넥슨게임즈,13488254,경력무관,학력무관,정규직,채용시,게임개발(클라이언트),게임개발(클라이언트);모델링;애니메이션;이펙트·FX;게임기획,https://file.gamejob.co.kr/net/Corp/CoImage/LogoView?FN=2022\4\GJ_CoLogo_13488254.png?638749795300000000,박용현,2013년,"히트2, 블루아카이브, 서든어택, V4",
284161,[LoreVault][Woochi the Wayfarer] 전분야 모집,㈜넥슨게임즈,13488254,경력무관,학력무관,정규직,채용시,게임개발(클라이언트),게임개발(클라이언트);모델링;애니메이션;이펙트·FX;게임기획,https://file.gamejob.co.kr/net/Corp/CoImage/LogoView?FN=2022\4\GJ_CoLogo_13488254.png?638749795300000000,박용현,2013년,"히트2, 블루아카이브, 서든어택, V4",
283045,[DATA&AI] Data Scientist,㈜베이글코드,13322486,경력2년↑ ,학력무관,정규직,채용시,시스템·DB,시스템·DB;클라우드,https://file.gamejob.co.kr/net/Corp/CoImage/LogoView?FN=2019\1\GJ_Co_bagelcode.jpg?638568253930000000,김준영 윤일환,2012년,"Club Vegas, Jackpotjoy Slots",
283220,좀비고등학교 콘텐츠·시스템 기획자 인재 영입,㈜어썸피스,11533981,경력무관,학력무관,정규직,채용시,게임기획,게임기획,https://file.gamejob.co.kr/net/Corp/CoImage/LogoView?FN=2026\8\GJ_CoLogo_11533981.png?639222156290000000,김재우,2010년,"좀비고등학교. 킹갓캐슬, 엑시스블레이드, 이세카이 게이트",
283219,좀비고등학교 시나리오 기획자 인재 영입,㈜어썸피스,11533981,경력무관,학력무관,정규직,채용시,게임기획,게임기획,https://file.gamejob.co.kr/net/Corp/CoImage/LogoView?FN=2026\8\GJ_CoLogo_11533981.png?639222156290000000,김재우,2010년,"좀비고등학교. 킹갓캐슬, 엑시스블레이드, 이세카이 게이트",
284160,[NC][Project JSY][단기계약직] AAA콘솔 액션RPG 프로젝트 배경 에셋 모델러 모집,NC,11525247,신입,학력무관,계약직,~09/30,원화,원화;모델링;엔진,https://file.gamejob.co.kr/net/Corp/CoImage/LogoView?FN=2022\11\GJ_CoLogo_11525247.jpg?639213837730000000,"김택진, 박병무",1997년,"리니지, 리니지Ⅱ, AION 등",
284158,[NC][단기계약직][AION2] 배경 어셋 제작 아티스트 모집,NC,11525247,신입,학력무관,계약직,~10/20,원화,원화;모델링;엔진,https://file.gamejob.co.kr/net/Corp/CoImage/LogoView?FN=2022\11\GJ_CoLogo_11525247.jpg?639213837730000000,"김택진, 박병무",1997년,"리니지, 리니지Ⅱ, AION 등",
284152,[NC][단기계약직][AION2] 배경 컨셉 아티스트 모집,NC,11525247,신입,학력무관,계약직,~10/20,원화,원화;모델링;BX·브랜드 디자인,https://file.gamejob.co.kr/net/Corp/CoImage/LogoView?FN=2022\11\GJ_CoLogo_11525247.jpg?639213837730000000,"김택진, 박병무",1997년,"리니지, 리니지Ⅱ, AION 등",
284148,[NC][Horizon Steel Frontiers] 3D 메카닉/로봇 컨셉 아티스트 모집,NC,11525247,경력5년↑ ,학력무관,정규직,~10/20,인터페이스 디자인,인터페이스 디자인;원화;모델링,https://file.gamejob.co.kr/net/Corp/CoImage/LogoView?FN=2022\11\GJ_CoLogo_11525247.jpg?639213837730000000,"김택진, 박병무",1997년,"리니지, 리니지Ⅱ, AION 등",
284144,[NC][단기계약직] 권역별 가이드 검증 담당자 모집,NC,11525247,신입,학력무관,계약직,~09/18,정보·빅데이터 분석,정보·빅데이터 분석;리서치;번역,https://file.gamejob.co.kr/net/Corp/CoImage/LogoView?FN=2022\11\GJ_CoLogo_11525247.jpg?639213837730000000,"김택진, 박병무",1997년,"리니지, 리니지Ⅱ, AION 등",
284166,[아르테일/러쉬에잇] 클래식 메이플스토리 직군별 채용 (신입/경력),러쉬에잇㈜,45873305,신입,학력무관,정규직,채용시,게임개발(클라이언트),게임개발(클라이언트);게임개발(모바일);인터페이스 디자인;게임기획;게임운영,https://file.gamejob.co.kr/net/Corp/CoImage/LogoView?FN=2026\5\GJ_CoLogo_45873305.jpg?639221433350000000,이재진,2023년,"아르테일,MapleOrigin, 에버플래닛(개발 중)",
284139,"[NC][단기계약직] [Blade&Soul] 게임 내 아이템, 아이콘 디자이너 모집",NC,11525247,신입,학력무관,계약직,~09/25,인터페이스 디자인,인터페이스 디자인;원화;BX·브랜드 디자인,https://file.gamejob.co.kr/net/Corp/CoImage/LogoView?FN=2022\11\GJ_CoLogo_11525247.jpg?639213837730000000,"김택진, 박병무",1997년,"리니지, 리니지Ⅱ, AION 등",
282331,[웹젠] 로컬라이제이션(포르투갈어)(계약직)(신입/경력),(주)웹젠,11525476,신입,학력무관,계약직,채용시,마케팅,마케팅;홍보;해외 마케팅;번역,https://file.gamejob.co.kr/net/Corp/CoImage/LogoView?FN=2020\11\GJ_CoLogo_11525476.jpg?639231957000000000,김태영,2000년,"뮤 온라인, R2, 샷온라인, 썬 클래식, 뮤 아크엔젤, 뮤 모나크, 뮤:포켓 나이츠",
282330,[웹젠] 로컬라이제이션(스페인어)(계약직)(신입/경력),(주)웹젠,11525476,신입,학력무관,계약직,채용시,마케팅,마케팅;홍보;해외 마케팅;번역,https://file.gamejob.co.kr/net/Corp/CoImage/LogoView?FN=2020\11\GJ_CoLogo_11525476.jpg?639231957000000000,김태영,2000년,"뮤 온라인, R2, 샷온라인, 썬 클래식, 뮤 아크엔젤, 뮤 모나크, 뮤:포켓 나이츠",
282327,[웹젠] 인사(인사제도/인사관리 운영 담당)(경력),(주)웹젠,11525476,경력5년↑ ,학력무관,정규직,채용시,인사,인사,https://file.gamejob.co.kr/net/Corp/CoImage/LogoView?FN=2020\11\GJ_CoLogo_11525476.jpg?639231957000000000,김태영,2000년,"뮤 온라인, R2, 샷온라인, 썬 클래식, 뮤 아크엔젤, 뮤 모나크, 뮤:포켓 나이츠",
282325,[웹젠] 프론트엔드 개발(경력),(주)웹젠,11525476,경력8년↑ ,학력무관,정규직,채용시,플랫폼 개발,플랫폼 개발,https://file.gamejob.co.kr/net/Corp/CoImage/LogoView?FN=2020\11\GJ_CoLogo_11525476.jpg?639231957000000000,김태영,2000년,"뮤 온라인, R2, 샷온라인, 썬 클래식, 뮤 아크엔젤, 뮤 모나크, 뮤:포켓 나이츠",
282324,[웹젠] 웹서비스 개발(경력),(주)웹젠,11525476,경력3년↑ ,학력무관,정규직,채용시,플랫폼 개발,플랫폼 개발;서버,https://file.gamejob.co.kr/net/Corp/CoImage/LogoView?FN=2020\11\GJ_CoLogo_11525476.jpg?639231957000000000,김태영,2000년,"뮤 온라인, R2, 샷온라인, 썬 클래식, 뮤 아크엔젤, 뮤 모나크, 뮤:포켓 나이츠",
282323,[웹젠] 게임용 SDK 및 앱 개발(경력),(주)웹젠,11525476,경력3년↑ ,학력무관,정규직,채용시,게임개발(클라이언트),게임개발(클라이언트);게임개발(모바일);플랫폼 개발;서버,https://file.gamejob.co.kr/net/Corp/CoImage/LogoView?FN=2020\11\GJ_CoLogo_11525476.jpg?639231957000000000,김태영,2000년,"뮤 온라인, R2, 샷온라인, 썬 클래식, 뮤 아크엔젤, 뮤 모나크, 뮤:포켓 나이츠",
282322,[웹젠] 네트워크엔지니어(경력),(주)웹젠,11525476,경력2년↑ ,학력무관,정규직,채용시,네트워크,네트워크,https://file.gamejob.co.kr/net/Corp/CoImage/LogoView?FN=2020\11\GJ_CoLogo_11525476.jpg?639231957000000000,김태영,2000년,"뮤 온라인, R2, 샷온라인, 썬 클래식, 뮤 아크엔젤, 뮤 모나크, 뮤:포켓 나이츠",
282332,[웹젠] 로컬라이제이션(튀르키예어)(계약직)(신입/경력),(주)웹젠,11525476,신입,학력무관,계약직,채용시,마케팅,마케팅;홍보;해외 마케팅;번역,https://file.gamejob.co.kr/net/Corp/CoImage/LogoView?FN=2020\11\GJ_CoLogo_11525476.jpg?639231957000000000,김태영,2000년,"뮤 온라인, R2, 샷온라인, 썬 클래식, 뮤 아크엔젤, 뮤 모나크, 뮤:포켓 나이츠",
282296,[웹젠레드스타/신규 Project G] 애니메이션(경력),(주)웹젠,11525476,경력5년↑ ,학력무관,정규직,채용시,원화,원화;모델링;애니메이션;이펙트·FX,https://file.gamejob.co.kr/net/Corp/CoImage/LogoView?FN=2020\11\GJ_CoLogo_11525476.jpg?639231957000000000,김태영,2000년,"뮤 온라인, R2, 샷온라인, 썬 클래식, 뮤 아크엔젤, 뮤 모나크, 뮤:포켓 나이츠",
282295,[웹젠레드스타/신규 Project G] 캐릭터원화(경력),(주)웹젠,11525476,경력5년↑ ,학력무관,정규직,채용시,원화,원화;모델링;애니메이션;이펙트·FX,https://file.gamejob.co.kr/net/Corp/CoImage/LogoView?FN=2020\11\GJ_CoLogo_11525476.jpg?639231957000000000,김태영,2000년,"뮤 온라인, R2, 샷온라인, 썬 클래식, 뮤 아크엔젤, 뮤 모나크, 뮤:포켓 나이츠",
282291,[웹젠레드스타/신규 Project G] 배경원화(경력),(주)웹젠,11525476,경력2년↑ ,학력무관,정규직,채용시,원화,원화;모델링;애니메이션;이펙트·FX,https://file.gamejob.co.kr/net/Corp/CoImage/LogoView?FN=2020\11\GJ_CoLogo_11525476.jpg?639231957000000000,김태영,2000년,"뮤 온라인, R2, 샷온라인, 썬 클래식, 뮤 아크엔젤, 뮤 모나크, 뮤:포켓 나이츠",
282290,[웹젠레드스타/신규 Project G] 배경레벨(경력),(주)웹젠,11525476,경력3년↑ ,학력무관,정규직,채용시,원화,원화;모델링;애니메이션;이펙트·FX,https://file.gamejob.co.kr/net/Corp/CoImage/LogoView?FN=2020\11\GJ_CoLogo_11525476.jpg?639231957000000000,김태영,2000년,"뮤 온라인, R2, 샷온라인, 썬 클래식, 뮤 아크엔젤, 뮤 모나크, 뮤:포켓 나이츠",
282288,[웹젠레드스타/신규 Project G] 이펙트(경력),(주)웹젠,11525476,경력5년↑ ,학력무관,정규직,채용시,원화,원화;모델링;애니메이션;이펙트·FX,https://file.gamejob.co.kr/net/Corp/CoImage/LogoView?FN=2020\11\GJ_CoLogo_11525476.jpg?639231957000000000,김태영,2000년,"뮤 온라인, R2, 샷온라인, 썬 클래식, 뮤 아크엔젤, 뮤 모나크, 뮤:포켓 나이츠",
282287,[웹젠레드스타/신규 Project G] 캐릭터모델링(경력),(주)웹젠,11525476,경력5년↑ ,학력무관,정규직,채용시,원화,원화;모델링;애니메이션;이펙트·FX,https://file.gamejob.co.kr/net/Corp/CoImage/LogoView?FN=2020\11\GJ_CoLogo_11525476.jpg?639231957000000000,김태영,2000년,"뮤 온라인, R2, 샷온라인, 썬 클래식, 뮤 아크엔젤, 뮤 모나크, 뮤:포켓 나이츠",
282286,[웹젠레드스타/신규 Project G] 배경모델링(경력),(주)웹젠,11525476,경력3년↑ ,학력무관,정규직,채용시,원화,원화;모델링;애니메이션;이펙트·FX,https://file.gamejob.co.kr/net/Corp/CoImage/LogoView?FN=2020\11\GJ_CoLogo_11525476.jpg?639231957000000000,김태영,2000년,"뮤 온라인, R2, 샷온라인, 썬 클래식, 뮤 아크엔젤, 뮤 모나크, 뮤:포켓 나이츠",
282338,[웹젠] 광고디자인(경력),(주)웹젠,11525476,경력2년↑ ,학력무관,정규직,채용시,영상제작·편집,영상제작·편집;BX·브랜드 디자인;마케팅;광고기획,https://file.gamejob.co.kr/net/Corp/CoImage/LogoView?FN=2020\11\GJ_CoLogo_11525476.jpg?639231957000000000,김태영,2000년,"뮤 온라인, R2, 샷온라인, 썬 클래식, 뮤 아크엔젤, 뮤 모나크, 뮤:포켓 나이츠",
282301,[웹젠케이/미드코어&캐주얼] 글로벌UA 마케터(경력),(주)웹젠,11525476,경력3년↑ ,학력무관,정규직,채용시,경영분석,경영분석;마케팅;해외 마케팅;광고기획,https://file.gamejob.co.kr/net/Corp/CoImage/LogoView?FN=2020\11\GJ_CoLogo_11525476.jpg?639231957000000000,김태영,2000년,"뮤 온라인, R2, 샷온라인, 썬 클래식, 뮤 아크엔젤, 뮤 모나크, 뮤:포켓 나이츠",
282300,[웹젠케이/미드코어&캐주얼] 글로벌UA 크리에이티브 디자이너(경력),(주)웹젠,11525476,경력3년↑ ,학력무관,정규직,채용시,경영분석,경영분석;마케팅;홍보;해외 마케팅;광고기획,https://file.gamejob.co.kr/net/Corp/CoImage/LogoView?FN=2020\11\GJ_CoLogo_11525476.jpg?639231957000000000,김태영,2000년,"뮤 온라인, R2, 샷온라인, 썬 클래식, 뮤 아크엔젤, 뮤 모나크, 뮤:포켓 나이츠",
282299,[웹젠크레빅스] 서버(신입/경력),(주)웹젠,11525476,신입,학력무관,정규직,채용시,게임개발(클라이언트),게임개발(클라이언트);게임개발(모바일);서버;네트워크;엔진,https://file.gamejob.co.kr/net/Corp/CoImage/LogoView?FN=2020\11\GJ_CoLogo_11525476.jpg?639231957000000000,김태영,2000년,"뮤 온라인, R2, 샷온라인, 썬 클래식, 뮤 아크엔젤, 뮤 모나크, 뮤:포켓 나이츠",
282298,[웹젠크레빅스] 설정기획(경력),(주)웹젠,11525476,경력3년↑ ,학력무관,정규직,채용시,사업기획(국내),사업기획(국내);전략기획;사업관리;경영분석;정보·빅데이터 분석,https://file.gamejob.co.kr/net/Corp/CoImage/LogoView?FN=2020\11\GJ_CoLogo_11525476.jpg?639231957000000000,김태영,2000년,"뮤 온라인, R2, 샷온라인, 썬 클래식, 뮤 아크엔젤, 뮤 모나크, 뮤:포켓 나이츠",
282333,[웹젠] AI 마케팅 디자이너(신입/경력),(주)웹젠,11525476,신입,학력무관,정규직,채용시,BX·브랜드 디자인,BX·브랜드 디자인;마케팅;광고기획,https://file.gamejob.co.kr/net/Corp/CoImage/LogoView?FN=2020\11\GJ_CoLogo_11525476.jpg?639231957000000000,김태영,2000년,"뮤 온라인, R2, 샷온라인, 썬 클래식, 뮤 아크엔젤, 뮤 모나크, 뮤:포켓 나이츠",
282329,[웹젠] 로컬라이제이션(일본어)(계약직)(신입/경력),(주)웹젠,11525476,신입,학력무관,계약직,채용시,마케팅,마케팅;홍보;해외 마케팅;번역,https://file.gamejob.co.kr/net/Corp/CoImage/LogoView?FN=2020\11\GJ_CoLogo_11525476.jpg?639231957000000000,김태영,2000년,"뮤 온라인, R2, 샷온라인, 썬 클래식, 뮤 아크엔젤, 뮤 모나크, 뮤:포켓 나이츠",
282328,[웹젠] 로컬라이제이션(영어)(계약직)(신입/경력),(주)웹젠,11525476,신입,학력무관,계약직,채용시,마케팅,마케팅;홍보;해외 마케팅;번역,https://file.gamejob.co.kr/net/Corp/CoImage/LogoView?FN=2020\11\GJ_CoLogo_11525476.jpg?639231957000000000,김태영,2000년,"뮤 온라인, R2, 샷온라인, 썬 클래식, 뮤 아크엔젤, 뮤 모나크, 뮤:포켓 나이츠",
282343,[웹젠/Metin1] 게임기획(신입/경력),(주)웹젠,11525476,신입,학력무관,정규직,채용시,게임기획,게임기획,https://file.gamejob.co.kr/net/Corp/CoImage/LogoView?FN=2020\11\GJ_CoLogo_11525476.jpg?639231957000000000,김태영,2000년,"뮤 온라인, R2, 샷온라인, 썬 클래식, 뮤 아크엔젤, 뮤 모나크, 뮤:포켓 나이츠",
282345,[웹젠] 개발PM(경력),(주)웹젠,11525476,경력2년↑ ,학력무관,정규직,채용시,사업관리,사업관리;영업 관리,https://file.gamejob.co.kr/net/Corp/CoImage/LogoView?FN=2020\11\GJ_CoLogo_11525476.jpg?639231957000000000,김태영,2000년,"뮤 온라인, R2, 샷온라인, 썬 클래식, 뮤 아크엔젤, 뮤 모나크, 뮤:포켓 나이츠",
283764,[러쉬에잇/기업운영] 경리회계 · 경영지원 담당자 (경력 2년+),러쉬에잇㈜,45873305,경력 2년,학력무관,정규직,채용시,회계,회계;경리;총무,https://file.gamejob.co.kr/net/Corp/CoImage/LogoView?FN=2026\5\GJ_CoLogo_45873305.jpg?639221433350000000,이재진,2023년,"아르테일,MapleOrigin, 에버플래닛(개발 중)",
282302,2026년 웹젠케이 수시채용,(주)웹젠,11525476,경력3년↑ ,학력무관,정규직,채용시,마케팅,마케팅;홍보;해외 마케팅,https://file.gamejob.co.kr/net/Corp/CoImage/LogoView?FN=2020\11\GJ_CoLogo_11525476.jpg?639231957000000000,김태영,2000년,"뮤 온라인, R2, 샷온라인, 썬 클래식, 뮤 아크엔젤, 뮤 모나크, 뮤:포켓 나이츠",
282303,2026년 웹젠크레빅스 수시채용,(주)웹젠,11525476,경력무관,학력무관,정규직,채용시,게임개발(클라이언트),게임개발(클라이언트);게임기획,https://file.gamejob.co.kr/net/Corp/CoImage/LogoView?FN=2020\11\GJ_CoLogo_11525476.jpg?639231957000000000,김태영,2000년,"뮤 온라인, R2, 샷온라인, 썬 클래식, 뮤 아크엔젤, 뮤 모나크, 뮤:포켓 나이츠",
282337,[웹젠] 총무(신입/경력),(주)웹젠,11525476,신입,학력무관,정규직,채용시,총무,총무,https://file.gamejob.co.kr/net/Corp/CoImage/LogoView?FN=2020\11\GJ_CoLogo_11525476.jpg?639231957000000000,김태영,2000년,"뮤 온라인, R2, 샷온라인, 썬 클래식, 뮤 아크엔젤, 뮤 모나크, 뮤:포켓 나이츠",
282292,[웹젠레드스타/신규 Project G] 전투 시스템기획(경력),(주)웹젠,11525476,경력3년↑ ,학력무관,정규직,채용시,게임기획,게임기획,https://file.gamejob.co.kr/net/Corp/CoImage/LogoView?FN=2020\11\GJ_CoLogo_11525476.jpg?639231957000000000,김태영,2000년,"뮤 온라인, R2, 샷온라인, 썬 클래식, 뮤 아크엔젤, 뮤 모나크, 뮤:포켓 나이츠",
282263,[웹젠레드스타/신규 Project G] 퀘스트기획(경력),(주)웹젠,11525476,경력1년↑ ,학력무관,정규직,채용시,게임기획,게임기획,https://file.gamejob.co.kr/net/Corp/CoImage/LogoView?FN=2020\11\GJ_CoLogo_11525476.jpg?639231957000000000,김태영,2000년,"뮤 온라인, R2, 샷온라인, 썬 클래식, 뮤 아크엔젤, 뮤 모나크, 뮤:포켓 나이츠",
282293,[웹젠레드스타/신규 Project G] 밸런스기획(경력),(주)웹젠,11525476,경력3년↑ ,학력무관,정규직,채용시,게임기획,게임기획,https://file.gamejob.co.kr/net/Corp/CoImage/LogoView?FN=2020\11\GJ_CoLogo_11525476.jpg?639231957000000000,김태영,2000년,"뮤 온라인, R2, 샷온라인, 썬 클래식, 뮤 아크엔젤, 뮤 모나크, 뮤:포켓 나이츠",
282294,[웹젠레드스타/신규 Project G] 시스템기획(경력),(주)웹젠,11525476,경력3년↑ ,학력무관,정규직,채용시,게임기획,게임기획,https://file.gamejob.co.kr/net/Corp/CoImage/LogoView?FN=2020\11\GJ_CoLogo_11525476.jpg?639231957000000000,김태영,2000년,"뮤 온라인, R2, 샷온라인, 썬 클래식, 뮤 아크엔젤, 뮤 모나크, 뮤:포켓 나이츠",
282285,[웹젠레드스타/신규 Project G] 서버 개발(경력),(주)웹젠,11525476,경력3년↑ ,학력무관,정규직,채용시,게임개발(클라이언트),게임개발(클라이언트);서버,https://file.gamejob.co.kr/net/Corp/CoImage/LogoView?FN=2020\11\GJ_CoLogo_11525476.jpg?639231957000000000,김태영,2000년,"뮤 온라인, R2, 샷온라인, 썬 클래식, 뮤 아크엔젤, 뮤 모나크, 뮤:포켓 나이츠",
282297,2026년 웹젠레드스타 수시채용,(주)웹젠,11525476,경력무관,학력무관,정규직,채용시,게임개발(모바일),게임개발(모바일);원화;모델링;애니메이션;게임기획,https://file.gamejob.co.kr/net/Corp/CoImage/LogoView?FN=2020\11\GJ_CoLogo_11525476.jpg?639231957000000000,김태영,2000년,"뮤 온라인, R2, 샷온라인, 썬 클래식, 뮤 아크엔젤, 뮤 모나크, 뮤:포켓 나이츠",
284156,하이브리드 퍼즐 게임 3D 아티스트(3-7년),슈퍼센트,36674893,경력3년↑ ,학력무관,정규직,채용시,인터페이스 디자인,인터페이스 디자인;모델링;애니메이션;이펙트·FX,https://file.gamejob.co.kr/net/Corp/CoImage/LogoView?FN=2022\2\GJ_CoLogo_36674893.png?639147854180000000,공준식,2021년,"XP Hero, Burger Please!, Pizza Ready!, Snake Clash",
284162,[지원] 총무·사내운영 담당,스마일게이트,18140850,경력4년↑ ,학력무관,정규직,채용시,총무,총무,https://file.gamejob.co.kr/net/Corp/CoImage/LogoView?FN=2026\1\GJ_CoLogo_18140850.png?639029622750000000,성준호,2011년,"LOST ARK, LOST ARK Mobile",
284154,모바일 게임 기획자(2-6년),슈퍼센트,36674893,경력2년↑ ,학력무관,정규직,채용시,게임개발(클라이언트),게임개발(클라이언트);게임개발(모바일);게임AI 개발;게임기획,https://file.gamejob.co.kr/net/Corp/CoImage/LogoView?FN=2022\2\GJ_CoLogo_36674893.png?639147854180000000,공준식,2021년,"XP Hero, Burger Please!, Pizza Ready!, Snake Clash",
284153,게임 마케팅 3D 아티스트(2-7년),슈퍼센트,36674893,경력2년↑ ,학력무관,정규직,채용시,게임개발(모바일),게임개발(모바일);인터페이스 디자인;모델링;애니메이션;이펙트·FX,https://file.gamejob.co.kr/net/Corp/CoImage/LogoView?FN=2022\2\GJ_CoLogo_36674893.png?639147854180000000,공준식,2021년,"XP Hero, Burger Please!, Pizza Ready!, Snake Clash",
284147,[NC][Horizon Steel Frontiers] 3D 메카닉/로봇 컨셉 아티스트 모집,NC,11525247,경력5년↑ ,학력무관,정규직,~10/20,인터페이스 디자인,인터페이스 디자인;원화;모델링,https://file.gamejob.co.kr/net/Corp/CoImage/LogoView?FN=2022\11\GJ_CoLogo_11525247.jpg?639213837730000000,"김택진, 박병무",1997년,"리니지, 리니지Ⅱ, AION 등",
284140,[프로젝트 BB] 시스템 기획자,딜로퀘스트,50204664,경력5년↑ ,,정규직,08/24(월),게임기획,게임기획,https://file.gamejob.co.kr/net/Corp/CoImage/LogoView?FN=2026\6\GJ_CoLogo_50204664.jpg?639179117090000000,김종율,2025년,-,
284135,"[NC][단기계약직] [Blade&Soul] 게임 내 아이템, 아이콘 디자이너 모집",NC,11525247,신입,학력무관,계약직,~09/25,인터페이스 디자인,인터페이스 디자인;원화;BX·브랜드 디자인,https://file.gamejob.co.kr/net/Corp/CoImage/LogoView?FN=2022\11\GJ_CoLogo_11525247.jpg?639213837730000000,"김택진, 박병무",1997년,"리니지, 리니지Ⅱ, AION 등",
284131,[Spin Miner] 콘텐츠&시스템 기획자(7년 이상),슈퍼센트,36674893,경력7년↑ ,학력무관,정규직,채용시,게임개발(모바일),게임개발(모바일);게임AI 개발;게임기획,https://file.gamejob.co.kr/net/Corp/CoImage/LogoView?FN=2022\2\GJ_CoLogo_36674893.png?639147854180000000,공준식,2021년,"XP Hero, Burger Please!, Pizza Ready!, Snake Clash",
284133,[숏폼 드라마] AI 영상 크리에이터(3년 이상),슈퍼센트,36674893,경력3년↑ ,학력무관,정규직,채용시,영상제작·편집,영상제작·편집;홍보;해외 마케팅;프로모션;방송,https://file.gamejob.co.kr/net/Corp/CoImage/LogoView?FN=2022\2\GJ_CoLogo_36674893.png?639147854180000000,공준식,2021년,"XP Hero, Burger Please!, Pizza Ready!, Snake Clash",
284134,게임 3D 아티스트(2-6년),슈퍼센트,36674893,경력2년↑ ,학력무관,정규직,채용시,인터페이스 디자인,인터페이스 디자인;모델링;애니메이션;이펙트·FX,https://file.gamejob.co.kr/net/Corp/CoImage/LogoView?FN=2022\2\GJ_CoLogo_36674893.png?639147854180000000,공준식,2021년,"XP Hero, Burger Please!, Pizza Ready!, Snake Clash",
284132,[XP Hero] 콘텐츠&시스템 기획자(7년 이상),슈퍼센트,36674893,경력7년↑ ,학력무관,정규직,채용시,게임개발(클라이언트),게임개발(클라이언트);게임개발(모바일);게임AI 개발;게임기획,https://file.gamejob.co.kr/net/Corp/CoImage/LogoView?FN=2022\2\GJ_CoLogo_36674893.png?639147854180000000,공준식,2021년,"XP Hero, Burger Please!, Pizza Ready!, Snake Clash",
284130,[Spin Miner] 게임 3D 아티스트(7년 이상),슈퍼센트,36674893,경력7년↑ ,학력무관,정규직,채용시,인터페이스 디자인,인터페이스 디자인;모델링;애니메이션;이펙트·FX,https://file.gamejob.co.kr/net/Corp/CoImage/LogoView?FN=2022\2\GJ_CoLogo_36674893.png?639147854180000000,공준식,2021년,"XP Hero, Burger Please!, Pizza Ready!, Snake Clash",
284129,[Spin Miner] 콘텐츠&시스템 기획자(7년 이상),슈퍼센트,36674893,경력7년↑ ,학력무관,정규직,채용시,게임개발(클라이언트),게임개발(클라이언트);게임개발(모바일);게임AI 개발;게임기획,https://file.gamejob.co.kr/net/Corp/CoImage/LogoView?FN=2022\2\GJ_CoLogo_36674893.png?639147854180000000,공준식,2021년,"XP Hero, Burger Please!, Pizza Ready!, Snake Clash",
284128,[Snake Clash!] 게임 3D 아티스트(7년 이상),슈퍼센트,36674893,경력7년↑ ,학력무관,정규직,채용시,인터페이스 디자인,인터페이스 디자인;모델링;애니메이션;이펙트·FX,https://file.gamejob.co.kr/net/Corp/CoImage/LogoView?FN=2022\2\GJ_CoLogo_36674893.png?639147854180000000,공준식,2021년,"XP Hero, Burger Please!, Pizza Ready!, Snake Clash",
284124,[메가 히트 IP/신규프로젝트] UI 디자이너 모집,㈜크로노스튜디오,43834799,경력5년↑ ,학력무관,정규직,채용시,인터페이스 디자인,인터페이스 디자인;원화,https://file.gamejob.co.kr/net/Corp/CoImage/LogoView?FN=2024\3\GJ_CoLogo_43834799.png?639142699500000000,배봉건,2024년,Chrono Odyssey,
284123,[Bulldozer Master] 게임 3D 아티스트(7년 이상),슈퍼센트,36674893,경력7년↑ ,학력무관,정규직,채용시,인터페이스 디자인,인터페이스 디자인;모델링;애니메이션;이펙트·FX,https://file.gamejob.co.kr/net/Corp/CoImage/LogoView?FN=2022\2\GJ_CoLogo_36674893.png?639147854180000000,공준식,2021년,"XP Hero, Burger Please!, Pizza Ready!, Snake Clash",
284121,[AD-Tech] 백엔드 개발자(8년 이상),슈퍼센트,36674893,경력8년↑ ,학력무관,정규직,채용시,게임개발(모바일),게임개발(모바일);게임AI 개발;플랫폼 개발,https://file.gamejob.co.kr/net/Corp/CoImage/LogoView?FN=2022\2\GJ_CoLogo_36674893.png?639147854180000000,공준식,2021년,"XP Hero, Burger Please!, Pizza Ready!, Snake Clash",
284120,[AD-Tech] 백엔드 개발자(4-7년),슈퍼센트,36674893,경력4년↑ ,학력무관,정규직,채용시,게임개발(모바일),게임개발(모바일);게임AI 개발;플랫폼 개발,https://file.gamejob.co.kr/net/Corp/CoImage/LogoView?FN=2022\2\GJ_CoLogo_36674893.png?639147854180000000,공준식,2021년,"XP Hero, Burger Please!, Pizza Ready!, Snake Clash",
284119,[AD-Tech] 머신러닝 엔지니어(2-6년),슈퍼센트,36674893,경력2년↑ ,학력무관,정규직,채용시,게임AI 개발,게임AI 개발;플랫폼 개발;정보·빅데이터 분석;마케팅;통계,https://file.gamejob.co.kr/net/Corp/CoImage/LogoView?FN=2022\2\GJ_CoLogo_36674893.png?639147854180000000,공준식,2021년,"XP Hero, Burger Please!, Pizza Ready!, Snake Clash",
284114,[빈딕투스 디파잉 페이트] 중국 사업/마케팅 담당자,넥슨,11527672,경력5년↑ ,학력무관,정규직,08/24(월),사업기획(해외),사업기획(해외);해외 마케팅;해외영업,https://file.gamejob.co.kr/net/Corp/CoImage/LogoView?FN=2013\8\GJ_Co_nexonhr.jpg?638537985480000000,강대현·김정욱,1994년,"메이플스토리, 던전앤파이터, 카트라이더, 마비노기",
284110,[시프트업] 승리의 여신 니케 / 작곡가,㈜시프트업,15704099,경력무관,학력무관,정규직,채용시,게임개발(모바일),게임개발(모바일);사운드 제작,https://file.gamejob.co.kr/net/Corp/CoImage/LogoView?FN=2023\10\GJ_CoLogo_15704099.png?639087678030000000,김형태,2013년,"승리의 여신: 니케, 스텔라 블레이드, 데스티니차일드",
284104,[라인게임즈] DBA 모집,라인게임즈㈜,22052046,경력3년↑ ,학력무관,정규직,~09/04,시스템·DB,시스템·DB,https://file.gamejob.co.kr/net/Corp/CoImage/LogoView?FN=2019\7\GJ_CoLogo_22052046.png?639231644240000000,배영진,2012년,"창세기전 모바일, 대항해시대오리진, 언디셈버",
284105,[슈퍼캣 / 도깨비의세계] 전투 디자인 기획자 모집 (경력),㈜슈퍼캣,21966143,경력2년↑ ,학력무관,정규직,채용시,게임기획,게임기획,https://file.gamejob.co.kr/net/Corp/CoImage/LogoView?FN=2021\11\GJ_CoLogo_21966143.jpg?639159240770000000,김원배,2016년,"바람의나라: 연, 도깨비의세계, Project CM, Project AS",
284024,[프로젝트 A] 배경 컨셉 모집 (경력),㈜그레이게임즈,43515135,경력3년↑ ,학력무관,정규직,채용시,원화,원화,https://file.gamejob.co.kr/net/Corp/CoImage/LogoView?FN=2024\2\GJ_CoLogo_43515135.png?639208547300000000,최병천,2023년,"템빨:오버기어드 , 프로젝트A",
284071,[펄스나인] 애니메이터,㈜위메이드,11525585,경력무관,학력무관,정규직,~09/20,애니메이션,애니메이션,https://file.gamejob.co.kr/net/Corp/CoImage/LogoView?FN=2019\4\GJ_Co_wehr.jpg?638793756090000000,박관호,2000년,"나이트크로우, 미르4, 미르의 전설 2,3 등",
283992,[메가 히트 IP/신규프로젝트] 애니메이터 모집 (계약직),㈜크로노스튜디오,43834799,경력무관,학력무관,계약직,채용시,애니메이션,애니메이션,https://file.gamejob.co.kr/net/Corp/CoImage/LogoView?FN=2024\3\GJ_CoLogo_43834799.png?639142699500000000,배봉건,2024년,Chrono Odyssey,
284073,[메가 히트 IP/신규프로젝트] 배경 모델러 모집 (계약직),㈜크로노스튜디오,43834799,경력무관,학력무관,계약직,채용시,모델링,모델링,https://file.gamejob.co.kr/net/Corp/CoImage/LogoView?FN=2024\3\GJ_CoLogo_43834799.png?639142699500000000,배봉건,2024년,Chrono Odyssey,
284054,[NC][Project NL] 차세대 리니지 프로젝트 (아트) UI/UX 제작 인력 모집,NC,11525247,경력2년↑ ,학력무관,정규직,~10/20,인터페이스 디자인,인터페이스 디자인;원화;이펙트·FX,https://file.gamejob.co.kr/net/Corp/CoImage/LogoView?FN=2022\11\GJ_CoLogo_11525247.jpg?639213837730000000,"김택진, 박병무",1997년,"리니지, 리니지Ⅱ, AION 등",
284043,[NC][Horizon Steel Frontiers] VFX 아티스트 모집,NC,11525247,경력2년↑ ,학력무관,정규직,~09/18,애니메이션,애니메이션;이펙트·FX;영상제작·편집,https://file.gamejob.co.kr/net/Corp/CoImage/LogoView?FN=2022\11\GJ_CoLogo_11525247.jpg?639213837730000000,"김택진, 박병무",1997년,"리니지, 리니지Ⅱ, AION 등",
284062,[슈퍼캣 / Project OQ] 레벨 디자인 기획자 모집 (경력),㈜슈퍼캣,21966143,경력2년↑ ,학력무관,정규직,채용시,게임기획,게임기획,https://file.gamejob.co.kr/net/Corp/CoImage/LogoView?FN=2021\11\GJ_CoLogo_21966143.jpg?639159240770000000,김원배,2016년,"바람의나라: 연, 도깨비의세계, Project CM, Project AS",
281634,[크로노스튜디오] UX 디자이너 모집,㈜크로노스튜디오,43834799,경력1년↑ ,학력무관,정규직,채용시,인터페이스 디자인,인터페이스 디자인;원화,https://file.gamejob.co.kr/net/Corp/CoImage/LogoView?FN=2024\3\GJ_CoLogo_43834799.png?639142699500000000,배봉건,2024년,Chrono Odyssey,
284059,[메가 히트 IP/신규프로젝트] 배경 모델러 모집,㈜크로노스튜디오,43834799,경력3년↑ ,학력무관,정규직,채용시,모델링,모델링,https://file.gamejob.co.kr/net/Corp/CoImage/LogoView?FN=2024\3\GJ_CoLogo_43834799.png?639142699500000000,배봉건,2024년,Chrono Odyssey,
284058,[Chrono Odyssey] 애니메이터 모집,㈜크로노스튜디오,43834799,경력6년↑ ,학력무관,정규직,채용시,애니메이션,애니메이션,https://file.gamejob.co.kr/net/Corp/CoImage/LogoView?FN=2024\3\GJ_CoLogo_43834799.png?639142699500000000,배봉건,2024년,Chrono Odyssey,
284057,[크로노스튜디오] 개발 자동화 엔지니어 모집 (AI 기반),㈜크로노스튜디오,43834799,경력무관,학력무관,정규직,채용시,게임개발(클라이언트),게임개발(클라이언트);게임개발(모바일);게임AI 개발;클라우드,https://file.gamejob.co.kr/net/Corp/CoImage/LogoView?FN=2024\3\GJ_CoLogo_43834799.png?639142699500000000,배봉건,2024년,Chrono Odyssey,
284037,[위메이드엑스알] 시스템 기획(체험형 인턴),㈜위메이드,11525585,신입,학력무관,인턴직,08/20(목),게임기획,게임기획,https://file.gamejob.co.kr/net/Corp/CoImage/LogoView?FN=2019\4\GJ_Co_wehr.jpg?638793756090000000,박관호,2000년,"나이트크로우, 미르4, 미르의 전설 2,3 등",
281022,[마비노기 모바일] 해외 라이브 서비스 기획자 모집,데브캣,32636212,경력3년↑ ,학력무관,정규직,채용시,게임개발(모바일),게임개발(모바일);게임기획,https://file.gamejob.co.kr/net/Corp/CoImage/LogoView?FN=2026\4\GJ_CoLogo_32636212.png?639116881870000000,"김동건,정길수",2020년,마비노기모바일,
284045,[NC][Horizon Steel Frontiers] 3D 캐릭터 외주 관리자 모집,NC,11525247,경력3년↑ ,학력무관,정규직,~09/30,원화,원화;모델링;사업관리,https://file.gamejob.co.kr/net/Corp/CoImage/LogoView?FN=2022\11\GJ_CoLogo_11525247.jpg?639213837730000000,"김택진, 박병무",1997년,"리니지, 리니지Ⅱ, AION 등",
284040,[프로젝트 BB] 배경모델러,딜로퀘스트,50204664,신입,,정규직,08/20(목),모델링,모델링,https://file.gamejob.co.kr/net/Corp/CoImage/LogoView?FN=2026\6\GJ_CoLogo_50204664.jpg?639179117090000000,김종율,2025년,-,
281629,[컴투스플랫] 개인정보 담당자 (3-10년),주식회사 컴투스,11526566,경력3년↑ ,학력무관,정규직,06/18(목),보안,보안,https://file.gamejob.co.kr/net/Corp/CoImage/LogoView?FN=2022\6\GJ_CoLogo_11526566.jpg?638550133550000000,남재관,1998년,"서머너즈워, 프로야구시리즈, 낚시의신, 서머너즈워:백년전쟁 등",
284011,[HR Div.] Developer Relations Program 운영/지원 (3년 미만 / 계약직),(주)크래프톤,22302337,신입,학력무관,계약직,채용시,인사,인사;교육,https://file.gamejob.co.kr/net/Corp/CoImage/LogoView?FN=2026\3\GJ_CoLogo_22302337.png?639084112890000000,김창한,2007년,PUBG: 배틀그라운드,
283999,[프로젝트O] 이펙트 아티스트 모집,라이온하트스튜디오,27153410,경력6년↑ ,학력무관,정규직,채용시,이펙트·FX,이펙트·FX,https://file.gamejob.co.kr/net/Corp/CoImage/LogoView?FN=2019\2\GJ_Co_lion0510.jpg?638997552230000000,김재영,2018년,오딘: 발할라 라이징,
284001,[NC][AION2] 개발 PM 모집,NC,11525247,경력3년↑ ,학력무관,정규직,~09/17,게임개발(클라이언트),게임개발(클라이언트);플랫폼 기획;사업관리,https://file.gamejob.co.kr/net/Corp/CoImage/LogoView?FN=2022\11\GJ_CoLogo_11525247.jpg?639213837730000000,"김택진, 박병무",1997년,"리니지, 리니지Ⅱ, AION 등",
283998,[NC][Project JSY] AAA콘솔 액션RPG 프로젝트 캐릭터 컨셉 모집,NC,11525247,경력5년↑ ,학력무관,정규직,~10/05,원화,원화;모델링;BX·브랜드 디자인,https://file.gamejob.co.kr/net/Corp/CoImage/LogoView?FN=2022\11\GJ_CoLogo_11525247.jpg?639213837730000000,"김택진, 박병무",1997년,"리니지, 리니지Ⅱ, AION 등",
283831,[NC][Project NL] 차세대 리니지 프로젝트(아트) 배경 에셋/레벨 아티스트 모집,NC,11525247,경력2년↑ ,학력무관,정규직,~10/13,모델링,모델링,https://file.gamejob.co.kr/net/Corp/CoImage/LogoView?FN=2022\11\GJ_CoLogo_11525247.jpg?639213837730000000,"김택진, 박병무",1997년,"리니지, 리니지Ⅱ, AION 등",
283812,[NC][단기계약직][CCG] 해외 유명 IP 기반의 신규 프로젝트 3D 아티스트 모집,NC,11525247,신입,학력무관,계약직,~09/25,원화,원화;모델링;이펙트·FX,https://file.gamejob.co.kr/net/Corp/CoImage/LogoView?FN=2022\11\GJ_CoLogo_11525247.jpg?639213837730000000,"김택진, 박병무",1997년,"리니지, 리니지Ⅱ, AION 등",
283732,[NC][단기계약직][Project NL] 차세대 리니지 프로젝트 (아트) 배경원화 인력 모집,NC,11525247,신입,학력무관,계약직,~10/09,원화,원화;모델링;애니메이션,https://file.gamejob.co.kr/net/Corp/CoImage/LogoView?FN=2022\11\GJ_CoLogo_11525247.jpg?639213837730000000,"김택진, 박병무",1997년,"리니지, 리니지Ⅱ, AION 등",
283729,[NC][리니지 클래식] 서버 프로그래머 모집,NC,11525247,경력3년↑ ,학력무관,정규직,~09/23,서버,서버;네트워크;시스템·DB,https://file.gamejob.co.kr/net/Corp/CoImage/LogoView?FN=2022\11\GJ_CoLogo_11525247.jpg?639213837730000000,"김택진, 박병무",1997년,"리니지, 리니지Ⅱ, AION 등",
283731,[NC][단기계약직][Project NL] 차세대 리니지 프로젝트 (아트) 배경원화 인력 모집,NC,11525247,신입,학력무관,계약직,~10/09,원화,원화;모델링;애니메이션,https://file.gamejob.co.kr/net/Corp/CoImage/LogoView?FN=2022\11\GJ_CoLogo_11525247.jpg?639213837730000000,"김택진, 박병무",1997년,"리니지, 리니지Ⅱ, AION 등",
283727,[NC][리니지 클래식] 서버 프로그래머 모집,NC,11525247,경력3년↑ ,학력무관,정규직,~09/23,서버,서버;네트워크;시스템·DB,https://file.gamejob.co.kr/net/Corp/CoImage/LogoView?FN=2022\11\GJ_CoLogo_11525247.jpg?639213837730000000,"김택진, 박병무",1997년,"리니지, 리니지Ⅱ, AION 등",
283230,[컴투스] 게임 Sound Effect 제작자 (2년 이상),주식회사 컴투스,11526566,경력2년↑ ,학력무관,정규직,07/29(수),사운드 제작,사운드 제작,https://file.gamejob.co.kr/net/Corp/CoImage/LogoView?FN=2022\6\GJ_CoLogo_11526566.jpg?638550133550000000,남재관,1998년,"서머너즈워, 프로야구시리즈, 낚시의신, 서머너즈워:백년전쟁 등",
283989,[FC그룹] FC개발실 UI 디자이너,넥슨,11527672,경력무관,학력무관,정규직,08/19(수),원화,원화,https://file.gamejob.co.kr/net/Corp/CoImage/LogoView?FN=2013\8\GJ_Co_nexonhr.jpg?638537985480000000,강대현·김정욱,1994년,"메이플스토리, 던전앤파이터, 카트라이더, 마비노기",
283987,[FC그룹] FC개발실 서버 프로그래머,넥슨,11527672,경력5년↑ ,학력무관,정규직,08/19(수),서버,서버,https://file.gamejob.co.kr/net/Corp/CoImage/LogoView?FN=2013\8\GJ_Co_nexonhr.jpg?638537985480000000,강대현·김정욱,1994년,"메이플스토리, 던전앤파이터, 카트라이더, 마비노기",
283986,[FC그룹] FC개발실 클라이언트 프로그래머,넥슨,11527672,경력4년↑ ,학력무관,정규직,08/19(수),게임개발(클라이언트),게임개발(클라이언트),https://file.gamejob.co.kr/net/Corp/CoImage/LogoView?FN=2013\8\GJ_Co_nexonhr.jpg?638537985480000000,강대현·김정욱,1994년,"메이플스토리, 던전앤파이터, 카트라이더, 마비노기",
283902,[카오스 제로 나이트메어] 개발QA (6개월 계약직),(주)스마일게이트 슈퍼크리에이티브 지점,18216698,경력1년↑ ,학력무관,계약직,채용시,게임운영,게임운영;QA·테스터,https://file.gamejob.co.kr/net/Corp/CoImage/LogoView?FN=2024\7\GJ_CoLogo_18216698.png?638996643070000000,성준호,2015년,"에픽세븐, 카오스 제로 나이트메어",
283904,[카오스 제로 나이트메어] 캐릭터 원화,(주)스마일게이트 슈퍼크리에이티브 지점,18216698,경력5년↑ ,학력무관,정규직,채용시,원화,원화,https://file.gamejob.co.kr/net/Corp/CoImage/LogoView?FN=2024\7\GJ_CoLogo_18216698.png?638996643070000000,성준호,2015년,"에픽세븐, 카오스 제로 나이트메어",
282396,[파이드픽셀즈] 신작 대형 IP 액션 RPG 시스템 기획 담당자 채용,파이드픽셀즈,43578584,경력3년↑ ,학력무관,정규직,채용시,게임기획,게임기획;사업기획(국내),https://file.gamejob.co.kr/net/Corp/CoImage/LogoView?FN=2024\4\GJ_CoLogo_43578584.png?639189582690000000,송영진,2024년,그랑사가 키우기,
282394,[파이드픽셀즈] 신작 대형 IP 액션 RPG 콘텐츠 기획 담당자 채용,파이드픽셀즈,43578584,경력3년↑ ,학력무관,정규직,채용시,게임기획,게임기획;사업기획(국내),https://file.gamejob.co.kr/net/Corp/CoImage/LogoView?FN=2024\4\GJ_CoLogo_43578584.png?639189582690000000,송영진,2024년,그랑사가 키우기,
283978,[파이드픽셀즈] 신작 대형 IP 액션 RPG 밸런스 기획 담당자 채용,파이드픽셀즈,43578584,경력3년↑ ,학력무관,정규직,채용시,게임기획,게임기획;사업기획(국내),https://file.gamejob.co.kr/net/Corp/CoImage/LogoView?FN=2024\4\GJ_CoLogo_43578584.png?639189582690000000,송영진,2024년,그랑사가 키우기,
283980,[블루아카이브] 연출 담당자,㈜넥슨게임즈,13488254,경력무관,학력무관,정규직,채용시,애니메이션,애니메이션,https://file.gamejob.co.kr/net/Corp/CoImage/LogoView?FN=2022\4\GJ_CoLogo_13488254.png?638749795300000000,박용현,2013년,"히트2, 블루아카이브, 서든어택, V4",
283972,[슈퍼캣 / 도깨비의세계] 라이브 기획자 모집 (경력),㈜슈퍼캣,21966143,경력2년↑ ,학력무관,정규직,채용시,게임기획,게임기획,https://file.gamejob.co.kr/net/Corp/CoImage/LogoView?FN=2021\11\GJ_CoLogo_21966143.jpg?639159240770000000,김원배,2016년,"바람의나라: 연, 도깨비의세계, Project CM, Project AS",
283962,[네오플][제주] 사이퍼즈 기획 보조 (계약직),네오플,11526014,경력무관,학력무관,계약직,채용시,게임기획,게임기획,https://file.gamejob.co.kr/net/Corp/CoImage/LogoView?FN=2006\12\1a0967c04951644ac3db68519b7449ab_neo_logo.gif?639064064610000000,윤명진,2001년,"던전앤파이터, 던전앤파이터 모바일, 사이퍼즈, 퍼스트 버서커 : 카잔",
283958,[111퍼센트] 게임 엔진 개발자(결정론·멀티플레이 코어),111퍼센트㈜,20978266,경력5년↑ ,학력무관,정규직,채용시,엔진,엔진,https://file.gamejob.co.kr/net/Corp/CoImage/LogoView?FN=2025\9\GJ_CoLogo_20978266.png?639207709370000000,김강안,2015년,"운빨존많겜, 랜덤다이스:디펜스",
283957,[111퍼센트] 게임 엔진 개발자(Unity & Interface),111퍼센트㈜,20978266,경력5년↑ ,학력무관,정규직,채용시,엔진,엔진,https://file.gamejob.co.kr/net/Corp/CoImage/LogoView?FN=2025\9\GJ_CoLogo_20978266.png?639207709370000000,김강안,2015년,"운빨존많겜, 랜덤다이스:디펜스",
278833,[Bluehole Studio] Technical Artist (5년 이상) - Project V,블루홀스튜디오,33243514,경력5년↑ ,학력무관,정규직,채용시,게임개발(클라이언트),게임개발(클라이언트);모델링;애니메이션,https://file.gamejob.co.kr/net/Corp/CoImage/LogoView?FN=2024\4\GJ_CoLogo_33243514.png?638609674610000000,조두인,2020년,"Dark and Darker Mobile, TERA, ELYON",
283939,[제우스] (계약직) 주니어 애니메이터,㈜에이버튼,43885377,경력무관,학력무관,계약직,채용시,원화,원화;모델링;애니메이션;이펙트·FX,https://file.gamejob.co.kr/net/Corp/CoImage/LogoView?FN=2024\7\GJ_CoLogo_43885377.png?639195595910000000,김대훤,2024년,"제우스, 건즈앤드래곤즈, EA",
283925,[넥슨코리아] 마비노기 캐릭터 리거 (아르바이트),넥슨,11527672,경력무관,학력무관,아르바이트,채용시,애니메이션,애니메이션,https://file.gamejob.co.kr/net/Corp/CoImage/LogoView?FN=2013\8\GJ_Co_nexonhr.jpg?638537985480000000,강대현·김정욱,1994년,"메이플스토리, 던전앤파이터, 카트라이더, 마비노기",
283900,[라이온하트 스튜디오]  SE(정보보호 보안 관리) 모집,라이온하트스튜디오,27153410,경력8년↑ ,학력무관,정규직,채용시,네트워크,네트워크;엔진;시스템·DB;보안;클라우드,https://file.gamejob.co.kr/net/Corp/CoImage/LogoView?FN=2019\2\GJ_Co_lion0510.jpg?638997552230000000,김재영,2018년,오딘: 발할라 라이징,
283910,[메이플스토리 PC] 글로벌 사업 담당자 (계약직),넥슨,11527672,경력1년↑ ,학력무관,계약직,08/18(화),마케팅,마케팅,https://file.gamejob.co.kr/net/Corp/CoImage/LogoView?FN=2013\8\GJ_Co_nexonhr.jpg?638537985480000000,강대현·김정욱,1994년,"메이플스토리, 던전앤파이터, 카트라이더, 마비노기",
283899,[111퍼센트] 플랫폼 백엔드 개발자,111퍼센트㈜,20978266,경력3년↑ ,학력무관,정규직,채용시,플랫폼 개발,플랫폼 개발;서버,https://file.gamejob.co.kr/net/Corp/CoImage/LogoView?FN=2025\9\GJ_CoLogo_20978266.png?639207709370000000,김강안,2015년,"운빨존많겜, 랜덤다이스:디펜스",
283896,[퍼블리싱라이브본부] 로컬라이제이션 게임사업 PM (계약직),넥슨,11527672,경력3년↑ ,학력무관,계약직,08/18(화),사업관리,사업관리,https://file.gamejob.co.kr/net/Corp/CoImage/LogoView?FN=2013\8\GJ_Co_nexonhr.jpg?638537985480000000,강대현·김정욱,1994년,"메이플스토리, 던전앤파이터, 카트라이더, 마비노기",
283876,[제우스] 애니메이터,㈜에이버튼,43885377,경력3년↑ ,학력무관,정규직,채용시,원화,원화;모델링;애니메이션;이펙트·FX,https://file.gamejob.co.kr/net/Corp/CoImage/LogoView?FN=2024\7\GJ_CoLogo_43885377.png?639195595910000000,김대훤,2024년,"제우스, 건즈앤드래곤즈, EA",
283875,[제우스] (계약직) 주니어 3D 캐릭터 모델러,㈜에이버튼,43885377,경력무관,학력무관,계약직,채용시,원화,원화;모델링;애니메이션;이펙트·FX,https://file.gamejob.co.kr/net/Corp/CoImage/LogoView?FN=2024\7\GJ_CoLogo_43885377.png?639195595910000000,김대훤,2024년,"제우스, 건즈앤드래곤즈, EA",
283874,[제우스] 3D 배경 모델러,㈜에이버튼,43885377,경력3년↑ ,학력무관,정규직,채용시,원화,원화;모델링;애니메이션;이펙트·FX,https://file.gamejob.co.kr/net/Corp/CoImage/LogoView?FN=2024\7\GJ_CoLogo_43885377.png?639195595910000000,김대훤,2024년,"제우스, 건즈앤드래곤즈, EA",
283871,[제우스] 3D 배경 레벨러,㈜에이버튼,43885377,경력5년↑ ,학력무관,정규직,채용시,원화,원화;모델링;애니메이션;이펙트·FX,https://file.gamejob.co.kr/net/Corp/CoImage/LogoView?FN=2024\7\GJ_CoLogo_43885377.png?639195595910000000,김대훤,2024년,"제우스, 건즈앤드래곤즈, EA",
283870,[Project EA] 리드 애니메이터,㈜에이버튼,43885377,경력7년↑ ,학력무관,정규직,채용시,원화,원화;애니메이션;이펙트·FX,https://file.gamejob.co.kr/net/Corp/CoImage/LogoView?FN=2024\7\GJ_CoLogo_43885377.png?639195595910000000,김대훤,2024년,"제우스, 건즈앤드래곤즈, EA",
283869,[Project EA] 애니메이터,㈜에이버튼,43885377,경력5년↑ ,학력무관,정규직,채용시,원화,원화;애니메이션,https://file.gamejob.co.kr/net/Corp/CoImage/LogoView?FN=2024\7\GJ_CoLogo_43885377.png?639195595910000000,김대훤,2024년,"제우스, 건즈앤드래곤즈, EA",
283867,[Project EA] 배경 아티스트,㈜에이버튼,43885377,경력5년↑ ,학력무관,정규직,채용시,모델링,모델링,https://file.gamejob.co.kr/net/Corp/CoImage/LogoView?FN=2024\7\GJ_CoLogo_43885377.png?639195595910000000,김대훤,2024년,"제우스, 건즈앤드래곤즈, EA",
283866,[Project EA] 시네마틱 아티스트,㈜에이버튼,43885377,경력5년↑ ,학력무관,정규직,채용시,원화,원화,https://file.gamejob.co.kr/net/Corp/CoImage/LogoView?FN=2024\7\GJ_CoLogo_43885377.png?639195595910000000,김대훤,2024년,"제우스, 건즈앤드래곤즈, EA",
283865,[Project EA] 레벨 디자이너 (기획),㈜에이버튼,43885377,경력5년↑ ,학력무관,정규직,채용시,게임개발(클라이언트),게임개발(클라이언트),https://file.gamejob.co.kr/net/Corp/CoImage/LogoView?FN=2024\7\GJ_CoLogo_43885377.png?639195595910000000,김대훤,2024년,"제우스, 건즈앤드래곤즈, EA",
283864,[Project EA] 개발 프로젝트 매니저 (PM),㈜에이버튼,43885377,경력3년↑ ,학력무관,정규직,채용시,게임개발(클라이언트),게임개발(클라이언트),https://file.gamejob.co.kr/net/Corp/CoImage/LogoView?FN=2024\7\GJ_CoLogo_43885377.png?639195595910000000,김대훤,2024년,"제우스, 건즈앤드래곤즈, EA",
283863,[Guns & Dragons] 애니메이터,㈜에이버튼,43885377,경력3년↑ ,학력무관,정규직,채용시,애니메이션,애니메이션,https://file.gamejob.co.kr/net/Corp/CoImage/LogoView?FN=2024\7\GJ_CoLogo_43885377.png?639195595910000000,김대훤,2024년,"제우스, 건즈앤드래곤즈, EA",
283834,[라이온하트 스튜디오] 시스템 엔지니어 모집,라이온하트스튜디오,27153410,경력6년↑ ,학력무관,정규직,채용시,네트워크,네트워크;엔진;시스템·DB;보안;클라우드,https://file.gamejob.co.kr/net/Corp/CoImage/LogoView?FN=2019\2\GJ_Co_lion0510.jpg?638997552230000000,김재영,2018년,오딘: 발할라 라이징,
283843,[AA 스튜디오] 콘텐츠 기획자,㈜넥슨게임즈,13488254,경력3년↑ ,학력무관,정규직,채용시,게임기획,게임기획,https://file.gamejob.co.kr/net/Corp/CoImage/LogoView?FN=2022\4\GJ_CoLogo_13488254.png?638749795300000000,박용현,2013년,"히트2, 블루아카이브, 서든어택, V4",
283837,[AA 스튜디오] 시스템 기획자,㈜넥슨게임즈,13488254,경력3년↑ ,학력무관,정규직,채용시,게임기획,게임기획,https://file.gamejob.co.kr/net/Corp/CoImage/LogoView?FN=2022\4\GJ_CoLogo_13488254.png?638749795300000000,박용현,2013년,"히트2, 블루아카이브, 서든어택, V4",
283827,[Onetake Studio] JRPG 신작 프로젝트 클라이언트 프로그래머,㈜네오위즈,11526996,경력10년↑ ,학력무관,정규직,채용시,게임개발(클라이언트),게임개발(클라이언트),https://file.gamejob.co.kr/net/Corp/CoImage/LogoView?FN=2017\4\GJ_Co_neosky.gif?638907938470000000,"김승철, 배태근",2007년,"P의 거짓,고양이와스프,스컬,브라운더스트2,DJMax,A.V.A,피망포커,피망고스톱",
283823,[시프트업] 프로젝트 스피릿 / 퀘스트 기획자,㈜시프트업,15704099,경력3년↑ ,학력무관,정규직,채용시,게임기획,게임기획,https://file.gamejob.co.kr/net/Corp/CoImage/LogoView?FN=2023\10\GJ_CoLogo_15704099.png?639087678030000000,김형태,2013년,"승리의 여신: 니케, 스텔라 블레이드, 데스티니차일드",
283824,[시프트업] 프로젝트 스피릿 / 시스템 기획자,㈜시프트업,15704099,경력무관,학력무관,정규직,채용시,게임기획,게임기획,https://file.gamejob.co.kr/net/Corp/CoImage/LogoView?FN=2023\10\GJ_CoLogo_15704099.png?639087678030000000,김형태,2013년,"승리의 여신: 니케, 스텔라 블레이드, 데스티니차일드",
283825,[시프트업] 프로젝트 스피릿 / 컨텐츠 기획자,㈜시프트업,15704099,경력무관,학력무관,정규직,채용시,게임기획,게임기획,https://file.gamejob.co.kr/net/Corp/CoImage/LogoView?FN=2023\10\GJ_CoLogo_15704099.png?639087678030000000,김형태,2013년,"승리의 여신: 니케, 스텔라 블레이드, 데스티니차일드",
282410,[LOST ARK Mobile] 영어 현지화 담당 (계약직),스마일게이트,18140850,경력무관,학력무관,계약직,채용시,사업기획(해외),사업기획(해외);사업관리;번역,https://file.gamejob.co.kr/net/Corp/CoImage/LogoView?FN=2026\1\GJ_CoLogo_18140850.png?639029622750000000,성준호,2011년,"LOST ARK, LOST ARK Mobile",
283809,[라이온하트 스튜디오] 시니어 AI 아트 연구 인재 모집,라이온하트스튜디오,27153410,경력10년↑ ,학력무관,정규직,채용시,게임AI 개발,게임AI 개발,https://file.gamejob.co.kr/net/Corp/CoImage/LogoView?FN=2019\2\GJ_Co_lion0510.jpg?638997552230000000,김재영,2018년,오딘: 발할라 라이징,
283806,[컴투스][스포츠게임] 애니메이터 (3년 이상),주식회사 컴투스,11526566,경력3년↑ ,학력무관,정규직,08/13(목),애니메이션,애니메이션,https://file.gamejob.co.kr/net/Corp/CoImage/LogoView?FN=2022\6\GJ_CoLogo_11526566.jpg?638550133550000000,남재관,1998년,"서머너즈워, 프로야구시리즈, 낚시의신, 서머너즈워:백년전쟁 등",
283799,[아스트라에 오라티오] QA 모집,디나미스원㈜,44438003,경력3년↑ ,학력무관,정규직,채용시,QA·테스터,QA·테스터,https://file.gamejob.co.kr/net/Corp/CoImage/LogoView?FN=2024\8\GJ_CoLogo_44438003.png?639207724800000000,박병림,2024년,아스트라에 오라티오,
281862,[파이드픽셀즈] 사업 PM 채용 (경력 · 주니어),파이드픽셀즈,43578584,경력무관,학력무관,정규직,채용시,게임기획,게임기획;게임운영;사업기획(국내);사업관리,https://file.gamejob.co.kr/net/Corp/CoImage/LogoView?FN=2024\4\GJ_CoLogo_43578584.png?639189582690000000,송영진,2024년,그랑사가 키우기,
281867,[파이드픽셀즈] 퍼포먼스 마케터 채용,파이드픽셀즈,43578584,경력무관,학력무관,정규직,채용시,마케팅,마케팅;홍보;광고기획,https://file.gamejob.co.kr/net/Corp/CoImage/LogoView?FN=2024\4\GJ_CoLogo_43578584.png?639189582690000000,송영진,2024년,그랑사가 키우기,
281870,[파이드픽셀즈] 마케팅 매니저 채용,파이드픽셀즈,43578584,경력무관,학력무관,정규직,채용시,전략기획,전략기획;마케팅;홍보;해외 마케팅;광고기획,https://file.gamejob.co.kr/net/Corp/CoImage/LogoView?FN=2024\4\GJ_CoLogo_43578584.png?639189582690000000,송영진,2024년,그랑사가 키우기,
281871,[파이드픽셀즈] 마케팅 콘텐츠 매니저 채용 (영상·이미지),파이드픽셀즈,43578584,경력무관,학력무관,정규직,채용시,마케팅,마케팅;홍보;해외 마케팅;광고기획,https://file.gamejob.co.kr/net/Corp/CoImage/LogoView?FN=2024\4\GJ_CoLogo_43578584.png?639189582690000000,송영진,2024년,그랑사가 키우기,
281874,[파이드픽셀즈] 마케팅 이미지 콘텐츠 디자이너 채용,파이드픽셀즈,43578584,경력무관,학력무관,정규직,채용시,마케팅,마케팅;홍보;해외 마케팅;광고기획,https://file.gamejob.co.kr/net/Corp/CoImage/LogoView?FN=2024\4\GJ_CoLogo_43578584.png?639189582690000000,송영진,2024년,그랑사가 키우기,
281883,[파이드픽셀즈] 마케팅 영상 콘텐츠 디자이너 채용,파이드픽셀즈,43578584,경력무관,학력무관,정규직,채용시,영상제작·편집,영상제작·편집;마케팅;홍보;해외 마케팅;광고기획,https://file.gamejob.co.kr/net/Corp/CoImage/LogoView?FN=2024\4\GJ_CoLogo_43578584.png?639189582690000000,송영진,2024년,그랑사가 키우기,
283441,[파이드픽셀즈] 신작 대형 IP 게임 QA 담당자 채용,파이드픽셀즈,43578584,경력2년↑ ,학력무관,정규직,채용시,QA·테스터,QA·테스터,https://file.gamejob.co.kr/net/Corp/CoImage/LogoView?FN=2024\4\GJ_CoLogo_43578584.png?639189582690000000,송영진,2024년,그랑사가 키우기,
283776,[넷마블네오] 나 혼자만 레벨업 카르마 이펙트 담당 모집,넷마블네오,37126660,경력무관,학력무관,정규직,채용시,게임개발(모바일),게임개발(모바일);이펙트·FX,https://file.gamejob.co.kr/net/Corp/CoImage/LogoView?FN=2022\4\GJ_CoLogo_37126660.png?638950298550000000,권영식,2012년,"뱀피르, 나 혼자만 레벨업, 왕좌의게임, 제2의나라, 리니지2레볼루션",
283774,[PUBG STUDIOS] VFX 아티스트 (3년 이상),(주)크래프톤,22302337,경력3년↑ ,학력무관,정규직,채용시,이펙트·FX,이펙트·FX,https://file.gamejob.co.kr/net/Corp/CoImage/LogoView?FN=2026\3\GJ_CoLogo_22302337.png?639084112890000000,김창한,2007년,PUBG: 배틀그라운드,
283773,[PUBG STUDIOS] PM (5년 이상),(주)크래프톤,22302337,경력5년↑ ,학력무관,정규직,채용시,사업관리,사업관리,https://file.gamejob.co.kr/net/Corp/CoImage/LogoView?FN=2026\3\GJ_CoLogo_22302337.png?639084112890000000,김창한,2007년,PUBG: 배틀그라운드,
283745,[그라비티] RO1 시스템 엔지니어 채용,그라비티,11525178,경력3년↑ ,학력무관,정규직,~10/12,서버,서버;네트워크;시스템·DB;클라우드,https://file.gamejob.co.kr/net/Corp/CoImage/LogoView?FN=2020\10\GJ_CoLogo_11525178.jpg?639216974770000000,박현철,2000년,"라그나로크 온라인, 라그나로크M, 라그나로크 오리진",
283733,[NX 스튜디오] [Project TAL] 콘텐츠 디자이너 (계약직),㈜매드엔진,33649396,경력무관,학력무관,계약직,~10/11,게임개발(모바일),게임개발(모바일);게임기획,https://file.gamejob.co.kr/net/Corp/CoImage/LogoView?FN=2021\2\GJ_CoLogo_33649396.jpg?639205141650000000,"이정욱, 손면석",2020년,나이트 크로우,
283713,[Onetake Studio] 오리지널IP 신작 콘솔 프로젝트 클라이언트 프로그래머,㈜네오위즈,11526996,경력5년↑ ,학력무관,정규직,채용시,게임개발(클라이언트),게임개발(클라이언트),https://file.gamejob.co.kr/net/Corp/CoImage/LogoView?FN=2017\4\GJ_Co_neosky.gif?638907938470000000,"김승철, 배태근",2007년,"P의 거짓,고양이와스프,스컬,브라운더스트2,DJMax,A.V.A,피망포커,피망고스톱",
283712,[퍼스트 디센던트] 라이팅 아티스트,㈜넥슨게임즈,13488254,경력무관,학력무관,정규직,채용시,이펙트·FX,이펙트·FX,https://file.gamejob.co.kr/net/Corp/CoImage/LogoView?FN=2022\4\GJ_CoLogo_13488254.png?638749795300000000,박용현,2013년,"히트2, 블루아카이브, 서든어택, V4",
283702,[111퍼센트] 게임 이펙트 디자이너,111퍼센트㈜,20978266,경력무관,학력무관,정규직,채용시,인터페이스 디자인,인터페이스 디자인;원화;모델링;애니메이션;이펙트·FX,https://file.gamejob.co.kr/net/Corp/CoImage/LogoView?FN=2025\9\GJ_CoLogo_20978266.png?639207709370000000,김강안,2015년,"운빨존많겜, 랜덤다이스:디펜스",
283701,[크로노스튜디오] 테크니컬 아티스트 (TA) 모집 (경력),㈜크로노스튜디오,43834799,경력3년↑ ,학력무관,정규직,채용시,게임개발(클라이언트),게임개발(클라이언트);게임개발(모바일);게임AI 개발;애니메이션;이펙트·FX,https://file.gamejob.co.kr/net/Corp/CoImage/LogoView?FN=2024\3\GJ_CoLogo_43834799.png?639142699500000000,배봉건,2024년,Chrono Odyssey,
283672,게임 QA(계약직),㈜위메이드,11525585,경력무관,학력무관,계약직,~09/09,QA·테스터,QA·테스터,https://file.gamejob.co.kr/net/Corp/CoImage/LogoView?FN=2019\4\GJ_Co_wehr.jpg?638793756090000000,박관호,2000년,"나이트크로우, 미르4, 미르의 전설 2,3 등",
283680,[컴투스] 신규 모바일 플랫폼 웹기획자 (3년 이상),주식회사 컴투스,11526566,경력3년↑ ,학력무관,정규직,08/10(월),플랫폼 개발,플랫폼 개발;플랫폼 디자인;플랫폼 기획,https://file.gamejob.co.kr/net/Corp/CoImage/LogoView?FN=2022\6\GJ_CoLogo_11526566.jpg?638550133550000000,남재관,1998년,"서머너즈워, 프로야구시리즈, 낚시의신, 서머너즈워:백년전쟁 등",
283449,사운드 디자이너 (계약직),㈜네오위즈,11526996,경력무관,학력무관,계약직,채용시,사운드 제작,사운드 제작,https://file.gamejob.co.kr/net/Corp/CoImage/LogoView?FN=2017\4\GJ_Co_neosky.gif?638907938470000000,"김승철, 배태근",2007년,"P의 거짓,고양이와스프,스컬,브라운더스트2,DJMax,A.V.A,피망포커,피망고스톱",
281466,[ASTRA9 Studio] 내러티브 중심 RPG 신작 프로젝트 클라이언트 프로그래머,㈜네오위즈,11526996,경력5년↑ ,학력무관,정규직,채용시,게임개발(클라이언트),게임개발(클라이언트);엔진,https://file.gamejob.co.kr/net/Corp/CoImage/LogoView?FN=2017\4\GJ_Co_neosky.gif?638907938470000000,"김승철, 배태근",2007년,"P의 거짓,고양이와스프,스컬,브라운더스트2,DJMax,A.V.A,피망포커,피망고스톱",
283322,[NOUGH Studio] P의 거짓 차기작 3D 캐릭터 모델러,㈜네오위즈,11526996,경력3년↑ ,학력무관,정규직,채용시,모델링,모델링,https://file.gamejob.co.kr/net/Corp/CoImage/LogoView?FN=2017\4\GJ_Co_neosky.gif?638907938470000000,"김승철, 배태근",2007년,"P의 거짓,고양이와스프,스컬,브라운더스트2,DJMax,A.V.A,피망포커,피망고스톱",
283153,[NOUGH Studio] P의 거짓 차기작 Producer,㈜네오위즈,11526996,경력2년↑ ,학력무관,정규직,채용시,게임운영,게임운영,https://file.gamejob.co.kr/net/Corp/CoImage/LogoView?FN=2017\4\GJ_Co_neosky.gif?638907938470000000,"김승철, 배태근",2007년,"P의 거짓,고양이와스프,스컬,브라운더스트2,DJMax,A.V.A,피망포커,피망고스톱",
283645,[슈퍼캣] 인사 파트 리더 모집 (경력),㈜슈퍼캣,21966143,경력8년↑ ,학력무관,정규직,채용시,인사,인사,https://file.gamejob.co.kr/net/Corp/CoImage/LogoView?FN=2021\11\GJ_CoLogo_21966143.jpg?639159240770000000,김원배,2016년,"바람의나라: 연, 도깨비의세계, Project CM, Project AS",
283104,[위메이드커넥트] 신규 프로젝트 유니티 클라이언트 개발 담당자 모집,㈜위메이드커넥트,11530731,경력3년↑ ,학력무관,정규직,채용시,게임개발(클라이언트),게임개발(클라이언트);게임개발(모바일);게임AI 개발,https://file.gamejob.co.kr/net/Corp/CoImage/LogoView?FN=2021\12\GJ_CoLogo_11530731.png?639093559510000000,이호대,2007년,"로스트소드, 여신의키스, 프리프유니버스, 서먼헌터키우기, 에브리타운, 어비스리움",
283643,[슈터본부] 슈터플랫폼실 웹서비스 기획자,넥슨,11527672,경력5년↑ ,학력무관,정규직,08/10(월),게임기획,게임기획,https://file.gamejob.co.kr/net/Corp/CoImage/LogoView?FN=2013\8\GJ_Co_nexonhr.jpg?638537985480000000,강대현·김정욱,1994년,"메이플스토리, 던전앤파이터, 카트라이더, 마비노기",
283642,[Embers of the Uncrowned] 캐릭터 모델러 (계약직),넥슨,11527672,경력무관,학력무관,계약직,08/10(월),원화,원화;모델링,https://file.gamejob.co.kr/net/Corp/CoImage/LogoView?FN=2013\8\GJ_Co_nexonhr.jpg?638537985480000000,강대현·김정욱,1994년,"메이플스토리, 던전앤파이터, 카트라이더, 마비노기",
283626,[던전앤파이터]던전 콘텐츠 이펙트 디자이너 (근무지 제주본사),네오플,11526014,경력무관,학력무관,정규직,채용시,이펙트·FX,이펙트·FX,https://file.gamejob.co.kr/net/Corp/CoImage/LogoView?FN=2006\12\1a0967c04951644ac3db68519b7449ab_neo_logo.gif?639064064610000000,윤명진,2001년,"던전앤파이터, 던전앤파이터 모바일, 사이퍼즈, 퍼스트 버서커 : 카잔",
283585,[던전앤파이터] 캐릭터 2D이펙트 디자이너 (근무지 제주본사),네오플,11526014,경력무관,학력무관,정규직,채용시,이펙트·FX,이펙트·FX,https://file.gamejob.co.kr/net/Corp/CoImage/LogoView?FN=2006\12\1a0967c04951644ac3db68519b7449ab_neo_logo.gif?639064064610000000,윤명진,2001년,"던전앤파이터, 던전앤파이터 모바일, 사이퍼즈, 퍼스트 버서커 : 카잔",
283463,[넷마블넥서스] ’세븐나이츠리버스’ 전투 기획자 채용,넷마블넥서스,33563803,경력2년↑ ,학력무관,정규직,채용시,게임개발(모바일),게임개발(모바일);게임기획,https://file.gamejob.co.kr/net/Corp/CoImage/LogoView?FN=2021\1\GJ_CoLogo_33563803.png?638905077200000000,"김정민, 배경태",2013년,"세븐나이츠, 세븐나이츠2, 세븐나이츠 레볼루션, 세븐나이츠 키우기",
283580,[디나미스원] 경영지원(총무) 모집,디나미스원㈜,44438003,경력3년↑ ,학력무관,정규직,채용시,총무,총무,https://file.gamejob.co.kr/net/Corp/CoImage/LogoView?FN=2024\8\GJ_CoLogo_44438003.png?639207724800000000,박병림,2024년,아스트라에 오라티오,
283596,[그라비티] 중화권 게임사업PM 채용,그라비티,11525178,경력무관,학력무관,정규직,~10/07,사업기획(해외),사업기획(해외);사업관리;마케팅;프로모션;퍼블리싱,https://file.gamejob.co.kr/net/Corp/CoImage/LogoView?FN=2020\10\GJ_CoLogo_11525178.jpg?639216974770000000,박현철,2000년,"라그나로크 온라인, 라그나로크M, 라그나로크 오리진",
283584,[데브캣] 구매자산관리 담당자 (경력직) 모집,데브캣,32636212,경력3년↑ ,학력무관,정규직,채용시,인사,인사;총무;구매,https://file.gamejob.co.kr/net/Corp/CoImage/LogoView?FN=2026\4\GJ_CoLogo_32636212.png?639116881870000000,"김동건,정길수",2020년,마비노기모바일,
283581,[프로젝트O] 애니메이션 팀장 모집,라이온하트스튜디오,27153410,경력10년↑ ,학력무관,정규직,채용시,애니메이션,애니메이션,https://file.gamejob.co.kr/net/Corp/CoImage/LogoView?FN=2019\2\GJ_Co_lion0510.jpg?638997552230000000,김재영,2018년,오딘: 발할라 라이징,
283355,[CVS] Technical Artist,㈜베이글코드,13322486,경력2년↑ ,학력무관,계약직,채용시,모델링,모델링;이펙트·FX,https://file.gamejob.co.kr/net/Corp/CoImage/LogoView?FN=2019\1\GJ_Co_bagelcode.jpg?638568253930000000,김준영 윤일환,2012년,"Club Vegas, Jackpotjoy Slots",
283577,[컴투스] [컴투스프로야구V26] 사업PM (1-5년),주식회사 컴투스,11526566,경력무관,학력무관,정규직,08/06(목),게임개발(클라이언트),게임개발(클라이언트);게임개발(모바일);게임기획;게임운영,https://file.gamejob.co.kr/net/Corp/CoImage/LogoView?FN=2022\6\GJ_CoLogo_11526566.jpg?638550133550000000,남재관,1998년,"서머너즈워, 프로야구시리즈, 낚시의신, 서머너즈워:백년전쟁 등",
283570,[OmniCraft Labs - Project GW] TA (5년 이상),옴니크래프트랩스㈜(크래프톤 계열회사),47064232,경력5년↑ ,학력무관,정규직,채용시,게임개발(클라이언트),게임개발(클라이언트);이펙트·FX;게임기획;엔진,https://file.gamejob.co.kr/net/Corp/CoImage/LogoView?FN=2025\11\GJ_CoLogo_47064232.png?639210282710000000,노정환,2024년,-,
283571,[OmniCraft Labs - Project GW] 리드급 캐릭터 컨셉 (7년 이상),옴니크래프트랩스㈜(크래프톤 계열회사),47064232,경력10년↑ ,학력무관,정규직,채용시,게임개발(모바일),게임개발(모바일);원화,https://file.gamejob.co.kr/net/Corp/CoImage/LogoView?FN=2025\11\GJ_CoLogo_47064232.png?639210282710000000,노정환,2024년,-,
283567,[LoreVault][Woochi the Wayfarer] 연출팀 라이팅 아티스트,㈜넥슨게임즈,13488254,경력2년↑ ,학력무관,정규직,채용시,이펙트·FX,이펙트·FX,https://file.gamejob.co.kr/net/Corp/CoImage/LogoView?FN=2022\4\GJ_CoLogo_13488254.png?638749795300000000,박용현,2013년,"히트2, 블루아카이브, 서든어택, V4",
283563,[넥슨코리아] 마비노기 시나리오/보이스 녹음 및 개발 보조 (아르바이트),넥슨,11527672,경력무관,학력무관,아르바이트,채용시,게임기획,게임기획,https://file.gamejob.co.kr/net/Corp/CoImage/LogoView?FN=2013\8\GJ_Co_nexonhr.jpg?638537985480000000,강대현·김정욱,1994년,"메이플스토리, 던전앤파이터, 카트라이더, 마비노기",
283562,[AA 스튜디오] 일러스트레이터,㈜넥슨게임즈,13488254,경력3년↑ ,학력무관,정규직,채용시,원화,원화,https://file.gamejob.co.kr/net/Corp/CoImage/LogoView?FN=2022\4\GJ_CoLogo_13488254.png?638749795300000000,박용현,2013년,"히트2, 블루아카이브, 서든어택, V4",
283550,[파트너십사업본부] 플랫폼사업실 모바일 플랫폼 담당자 (계약직),넥슨,11527672,경력3년↑ ,학력무관,계약직,08/05(수),사업기획(해외),사업기획(해외);사업관리;리서치,https://file.gamejob.co.kr/net/Corp/CoImage/LogoView?FN=2013\8\GJ_Co_nexonhr.jpg?638537985480000000,강대현·김정욱,1994년,"메이플스토리, 던전앤파이터, 카트라이더, 마비노기",
283500,[NC][Project JSY] AAA콘솔 액션RPG 프로젝트 배경 에셋 모델러 모집,NC,11525247,경력5년↑ ,학력무관,정규직,~10/03,원화,원화;모델링;애니메이션,https://file.gamejob.co.kr/net/Corp/CoImage/LogoView?FN=2022\11\GJ_CoLogo_11525247.jpg?639213837730000000,"김택진, 박병무",1997년,"리니지, 리니지Ⅱ, AION 등",
283498,[NC][리니지W] 밸런스 디자이너 모집,NC,11525247,경력2년↑ ,학력무관,정규직,~09/30,게임AI 개발,게임AI 개발;게임기획;정보·빅데이터 분석,https://file.gamejob.co.kr/net/Corp/CoImage/LogoView?FN=2022\11\GJ_CoLogo_11525247.jpg?639213837730000000,"김택진, 박병무",1997년,"리니지, 리니지Ⅱ, AION 등",
283495,[NC][Project NL] 차세대 리니지 프로젝트 클라이언트 프로그래머 모집,NC,11525247,경력2년↑ ,학력무관,정규직,~10/02,게임개발(클라이언트),게임개발(클라이언트);게임개발(모바일);인터페이스 디자인,https://file.gamejob.co.kr/net/Corp/CoImage/LogoView?FN=2022\11\GJ_CoLogo_11525247.jpg?639213837730000000,"김택진, 박병무",1997년,"리니지, 리니지Ⅱ, AION 등",
283499,[NC][Project JSY] AAA콘솔 액션RPG 프로젝트 배경 에셋 모델러 모집,NC,11525247,경력5년↑ ,학력무관,정규직,~10/03,원화,원화;모델링;애니메이션,https://file.gamejob.co.kr/net/Corp/CoImage/LogoView?FN=2022\11\GJ_CoLogo_11525247.jpg?639213837730000000,"김택진, 박병무",1997년,"리니지, 리니지Ⅱ, AION 등",
283493,[컴투스] 투자전략 담당자 (8-12년),주식회사 컴투스,11526566,경력7년↑ ,,정규직,08/04(화),재무,재무;주식IR,https://file.gamejob.co.kr/net/Corp/CoImage/LogoView?FN=2022\6\GJ_CoLogo_11526566.jpg?638550133550000000,남재관,1998년,"서머너즈워, 프로야구시리즈, 낚시의신, 서머너즈워:백년전쟁 등",
283459,[NC][Horizon Steel Frontiers] 다이얼로그 및 NPC 애니메이터 모집,NC,11525247,경력2년↑ ,학력무관,정규직,~09/30,모델링,모델링;애니메이션;영상제작·편집,https://file.gamejob.co.kr/net/Corp/CoImage/LogoView?FN=2022\11\GJ_CoLogo_11525247.jpg?639213837730000000,"김택진, 박병무",1997년,"리니지, 리니지Ⅱ, AION 등",
283457,[NC][신더시티] 사업PM 모집,NC,11525247,경력5년↑ ,학력무관,정규직,~09/30,사업기획(해외),사업기획(해외);사업관리;경영분석,https://file.gamejob.co.kr/net/Corp/CoImage/LogoView?FN=2022\11\GJ_CoLogo_11525247.jpg?639213837730000000,"김택진, 박병무",1997년,"리니지, 리니지Ⅱ, AION 등",
283448,[NC][신더시티] 마케팅 담당자 모집,NC,11525247,경력7년↑ ,학력무관,정규직,~09/30,마케팅,마케팅;프로모션;광고기획,https://file.gamejob.co.kr/net/Corp/CoImage/LogoView?FN=2022\11\GJ_CoLogo_11525247.jpg?639213837730000000,"김택진, 박병무",1997년,"리니지, 리니지Ⅱ, AION 등",
283270,[NC][Project JSY] AAA급 콘솔 액션RPG의 시네마틱 연출 아티스트 모집,NC,11525247,경력2년↑ ,학력무관,정규직,~09/30,애니메이션,애니메이션;이펙트·FX;영상제작·편집,https://file.gamejob.co.kr/net/Corp/CoImage/LogoView?FN=2022\11\GJ_CoLogo_11525247.jpg?639213837730000000,"김택진, 박병무",1997년,"리니지, 리니지Ⅱ, AION 등",
283211,[NC][Horizon Steel Frontiers] 마케팅 크리에이티브 담당자 모집,NC,11525247,경력2년↑ ,,정규직,~09/22,마케팅,마케팅;해외 마케팅;광고기획,https://file.gamejob.co.kr/net/Corp/CoImage/LogoView?FN=2022\11\GJ_CoLogo_11525247.jpg?639213837730000000,"김택진, 박병무",1997년,"리니지, 리니지Ⅱ, AION 등",
283212,[NC][NextAction] 엔진 프로그래머 모집,NC,11525247,경력2년↑ ,학력무관,정규직,~09/21,게임AI 개발,게임AI 개발;사운드 제작;엔진,https://file.gamejob.co.kr/net/Corp/CoImage/LogoView?FN=2022\11\GJ_CoLogo_11525247.jpg?639213837730000000,"김택진, 박병무",1997년,"리니지, 리니지Ⅱ, AION 등",
283127,[NC][AION2] 배경 컨셉 아티스트 모집,NC,11525247,경력2년↑ ,학력무관,정규직,~09/25,원화,원화;모델링;BX·브랜드 디자인,https://file.gamejob.co.kr/net/Corp/CoImage/LogoView?FN=2022\11\GJ_CoLogo_11525247.jpg?639213837730000000,"김택진, 박병무",1997년,"리니지, 리니지Ⅱ, AION 등",
283125,[NC][Project NL] 차세대 리니지 프로젝트 시스템 기획자 모집,NC,11525247,경력2년↑ ,학력무관,정규직,~09/26,게임개발(클라이언트),게임개발(클라이언트);인터페이스 디자인;게임기획,https://file.gamejob.co.kr/net/Corp/CoImage/LogoView?FN=2022\11\GJ_CoLogo_11525247.jpg?639213837730000000,"김택진, 박병무",1997년,"리니지, 리니지Ⅱ, AION 등",
283117,[NC][Project NL] 차세대 리니지 프로젝트 월드 기획자 모집,NC,11525247,경력2년↑ ,학력무관,정규직,~09/26,게임개발(클라이언트),게임개발(클라이언트);게임AI 개발;게임기획,https://file.gamejob.co.kr/net/Corp/CoImage/LogoView?FN=2022\11\GJ_CoLogo_11525247.jpg?639213837730000000,"김택진, 박병무",1997년,"리니지, 리니지Ⅱ, AION 등",
283107,[NC][리니지 클래식] 클라이언트 프로그래머 모집,NC,11525247,경력2년↑ ,,정규직,~09/26,게임개발(클라이언트),게임개발(클라이언트);엔진;게임운영,https://file.gamejob.co.kr/net/Corp/CoImage/LogoView?FN=2022\11\GJ_CoLogo_11525247.jpg?639213837730000000,"김택진, 박병무",1997년,"리니지, 리니지Ⅱ, AION 등",
283070,[NC][단기계약직][리니지2M] FX 아티스트 모집,NC,11525247,신입,학력무관,계약직,~09/22,이펙트·FX,이펙트·FX;영상제작·편집;엔진,https://file.gamejob.co.kr/net/Corp/CoImage/LogoView?FN=2022\11\GJ_CoLogo_11525247.jpg?639213837730000000,"김택진, 박병무",1997년,"리니지, 리니지Ⅱ, AION 등",
283068,[NC][Horizon Steel Frontiers] 글로벌 마케팅 커뮤니케이션 담당자 모집,NC,11525247,경력2년↑ ,,정규직,~09/21,마케팅,마케팅;홍보;해외 마케팅,https://file.gamejob.co.kr/net/Corp/CoImage/LogoView?FN=2022\11\GJ_CoLogo_11525247.jpg?639213837730000000,"김택진, 박병무",1997년,"리니지, 리니지Ⅱ, AION 등",
283061,"[NC][Project JSY] 레벨, 콘텐츠 기획자 모집",NC,11525247,경력3년↑ ,학력무관,정규직,~09/22,게임기획,게임기획;게임운영;사업기획(국내),https://file.gamejob.co.kr/net/Corp/CoImage/LogoView?FN=2022\11\GJ_CoLogo_11525247.jpg?639213837730000000,"김택진, 박병무",1997년,"리니지, 리니지Ⅱ, AION 등",
283057,[NC][Horizon Steel Frontiers] 사업 PM 모집,NC,11525247,경력2년↑ ,,정규직,~09/21,사업기획(국내),사업기획(국내);전략기획;사업관리,https://file.gamejob.co.kr/net/Corp/CoImage/LogoView?FN=2022\11\GJ_CoLogo_11525247.jpg?639213837730000000,"김택진, 박병무",1997년,"리니지, 리니지Ⅱ, AION 등",
282918,[NC][단기계약직][Bonfire] 신규 FPS 배경 모델러 모집,NC,11525247,신입,학력무관,계약직,~09/19,원화,원화;모델링;애니메이션,https://file.gamejob.co.kr/net/Corp/CoImage/LogoView?FN=2022\11\GJ_CoLogo_11525247.jpg?639213837730000000,"김택진, 박병무",1997년,"리니지, 리니지Ⅱ, AION 등",
282915,[NC][단기계약직][리니지W] 배경 에셋제작 지원자 모집,NC,11525247,신입,학력무관,계약직,~09/18,원화,원화;모델링;애니메이션,https://file.gamejob.co.kr/net/Corp/CoImage/LogoView?FN=2022\11\GJ_CoLogo_11525247.jpg?639213837730000000,"김택진, 박병무",1997년,"리니지, 리니지Ⅱ, AION 등",
282707,[NC][단기계약직][Project JSY] AAA콘솔 액션 RPG 프로젝트 캐릭터 모델러 모집,NC,11525247,신입,학력무관,계약직,~09/13,원화,원화;모델링;애니메이션,https://file.gamejob.co.kr/net/Corp/CoImage/LogoView?FN=2022\11\GJ_CoLogo_11525247.jpg?639213837730000000,"김택진, 박병무",1997년,"리니지, 리니지Ⅱ, AION 등",
282705,[NC][Project NL] 차세대 리니지 프로젝트 (아트) 캐릭터 제작 아티스트 모집,NC,11525247,경력3년↑ ,학력무관,정규직,~09/12,모델링,모델링;애니메이션,https://file.gamejob.co.kr/net/Corp/CoImage/LogoView?FN=2022\11\GJ_CoLogo_11525247.jpg?639213837730000000,"김택진, 박병무",1997년,"리니지, 리니지Ⅱ, AION 등",
282629,[NC][Project NL] 차세대 리니지 프로젝트 (아트) 배경원화 인력 모집,NC,11525247,경력3년↑ ,학력무관,정규직,~09/12,원화,원화;모델링,https://file.gamejob.co.kr/net/Corp/CoImage/LogoView?FN=2022\11\GJ_CoLogo_11525247.jpg?639213837730000000,"김택진, 박병무",1997년,"리니지, 리니지Ⅱ, AION 등",
282632,[NC][Project NL] 차세대 리니지 프로젝트 (아트) 캐릭터 컨셉 아티스트 모집,NC,11525247,경력3년↑ ,학력무관,정규직,~09/12,원화,원화;모델링,https://file.gamejob.co.kr/net/Corp/CoImage/LogoView?FN=2022\11\GJ_CoLogo_11525247.jpg?639213837730000000,"김택진, 박병무",1997년,"리니지, 리니지Ⅱ, AION 등",
282631,[NC][Project NL] 차세대 리니지 프로젝트 (아트) 캐릭터 컨셉 아티스트 모집,NC,11525247,경력3년↑ ,학력무관,정규직,~09/12,원화,원화;모델링,https://file.gamejob.co.kr/net/Corp/CoImage/LogoView?FN=2022\11\GJ_CoLogo_11525247.jpg?639213837730000000,"김택진, 박병무",1997년,"리니지, 리니지Ⅱ, AION 등",
282566,[NC][단기계약직][리니지2M] 아트PM 모집,NC,11525247,신입,학력무관,계약직,~09/08,인터페이스 디자인,인터페이스 디자인;원화;모델링;게임기획;사업관리,https://file.gamejob.co.kr/net/Corp/CoImage/LogoView?FN=2022\11\GJ_CoLogo_11525247.jpg?639213837730000000,"김택진, 박병무",1997년,"리니지, 리니지Ⅱ, AION 등",
282389,[NC][Project NL] 차세대 리니지 프로젝트 서버 프로그래머 모집,NC,11525247,경력3년↑ ,학력무관,정규직,~09/05,게임개발(클라이언트),게임개발(클라이언트);게임개발(모바일),https://file.gamejob.co.kr/net/Corp/CoImage/LogoView?FN=2022\11\GJ_CoLogo_11525247.jpg?639213837730000000,"김택진, 박병무",1997년,"리니지, 리니지Ⅱ, AION 등",
282222,[NCSOUND] 게임 사운드 (효과음) 디자이너 모집,NC,11525247,경력2년↑ ,학력무관,정규직,채용시,사운드 제작,사운드 제작,https://file.gamejob.co.kr/net/Corp/CoImage/LogoView?FN=2022\11\GJ_CoLogo_11525247.jpg?639213837730000000,"김택진, 박병무",1997년,"리니지, 리니지Ⅱ, AION 등",
283478,[OmniCraft Labs] 3D 배경 모델러 (8년 이상),옴니크래프트랩스㈜(크래프톤 계열회사),47064232,경력8년↑ ,학력무관,정규직,채용시,게임개발(클라이언트),게임개발(클라이언트);모델링,https://file.gamejob.co.kr/net/Corp/CoImage/LogoView?FN=2025\11\GJ_CoLogo_47064232.png?639210282710000000,노정환,2024년,-,
281226,[크로노스튜디오] CCO Staff 모집,㈜크로노스튜디오,43834799,경력3년↑ ,학력무관,정규직,채용시,사업기획(국내),사업기획(국내);사업기획(해외);사업관리;사무·회계;경리,https://file.gamejob.co.kr/net/Corp/CoImage/LogoView?FN=2024\3\GJ_CoLogo_43834799.png?639142699500000000,배봉건,2024년,Chrono Odyssey,
282078,[Chrono Odyssey] 애니메이터 모집,㈜크로노스튜디오,43834799,경력6년↑ ,학력무관,정규직,채용시,애니메이션,애니메이션,https://file.gamejob.co.kr/net/Corp/CoImage/LogoView?FN=2024\3\GJ_CoLogo_43834799.png?639142699500000000,배봉건,2024년,Chrono Odyssey,
282341,[Chrono Odyssey] 클라이언트 전투 프로그래머 모집,㈜크로노스튜디오,43834799,경력6년↑ ,학력무관,정규직,채용시,게임개발(클라이언트),게임개발(클라이언트),https://file.gamejob.co.kr/net/Corp/CoImage/LogoView?FN=2024\3\GJ_CoLogo_43834799.png?639142699500000000,배봉건,2024년,Chrono Odyssey,
282987,[메가 히트 IP/신규프로젝트] 테크니컬 아티스트(TA) 모집,㈜크로노스튜디오,43834799,경력3년↑ ,학력무관,정규직,채용시,게임개발(클라이언트),게임개발(클라이언트);게임개발(모바일);게임AI 개발;애니메이션;이펙트·FX,https://file.gamejob.co.kr/net/Corp/CoImage/LogoView?FN=2024\3\GJ_CoLogo_43834799.png?639142699500000000,배봉건,2024년,Chrono Odyssey,
283419,[메가 히트 IP/신규프로젝트] 캐릭터 원화가 모집,㈜크로노스튜디오,43834799,경력5년↑ ,학력무관,정규직,채용시,원화,원화,https://file.gamejob.co.kr/net/Corp/CoImage/LogoView?FN=2024\3\GJ_CoLogo_43834799.png?639142699500000000,배봉건,2024년,Chrono Odyssey,
283451,[111퍼센트][스팀(Steam)] 커뮤니티 매니저 (중국어),111퍼센트㈜,20978266,경력3년↑ ,학력무관,정규직,채용시,게임운영,게임운영;퍼블리싱,https://file.gamejob.co.kr/net/Corp/CoImage/LogoView?FN=2025\9\GJ_CoLogo_20978266.png?639207709370000000,김강안,2015년,"운빨존많겜, 랜덤다이스:디펜스",
283364,[메이플스토리 PC] 웹 애플리케이션 엔지니어,넥슨,11527672,경력3년↑ ,학력무관,정규직,07/31(금),게임개발(모바일),게임개발(모바일),https://file.gamejob.co.kr/net/Corp/CoImage/LogoView?FN=2013\8\GJ_Co_nexonhr.jpg?638537985480000000,강대현·김정욱,1994년,"메이플스토리, 던전앤파이터, 카트라이더, 마비노기",
283366,[Bluehole Studio] 아트 프로젝트 매니저 (Art PM) - Project V (2년 이상),블루홀스튜디오,33243514,경력2년↑ ,학력무관,정규직,채용시,게임기획,게임기획;게임운영,https://file.gamejob.co.kr/net/Corp/CoImage/LogoView?FN=2024\4\GJ_CoLogo_33243514.png?638609674610000000,조두인,2020년,"Dark and Darker Mobile, TERA, ELYON",
283367,[Bluehole Studio] 테크니컬 프로젝트 매니저 (TPM) - Project V,블루홀스튜디오,33243514,경력2년↑ ,학력무관,정규직,채용시,게임기획,게임기획;게임운영,https://file.gamejob.co.kr/net/Corp/CoImage/LogoView?FN=2024\4\GJ_CoLogo_33243514.png?638609674610000000,조두인,2020년,"Dark and Darker Mobile, TERA, ELYON",
283365,[111퍼센트] 게임 UI/UX 디자이너,111퍼센트㈜,20978266,경력3년↑ ,학력무관,정규직,채용시,인터페이스 디자인,인터페이스 디자인;모델링;애니메이션;이펙트·FX,https://file.gamejob.co.kr/net/Corp/CoImage/LogoView?FN=2025\9\GJ_CoLogo_20978266.png?639207709370000000,김강안,2015년,"운빨존많겜, 랜덤다이스:디펜스",
283363,[넷마블네오] 나 혼자만 레벨업 카르마 배경모델링 담당 모집,넷마블네오,37126660,경력3년↑ ,학력무관,정규직,채용시,게임개발(모바일),게임개발(모바일);모델링,https://file.gamejob.co.kr/net/Corp/CoImage/LogoView?FN=2022\4\GJ_CoLogo_37126660.png?638950298550000000,권영식,2012년,"뱀피르, 나 혼자만 레벨업, 왕좌의게임, 제2의나라, 리니지2레볼루션",
282944,[펄어비스] [아트 인턴십] 배경 콘셉트,㈜펄어비스,11533789,경력무관,학력무관,인턴직,채용시,원화,원화,https://file.gamejob.co.kr/net/Corp/CoImage/LogoView?FN=2019\12\GJ_CoLogo_11533789.png?639167708210000000,허진영,2010년,"검은사막, 붉은사막",
283361,[슈퍼캣 / 도깨비의세계] 전투 밸런스 기획자 모집 (경력),㈜슈퍼캣,21966143,경력3년↑ ,학력무관,정규직,채용시,게임기획,게임기획,https://file.gamejob.co.kr/net/Corp/CoImage/LogoView?FN=2021\11\GJ_CoLogo_21966143.jpg?639159240770000000,김원배,2016년,"바람의나라: 연, 도깨비의세계, Project CM, Project AS",
281705,[넷마블네오]나 혼자만 레벨업 카르마 배경모델링 담당 모집 (계약직),넷마블네오,37126660,경력무관,학력무관,계약직,채용시,모델링,모델링,https://file.gamejob.co.kr/net/Corp/CoImage/LogoView?FN=2022\4\GJ_CoLogo_37126660.png?638950298550000000,권영식,2012년,"뱀피르, 나 혼자만 레벨업, 왕좌의게임, 제2의나라, 리니지2레볼루션",
281681,[넷마블네오] 나 혼자만 레벨업 카르마 캐릭터원화 담당 모집,넷마블네오,37126660,경력3년↑ ,학력무관,정규직,채용시,게임개발(모바일),게임개발(모바일);원화,https://file.gamejob.co.kr/net/Corp/CoImage/LogoView?FN=2022\4\GJ_CoLogo_37126660.png?638950298550000000,권영식,2012년,"뱀피르, 나 혼자만 레벨업, 왕좌의게임, 제2의나라, 리니지2레볼루션",
283022,[넷마블네오] 블룸워커 레벨기획 담당 모집,넷마블네오,37126660,경력3년↑ ,학력무관,정규직,채용시,게임기획,게임기획,https://file.gamejob.co.kr/net/Corp/CoImage/LogoView?FN=2022\4\GJ_CoLogo_37126660.png?638950298550000000,권영식,2012년,"뱀피르, 나 혼자만 레벨업, 왕좌의게임, 제2의나라, 리니지2레볼루션",
283340,[OmniCraft Labs] 시니어 캐릭터 모델링 아티스트 (10년 이상),옴니크래프트랩스㈜(크래프톤 계열회사),47064232,경력10년↑ ,학력무관,정규직,채용시,원화,원화;모델링,https://file.gamejob.co.kr/net/Corp/CoImage/LogoView?FN=2025\11\GJ_CoLogo_47064232.png?639210282710000000,노정환,2024년,-,
283341,[컴투스] 연결회계 담당자 (5-8년),주식회사 컴투스,11526566,경력5년↑ ,,정규직,07/30(목),사업기획(국내),사업기획(국내);사무·회계;재무;회계;경리,https://file.gamejob.co.kr/net/Corp/CoImage/LogoView?FN=2022\6\GJ_CoLogo_11526566.jpg?638550133550000000,남재관,1998년,"서머너즈워, 프로야구시리즈, 낚시의신, 서머너즈워:백년전쟁 등",
283339,[마비노기 모바일] 게임 로직 프로그래머 모집,데브캣,32636212,경력무관,학력무관,정규직,채용시,게임개발(클라이언트),게임개발(클라이언트);게임개발(모바일);서버,https://file.gamejob.co.kr/net/Corp/CoImage/LogoView?FN=2026\4\GJ_CoLogo_32636212.png?639116881870000000,"김동건,정길수",2020년,마비노기모바일,
283331,[Onetake Studio] 고양이와 스프 크리에이티브/기획 디렉터,㈜네오위즈,11526996,경력무관,학력무관,정규직,채용시,게임기획,게임기획,https://file.gamejob.co.kr/net/Corp/CoImage/LogoView?FN=2017\4\GJ_Co_neosky.gif?638907938470000000,"김승철, 배태근",2007년,"P의 거짓,고양이와스프,스컬,브라운더스트2,DJMax,A.V.A,피망포커,피망고스톱",
281427,[넷마블네오] 개발 3본부 PM 담당 모집,넷마블네오,37126660,경력3년↑ ,학력무관,정규직,채용시,게임개발(모바일),게임개발(모바일);게임기획,https://file.gamejob.co.kr/net/Corp/CoImage/LogoView?FN=2022\4\GJ_CoLogo_37126660.png?638950298550000000,권영식,2012년,"뱀피르, 나 혼자만 레벨업, 왕좌의게임, 제2의나라, 리니지2레볼루션",
282506,[LOST ARK Mobile] 커뮤니티 운영(CM) 담당,스마일게이트,18140850,경력2년↑ ,학력무관,정규직,채용시,게임운영,게임운영,https://file.gamejob.co.kr/net/Corp/CoImage/LogoView?FN=2026\1\GJ_CoLogo_18140850.png?639029622750000000,성준호,2011년,"LOST ARK, LOST ARK Mobile",
282507,[LOST ARK Mobile] 운영기획 담당,스마일게이트,18140850,경력2년↑ ,학력무관,정규직,채용시,게임운영,게임운영,https://file.gamejob.co.kr/net/Corp/CoImage/LogoView?FN=2026\1\GJ_CoLogo_18140850.png?639029622750000000,성준호,2011년,"LOST ARK, LOST ARK Mobile",
282519,[LOST ARK Mobile] 사업PM 담당,스마일게이트,18140850,경력3년↑ ,학력무관,정규직,채용시,게임기획,게임기획;게임운영;사업기획(국내);사업기획(해외);사업관리,https://file.gamejob.co.kr/net/Corp/CoImage/LogoView?FN=2026\1\GJ_CoLogo_18140850.png?639029622750000000,성준호,2011년,"LOST ARK, LOST ARK Mobile",
283326,[네오위즈] 정책 및 대외협력 담당자,㈜네오위즈,11526996,경력3년↑ ,학력무관,정규직,채용시,제휴,제휴;채널링;법무,https://file.gamejob.co.kr/net/Corp/CoImage/LogoView?FN=2017\4\GJ_Co_neosky.gif?638907938470000000,"김승철, 배태근",2007년,"P의 거짓,고양이와스프,스컬,브라운더스트2,DJMax,A.V.A,피망포커,피망고스톱",
283314,[LOST ARK Mobile] FQA 담당,스마일게이트,18140850,경력3년↑ ,학력무관,정규직,채용시,QA·테스터,QA·테스터,https://file.gamejob.co.kr/net/Corp/CoImage/LogoView?FN=2026\1\GJ_CoLogo_18140850.png?639029622750000000,성준호,2011년,"LOST ARK, LOST ARK Mobile",
283315,[LOST ARK Mobile] 클라이언트개발(전투컨텐츠) 담당,스마일게이트,18140850,경력3년↑ ,학력무관,정규직,채용시,게임개발(클라이언트),게임개발(클라이언트);게임개발(모바일),https://file.gamejob.co.kr/net/Corp/CoImage/LogoView?FN=2026\1\GJ_CoLogo_18140850.png?639029622750000000,성준호,2011년,"LOST ARK, LOST ARK Mobile",
283318,[LOST ARK Mobile] 클라이언트개발(컨텐츠) 담당,스마일게이트,18140850,경력5년↑ ,학력무관,정규직,채용시,게임개발(클라이언트),게임개발(클라이언트);게임개발(모바일),https://file.gamejob.co.kr/net/Corp/CoImage/LogoView?FN=2026\1\GJ_CoLogo_18140850.png?639029622750000000,성준호,2011년,"LOST ARK, LOST ARK Mobile",
283312,[LOST ARK Mobile] 클라이언트개발(엔진) 담당,스마일게이트,18140850,경력3년↑ ,학력무관,정규직,채용시,게임개발(클라이언트),게임개발(클라이언트);게임개발(모바일),https://file.gamejob.co.kr/net/Corp/CoImage/LogoView?FN=2026\1\GJ_CoLogo_18140850.png?639029622750000000,성준호,2011년,"LOST ARK, LOST ARK Mobile",
283306,[LOST ARK Mobile] 효과음 담당,스마일게이트,18140850,경력3년↑ ,학력무관,정규직,채용시,사운드 제작,사운드 제작,https://file.gamejob.co.kr/net/Corp/CoImage/LogoView?FN=2026\1\GJ_CoLogo_18140850.png?639029622750000000,성준호,2011년,"LOST ARK, LOST ARK Mobile",
283317,[LOST ARK Mobile] 전투기획 담당,스마일게이트,18140850,경력3년↑ ,학력무관,정규직,채용시,게임기획,게임기획,https://file.gamejob.co.kr/net/Corp/CoImage/LogoView?FN=2026\1\GJ_CoLogo_18140850.png?639029622750000000,성준호,2011년,"LOST ARK, LOST ARK Mobile",
283313,[LOST ARK Mobile] 밸런스기획 담당,스마일게이트,18140850,경력2년↑ ,학력무관,정규직,채용시,게임기획,게임기획,https://file.gamejob.co.kr/net/Corp/CoImage/LogoView?FN=2026\1\GJ_CoLogo_18140850.png?639029622750000000,성준호,2011년,"LOST ARK, LOST ARK Mobile",
283319,[LOST ARK Mobile] 밸런스기획 담당 모집 (팀장급),스마일게이트,18140850,경력10년↑ ,학력무관,정규직,채용시,게임기획,게임기획,https://file.gamejob.co.kr/net/Corp/CoImage/LogoView?FN=2026\1\GJ_CoLogo_18140850.png?639029622750000000,성준호,2011년,"LOST ARK, LOST ARK Mobile",
282246,[RX 스튜디오] 콘텐츠 기획자,㈜넥슨게임즈,13488254,경력무관,학력무관,정규직,채용시,게임개발(모바일),게임개발(모바일);게임기획,https://file.gamejob.co.kr/net/Corp/CoImage/LogoView?FN=2022\4\GJ_CoLogo_13488254.png?638749795300000000,박용현,2013년,"히트2, 블루아카이브, 서든어택, V4",
283309,[LOST ARK Mobile] 3D 레벨디자인 담당,스마일게이트,18140850,경력무관,학력무관,정규직,채용시,인터페이스 디자인,인터페이스 디자인;모델링,https://file.gamejob.co.kr/net/Corp/CoImage/LogoView?FN=2026\1\GJ_CoLogo_18140850.png?639029622750000000,성준호,2011년,"LOST ARK, LOST ARK Mobile",
283305,[LOST ARK] 3D 레벨디자인(그래픽) 담당,스마일게이트,18140850,경력2년↑ ,학력무관,정규직,채용시,모델링,모델링,https://file.gamejob.co.kr/net/Corp/CoImage/LogoView?FN=2026\1\GJ_CoLogo_18140850.png?639029622750000000,성준호,2011년,"LOST ARK, LOST ARK Mobile",
283297,[메이플스토리] AI 엔지니어,넥슨,11527672,경력3년↑ ,학력무관,정규직,07/29(수),엔진,엔진,https://file.gamejob.co.kr/net/Corp/CoImage/LogoView?FN=2013\8\GJ_Co_nexonhr.jpg?638537985480000000,강대현·김정욱,1994년,"메이플스토리, 던전앤파이터, 카트라이더, 마비노기",
283293,[라이브본부] 마비노기 미국 게임사업 PM,넥슨,11527672,경력5년↑ ,학력무관,정규직,07/29(수),사업관리,사업관리,https://file.gamejob.co.kr/net/Corp/CoImage/LogoView?FN=2013\8\GJ_Co_nexonhr.jpg?638537985480000000,강대현·김정욱,1994년,"메이플스토리, 던전앤파이터, 카트라이더, 마비노기",
281199,[RX 스튜디오] 시니어 스킬 기획자,㈜넥슨게임즈,13488254,경력무관,학력무관,정규직,채용시,게임개발(모바일),게임개발(모바일);게임기획,https://file.gamejob.co.kr/net/Corp/CoImage/LogoView?FN=2022\4\GJ_CoLogo_13488254.png?638749795300000000,박용현,2013년,"히트2, 블루아카이브, 서든어택, V4",
283249,[아스트라에 오라티오] 외주관리 PM 모집,디나미스원㈜,44438003,경력무관,학력무관,정규직,채용시,사업기획(국내),사업기획(국내);사업기획(해외);사업관리,https://file.gamejob.co.kr/net/Corp/CoImage/LogoView?FN=2024\8\GJ_CoLogo_44438003.png?639207724800000000,박병림,2024년,아스트라에 오라티오,
283225,[인사] HR 인사기획 담당자,넥슨,11527672,경력5년↑ ,학력무관,정규직,07/29(수),인사,인사,https://file.gamejob.co.kr/net/Corp/CoImage/LogoView?FN=2013\8\GJ_Co_nexonhr.jpg?638537985480000000,강대현·김정욱,1994년,"메이플스토리, 던전앤파이터, 카트라이더, 마비노기",
283235,[컴투스] 서머너즈워 차기 RPG 캐릭터모델러 (3년 이상),주식회사 컴투스,11526566,경력3년↑ ,학력무관,정규직,07/29(수),게임AI 개발,게임AI 개발;인터페이스 디자인;원화;애니메이션;이펙트·FX,https://file.gamejob.co.kr/net/Corp/CoImage/LogoView?FN=2022\6\GJ_CoLogo_11526566.jpg?638550133550000000,남재관,1998년,"서머너즈워, 프로야구시리즈, 낚시의신, 서머너즈워:백년전쟁 등",
283229,[컴투스] 웹 기획자 (계약직/3년 이상),주식회사 컴투스,11526566,경력3년↑ ,학력무관,계약직,07/29(수),게임개발(클라이언트),게임개발(클라이언트);게임AI 개발;인터페이스 디자인;게임기획;서버,https://file.gamejob.co.kr/net/Corp/CoImage/LogoView?FN=2022\6\GJ_CoLogo_11526566.jpg?638550133550000000,남재관,1998년,"서머너즈워, 프로야구시리즈, 낚시의신, 서머너즈워:백년전쟁 등",
283227,[컴투스] [서머너즈워] 컨텐츠 기획자 (1년 이상),주식회사 컴투스,11526566,경력1년↑ ,학력무관,정규직,07/29(수),게임기획,게임기획,https://file.gamejob.co.kr/net/Corp/CoImage/LogoView?FN=2022\6\GJ_CoLogo_11526566.jpg?638550133550000000,남재관,1998년,"서머너즈워, 프로야구시리즈, 낚시의신, 서머너즈워:백년전쟁 등",
283224,[시프트업] 프로젝트 스피릿 / 레벨 디자이너,㈜시프트업,15704099,경력3년↑ ,학력무관,정규직,채용시,게임기획,게임기획,https://file.gamejob.co.kr/net/Corp/CoImage/LogoView?FN=2023\10\GJ_CoLogo_15704099.png?639087678030000000,김형태,2013년,"승리의 여신: 니케, 스텔라 블레이드, 데스티니차일드",
283205,[슈터본부] 엠바크시너지실 UI 디자이너 (계약직),넥슨,11527672,경력5년↑ ,학력무관,계약직,07/28(화),인터페이스 디자인,인터페이스 디자인,https://file.gamejob.co.kr/net/Corp/CoImage/LogoView?FN=2013\8\GJ_Co_nexonhr.jpg?638537985480000000,강대현·김정욱,1994년,"메이플스토리, 던전앤파이터, 카트라이더, 마비노기",
282959,[펄어비스] 검은사막 온라인 게임플레이 프로그래머 모집,㈜펄어비스,11533789,경력3년↑ ,학력무관,정규직,채용시,게임개발(클라이언트),게임개발(클라이언트);게임개발(모바일);게임AI 개발,https://file.gamejob.co.kr/net/Corp/CoImage/LogoView?FN=2019\12\GJ_CoLogo_11533789.png?639167708210000000,허진영,2010년,"검은사막, 붉은사막",
282957,[펄어비스] 게임기획 직군별 모집,㈜펄어비스,11533789,경력무관,학력무관,계약직,채용시,게임기획,게임기획,https://file.gamejob.co.kr/net/Corp/CoImage/LogoView?FN=2019\12\GJ_CoLogo_11533789.png?639167708210000000,허진영,2010년,"검은사막, 붉은사막",
282956,[펄어비스] 게임플레이 프로그래머 모집,㈜펄어비스,11533789,경력2년↑ ,학력무관,정규직,채용시,게임개발(클라이언트),게임개발(클라이언트);게임개발(모바일);게임AI 개발,https://file.gamejob.co.kr/net/Corp/CoImage/LogoView?FN=2019\12\GJ_CoLogo_11533789.png?639167708210000000,허진영,2010년,"검은사막, 붉은사막",
283214,[펄어비스] [신입/경력] 검은사막 PC 러시아 운영 담당자 모집,㈜펄어비스,11533789,신입,학력무관,정규직,채용시,게임운영,게임운영,https://file.gamejob.co.kr/net/Corp/CoImage/LogoView?FN=2019\12\GJ_CoLogo_11533789.png?639167708210000000,허진영,2010년,"검은사막, 붉은사막",
283203,[카오스 제로 나이트메어] 개발PM,(주)스마일게이트 슈퍼크리에이티브 지점,18216698,경력5년↑ ,학력무관,정규직,채용시,사업기획(국내),사업기획(국내);사업기획(해외);사업관리;퍼블리싱;해외지사 관리,https://file.gamejob.co.kr/net/Corp/CoImage/LogoView?FN=2024\7\GJ_CoLogo_18216698.png?638996643070000000,성준호,2015년,"에픽세븐, 카오스 제로 나이트메어",
283201,[카오스 제로 나이트메어] 시스템 기획자,(주)스마일게이트 슈퍼크리에이티브 지점,18216698,경력5년↑ ,학력무관,정규직,채용시,게임기획,게임기획,https://file.gamejob.co.kr/net/Corp/CoImage/LogoView?FN=2024\7\GJ_CoLogo_18216698.png?638996643070000000,성준호,2015년,"에픽세븐, 카오스 제로 나이트메어",
282397,[카오스 제로 나이트메어] 전투 기획자,(주)스마일게이트 슈퍼크리에이티브 지점,18216698,경력2년↑ ,학력무관,정규직,채용시,게임기획,게임기획,https://file.gamejob.co.kr/net/Corp/CoImage/LogoView?FN=2024\7\GJ_CoLogo_18216698.png?638996643070000000,성준호,2015년,"에픽세븐, 카오스 제로 나이트메어",
283132,[HR Div.] Executive Assistant (2년 이상 / 계약직),(주)크래프톤,22302337,경력2년↑ ,학력무관,계약직,채용시,사무·회계,사무·회계,https://file.gamejob.co.kr/net/Corp/CoImage/LogoView?FN=2026\3\GJ_CoLogo_22302337.png?639084112890000000,김창한,2007년,PUBG: 배틀그라운드,
283197,[넷마블네오] 블룸워커 캐릭터모델링 담당 모집,넷마블네오,37126660,경력8년↑ ,학력무관,정규직,채용시,원화,원화;모델링,https://file.gamejob.co.kr/net/Corp/CoImage/LogoView?FN=2022\4\GJ_CoLogo_37126660.png?638950298550000000,권영식,2012년,"뱀피르, 나 혼자만 레벨업, 왕좌의게임, 제2의나라, 리니지2레볼루션",
283168,[넷마블네오] 영상연출 담당 모집,넷마블네오,37126660,경력무관,학력무관,정규직,채용시,애니메이션,애니메이션,https://file.gamejob.co.kr/net/Corp/CoImage/LogoView?FN=2022\4\GJ_CoLogo_37126660.png?638950298550000000,권영식,2012년,"뱀피르, 나 혼자만 레벨업, 왕좌의게임, 제2의나라, 리니지2레볼루션",
283156,[아스트라에 오라티오] 시스템 기획자 모집,디나미스원㈜,44438003,경력무관,학력무관,정규직,채용시,게임개발(모바일),게임개발(모바일);게임기획,https://file.gamejob.co.kr/net/Corp/CoImage/LogoView?FN=2024\8\GJ_CoLogo_44438003.png?639207724800000000,박병림,2024년,아스트라에 오라티오,
282883,[신작팀] Product Owner,㈜베이글코드,13322486,경력무관,학력무관,정규직,채용시,게임기획,게임기획;플랫폼 기획;정보·빅데이터 분석,https://file.gamejob.co.kr/net/Corp/CoImage/LogoView?FN=2019\1\GJ_Co_bagelcode.jpg?638568253930000000,김준영 윤일환,2012년,"Club Vegas, Jackpotjoy Slots",
283115,[NC][Project NL] 차세대 리니지 프로젝트 전투 기획자 모집,NC,11525247,경력2년↑ ,학력무관,정규직,~09/26,게임개발(클라이언트),게임개발(클라이언트);게임AI 개발;게임기획,https://file.gamejob.co.kr/net/Corp/CoImage/LogoView?FN=2022\11\GJ_CoLogo_11525247.jpg?639213837730000000,"김택진, 박병무",1997년,"리니지, 리니지Ⅱ, AION 등",
283143,[IO본부] 머신러닝 엔지니어,㈜넥슨게임즈,13488254,경력무관,학력무관,정규직,채용시,게임AI 개발,게임AI 개발;플랫폼 개발;엔진;시스템·DB;클라우드,https://file.gamejob.co.kr/net/Corp/CoImage/LogoView?FN=2022\4\GJ_CoLogo_13488254.png?638749795300000000,박용현,2013년,"히트2, 블루아카이브, 서든어택, V4",
283090,[던전앤파이터 아라드] 연출 애니메이터,㈜넥슨게임즈,13488254,경력2년↑ ,학력무관,정규직,채용시,애니메이션,애니메이션,https://file.gamejob.co.kr/net/Corp/CoImage/LogoView?FN=2022\4\GJ_CoLogo_13488254.png?638749795300000000,박용현,2013년,"히트2, 블루아카이브, 서든어택, V4",
283101,[오딘Q-발키리스콜] 애니메이터 모집,라이온하트스튜디오,27153410,경력3년↑ ,학력무관,정규직,채용시,애니메이션,애니메이션,https://file.gamejob.co.kr/net/Corp/CoImage/LogoView?FN=2019\2\GJ_Co_lion0510.jpg?638997552230000000,김재영,2018년,오딘: 발할라 라이징,
283092,[시프트업] 승리의 여신 니케 / UI 디자이너,㈜시프트업,15704099,경력무관,학력무관,정규직,채용시,인터페이스 디자인,인터페이스 디자인,https://file.gamejob.co.kr/net/Corp/CoImage/LogoView?FN=2023\10\GJ_CoLogo_15704099.png?639087678030000000,김형태,2013년,"승리의 여신: 니케, 스텔라 블레이드, 데스티니차일드",
283091,[시프트업] 승리의 여신 니케 / 시나리오 라이터,㈜시프트업,15704099,경력무관,학력무관,정규직,채용시,게임기획,게임기획,https://file.gamejob.co.kr/net/Corp/CoImage/LogoView?FN=2023\10\GJ_CoLogo_15704099.png?639087678030000000,김형태,2013년,"승리의 여신: 니케, 스텔라 블레이드, 데스티니차일드",
283086,[컴투스홀딩] [스타세일러] 사업PM (8년 이상),주식회사 컴투스,11526566,경력무관,학력무관,정규직,07/24(금),게임개발(클라이언트),게임개발(클라이언트);게임개발(모바일);게임기획;게임운영,https://file.gamejob.co.kr/net/Corp/CoImage/LogoView?FN=2022\6\GJ_CoLogo_11526566.jpg?638550133550000000,남재관,1998년,"서머너즈워, 프로야구시리즈, 낚시의신, 서머너즈워:백년전쟁 등",
281737,[프로젝트 BB] 픽셀아티스트,딜로퀘스트,50204664,경력3년↑ ,,정규직,06/22(월),원화,원화,https://file.gamejob.co.kr/net/Corp/CoImage/LogoView?FN=2026\6\GJ_CoLogo_50204664.jpg?639179117090000000,김종율,2025년,-,
281731,[프로젝트 BB] UI/UX 디자이너,딜로퀘스트,50204664,경력7년↑ ,,정규직,06/22(월),인터페이스 디자인,인터페이스 디자인;게임기획,https://file.gamejob.co.kr/net/Corp/CoImage/LogoView?FN=2026\6\GJ_CoLogo_50204664.jpg?639179117090000000,김종율,2025년,-,
281702,[프로젝트 BB] 테크니컬 아티스트,딜로퀘스트,50204664,경력3년↑ ,,정규직,06/22(월),모델링,모델링,https://file.gamejob.co.kr/net/Corp/CoImage/LogoView?FN=2026\6\GJ_CoLogo_50204664.jpg?639179117090000000,김종율,2025년,-,
281736,[프로젝트 BB] 캐릭터 컨셉 아티스트,딜로퀘스트,50204664,경력5년↑ ,,정규직,06/22(월),원화,원화,https://file.gamejob.co.kr/net/Corp/CoImage/LogoView?FN=2026\6\GJ_CoLogo_50204664.jpg?639179117090000000,김종율,2025년,-,
281784,[프로젝트 BB] 이펙트 아티스트,딜로퀘스트,50204664,경력3년↑ ,,정규직,06/22(월),이펙트·FX,이펙트·FX;게임기획,https://file.gamejob.co.kr/net/Corp/CoImage/LogoView?FN=2026\6\GJ_CoLogo_50204664.jpg?639179117090000000,김종율,2025년,-,
282948,[펄어비스] [아르바이트] 캐릭터 모델링 리소스 최적화,㈜펄어비스,11533789,경력무관,학력무관,아르바이트,채용시,모델링,모델링,https://file.gamejob.co.kr/net/Corp/CoImage/LogoView?FN=2019\12\GJ_CoLogo_11533789.png?639167708210000000,허진영,2010년,"검은사막, 붉은사막",
282947,[펄어비스] [아트 인턴십] 영상 디자인,㈜펄어비스,11533789,경력무관,학력무관,인턴직,채용시,영상제작·편집,영상제작·편집,https://file.gamejob.co.kr/net/Corp/CoImage/LogoView?FN=2019\12\GJ_CoLogo_11533789.png?639167708210000000,허진영,2010년,"검은사막, 붉은사막",
282940,[펄어비스] [아트 인턴십] 캐릭터 모델링,㈜펄어비스,11533789,경력무관,학력무관,인턴직,채용시,모델링,모델링,https://file.gamejob.co.kr/net/Corp/CoImage/LogoView?FN=2019\12\GJ_CoLogo_11533789.png?639167708210000000,허진영,2010년,"검은사막, 붉은사막",
282943,[펄어비스] [아트 인턴십] 배경 모델링 및 레벨,㈜펄어비스,11533789,경력무관,학력무관,인턴직,채용시,모델링,모델링,https://file.gamejob.co.kr/net/Corp/CoImage/LogoView?FN=2019\12\GJ_CoLogo_11533789.png?639167708210000000,허진영,2010년,"검은사막, 붉은사막",
282945,[펄어비스] [아트 인턴십] 애니메이션,㈜펄어비스,11533789,경력무관,학력무관,인턴직,채용시,애니메이션,애니메이션,https://file.gamejob.co.kr/net/Corp/CoImage/LogoView?FN=2019\12\GJ_CoLogo_11533789.png?639167708210000000,허진영,2010년,"검은사막, 붉은사막",
283024,VFX 디자이너를 모십니다. (경력 10년이상),라이징윙스,12595615,경력 10년,학력무관,정규직,~10/21,게임개발(모바일),게임개발(모바일);게임AI 개발;이펙트·FX,https://file.gamejob.co.kr/net/Corp/CoImage/LogoView?FN=2021\2\GJ_CoLogo_12595615.png?639161957120000000,안병천,2012년,"골프킹, 미니골프킹 외 다수",
283037,[시프트업] 승리의 여신 니케 / 3D 애니메이터,㈜시프트업,15704099,경력무관,학력무관,정규직,채용시,애니메이션,애니메이션,https://file.gamejob.co.kr/net/Corp/CoImage/LogoView?FN=2023\10\GJ_CoLogo_15704099.png?639087678030000000,김형태,2013년,"승리의 여신: 니케, 스텔라 블레이드, 데스티니차일드",
282211,Live-Ops 게임 PD(7년 이상),슈퍼센트,36674893,경력7년↑ ,학력무관,정규직,채용시,게임기획,게임기획;QA·테스터;사업기획(국내);사업기획(해외);사업관리,https://file.gamejob.co.kr/net/Corp/CoImage/LogoView?FN=2022\2\GJ_CoLogo_36674893.png?639147854180000000,공준식,2021년,"XP Hero, Burger Please!, Pizza Ready!, Snake Clash",
283017,[오딘-발할라 라이징] 콘텐츠 기획자 모집,라이온하트스튜디오,27153410,경력4년↑ ,학력무관,정규직,채용시,게임기획,게임기획,https://file.gamejob.co.kr/net/Corp/CoImage/LogoView?FN=2019\2\GJ_Co_lion0510.jpg?638997552230000000,김재영,2018년,오딘: 발할라 라이징,
283019,[프로젝트O] 배경 원화가 모집,라이온하트스튜디오,27153410,경력7년↑ ,학력무관,정규직,채용시,원화,원화,https://file.gamejob.co.kr/net/Corp/CoImage/LogoView?FN=2019\2\GJ_Co_lion0510.jpg?638997552230000000,김재영,2018년,오딘: 발할라 라이징,
283016,[플랫폼본부] UA실 서버 프로그래머,넥슨,11527672,경력5년↑ ,학력무관,정규직,07/23(목),서버,서버,https://file.gamejob.co.kr/net/Corp/CoImage/LogoView?FN=2013\8\GJ_Co_nexonhr.jpg?638537985480000000,강대현·김정욱,1994년,"메이플스토리, 던전앤파이터, 카트라이더, 마비노기",
282865,[아스트라에 오라티오] IP 비즈니스 매니저 모집,디나미스원㈜,44438003,신입,학력무관,정규직,채용시,사업기획(국내),사업기획(국내);사업기획(해외);사업관리,https://file.gamejob.co.kr/net/Corp/CoImage/LogoView?FN=2024\8\GJ_CoLogo_44438003.png?639207724800000000,박병림,2024년,아스트라에 오라티오,
283005,3D 애니메이터를 모십니다. (경력 10년이상),라이징윙스,12595615,경력 10년,학력무관,정규직,~10/20,애니메이션,애니메이션,https://file.gamejob.co.kr/net/Corp/CoImage/LogoView?FN=2021\2\GJ_CoLogo_12595615.png?639161957120000000,안병천,2012년,"골프킹, 미니골프킹 외 다수",
282996,[오딘Q-발키리스콜] 연출 애니메이터 모집,라이온하트스튜디오,27153410,경력3년↑ ,학력무관,정규직,채용시,이펙트·FX,이펙트·FX,https://file.gamejob.co.kr/net/Corp/CoImage/LogoView?FN=2019\2\GJ_Co_lion0510.jpg?638997552230000000,김재영,2018년,오딘: 발할라 라이징,
274647,[9B Studio/Project PX] Server Programmer (5년 이상),(주)크래프톤,22302337,경력5년↑ ,학력무관,정규직,채용시,게임개발(클라이언트),게임개발(클라이언트);서버,https://file.gamejob.co.kr/net/Corp/CoImage/LogoView?FN=2026\3\GJ_CoLogo_22302337.png?639084112890000000,김창한,2007년,PUBG: 배틀그라운드,
282762,[컴투스] 서머너즈워 차기 RPG 캐릭터모델러 (3년 이상),주식회사 컴투스,11526566,경력3년↑ ,학력무관,정규직,07/15(수),게임AI 개발,게임AI 개발;인터페이스 디자인;원화;애니메이션;이펙트·FX,https://file.gamejob.co.kr/net/Corp/CoImage/LogoView?FN=2022\6\GJ_CoLogo_11526566.jpg?638550133550000000,남재관,1998년,"서머너즈워, 프로야구시리즈, 낚시의신, 서머너즈워:백년전쟁 등",
282976,[Chrono Odyssey] 엔진 프로그래머 모집,㈜크로노스튜디오,43834799,경력3년↑ ,학력무관,정규직,~09/20,게임개발(클라이언트),게임개발(클라이언트);게임개발(모바일);엔진,https://file.gamejob.co.kr/net/Corp/CoImage/LogoView?FN=2024\3\GJ_CoLogo_43834799.png?639142699500000000,배봉건,2024년,Chrono Odyssey,
281662,[크로노스튜디오] 투자전략기획 담당자 모집,㈜크로노스튜디오,43834799,경력3년↑ ,학력무관,정규직,채용시,전략기획,전략기획;경영분석;사무·회계;통계,https://file.gamejob.co.kr/net/Corp/CoImage/LogoView?FN=2024\3\GJ_CoLogo_43834799.png?639142699500000000,배봉건,2024년,Chrono Odyssey,
282969,[컴투스] 회계/세무 담당자 (3-6년),주식회사 컴투스,11526566,경력3년↑ ,,정규직,07/21(화),사업기획(국내),사업기획(국내);사무·회계;재무;회계;경리,https://file.gamejob.co.kr/net/Corp/CoImage/LogoView?FN=2022\6\GJ_CoLogo_11526566.jpg?638550133550000000,남재관,1998년,"서머너즈워, 프로야구시리즈, 낚시의신, 서머너즈워:백년전쟁 등",
271653,[111퍼센트] 정보보안 담당자,111퍼센트㈜,20978266,경력3년↑ ,학력무관,정규직,채용시,보안,보안,https://file.gamejob.co.kr/net/Corp/CoImage/LogoView?FN=2025\9\GJ_CoLogo_20978266.png?639207709370000000,김강안,2015년,"운빨존많겜, 랜덤다이스:디펜스",
281761,[111퍼센트][라이브] 게임 클라이언트 개발자,111퍼센트㈜,20978266,경력3년↑ ,학력무관,정규직,채용시,게임개발(클라이언트),게임개발(클라이언트),https://file.gamejob.co.kr/net/Corp/CoImage/LogoView?FN=2025\9\GJ_CoLogo_20978266.png?639207709370000000,김강안,2015년,"운빨존많겜, 랜덤다이스:디펜스",
282913,[111퍼센트][스팀(Steam)] 콘텐츠 마케터,111퍼센트㈜,20978266,경력3년↑ ,학력무관,정규직,채용시,마케팅,마케팅;홍보;해외 마케팅;프로모션;퍼블리싱,https://file.gamejob.co.kr/net/Corp/CoImage/LogoView?FN=2025\9\GJ_CoLogo_20978266.png?639207709370000000,김강안,2015년,"운빨존많겜, 랜덤다이스:디펜스",
281254,[Overkill] 시니어 시스템 기획자 (근무지 제주본사),네오플,11526014,경력8년↑ ,학력무관,정규직,채용시,게임기획,게임기획,https://file.gamejob.co.kr/net/Corp/CoImage/LogoView?FN=2006\12\1a0967c04951644ac3db68519b7449ab_neo_logo.gif?639064064610000000,윤명진,2001년,"던전앤파이터, 던전앤파이터 모바일, 사이퍼즈, 퍼스트 버서커 : 카잔",
282958,[펄어비스] 시나리오 및 대사 설정 담당자,㈜펄어비스,11533789,경력무관,학력무관,계약직,채용시,게임기획,게임기획,https://file.gamejob.co.kr/net/Corp/CoImage/LogoView?FN=2019\12\GJ_CoLogo_11533789.png?639167708210000000,허진영,2010년,"검은사막, 붉은사막",
281550,[Overkill] UI/UX 기획자 (근무지 서울지사),네오플,11526014,경력7년↑ ,학력무관,정규직,채용시,인터페이스 디자인,인터페이스 디자인,https://file.gamejob.co.kr/net/Corp/CoImage/LogoView?FN=2006\12\1a0967c04951644ac3db68519b7449ab_neo_logo.gif?639064064610000000,윤명진,2001년,"던전앤파이터, 던전앤파이터 모바일, 사이퍼즈, 퍼스트 버서커 : 카잔",
281255,[Overkill] UI/UX 기획자 (근무지 제주본사),네오플,11526014,경력7년↑ ,학력무관,정규직,채용시,인터페이스 디자인,인터페이스 디자인,https://file.gamejob.co.kr/net/Corp/CoImage/LogoView?FN=2006\12\1a0967c04951644ac3db68519b7449ab_neo_logo.gif?639064064610000000,윤명진,2001년,"던전앤파이터, 던전앤파이터 모바일, 사이퍼즈, 퍼스트 버서커 : 카잔",
282950,[펄어비스] 게임 엔진 프로그래머 모집,㈜펄어비스,11533789,경력2년↑ ,학력무관,정규직,채용시,게임개발(클라이언트),게임개발(클라이언트);게임개발(모바일);게임AI 개발,https://file.gamejob.co.kr/net/Corp/CoImage/LogoView?FN=2019\12\GJ_CoLogo_11533789.png?639167708210000000,허진영,2010년,"검은사막, 붉은사막",
282902,[Live-Ops] 게임 UI/UX 디자이너(3년 이상),슈퍼센트,36674893,경력3년↑ ,학력무관,정규직,채용시,인터페이스 디자인,인터페이스 디자인;원화;모델링,https://file.gamejob.co.kr/net/Corp/CoImage/LogoView?FN=2022\2\GJ_CoLogo_36674893.png?639147854180000000,공준식,2021년,"XP Hero, Burger Please!, Pizza Ready!, Snake Clash",
282903,ASO 전문가(3년 이상),슈퍼센트,36674893,경력3년↑ ,학력무관,정규직,채용시,정보·빅데이터 분석,정보·빅데이터 분석;마케팅;홍보,https://file.gamejob.co.kr/net/Corp/CoImage/LogoView?FN=2022\2\GJ_CoLogo_36674893.png?639147854180000000,공준식,2021년,"XP Hero, Burger Please!, Pizza Ready!, Snake Clash",
282917,[NC][단기계약직][Bonfire] 신규 FPS 배경 모델러 모집,NC,11525247,신입,학력무관,계약직,~09/19,원화,원화;모델링;애니메이션,https://file.gamejob.co.kr/net/Corp/CoImage/LogoView?FN=2022\11\GJ_CoLogo_11525247.jpg?639213837730000000,"김택진, 박병무",1997년,"리니지, 리니지Ⅱ, AION 등",
279630,[Art Dept.] 모션캡처 촬영/데이터 작업자 (신입) (신입 / 계약직),(주)크래프톤,22302337,신입,학력무관,계약직,채용시,애니메이션,애니메이션,https://file.gamejob.co.kr/net/Corp/CoImage/LogoView?FN=2026\3\GJ_CoLogo_22302337.png?639084112890000000,김창한,2007년,PUBG: 배틀그라운드,
279633,[Art Dept.] 모션캡처 촬영/데이터 작업자 (주니어) (3년 이상 / 계약직),(주)크래프톤,22302337,경력3년↑ ,학력무관,계약직,채용시,애니메이션,애니메이션,https://file.gamejob.co.kr/net/Corp/CoImage/LogoView?FN=2026\3\GJ_CoLogo_22302337.png?639084112890000000,김창한,2007년,PUBG: 배틀그라운드,
282218,[DATA&AI] LLM Ops Engineer,㈜베이글코드,13322486,경력3년↑ ,학력무관,정규직,채용시,게임AI 개발,게임AI 개발;시스템·DB;클라우드,https://file.gamejob.co.kr/net/Corp/CoImage/LogoView?FN=2019\1\GJ_Co_bagelcode.jpg?638568253930000000,김준영 윤일환,2012년,"Club Vegas, Jackpotjoy Slots",
282839,[CVS] Product Owner,㈜베이글코드,13322486,경력무관,학력무관,정규직,채용시,게임기획,게임기획;플랫폼 기획;정보·빅데이터 분석,https://file.gamejob.co.kr/net/Corp/CoImage/LogoView?FN=2019\1\GJ_Co_bagelcode.jpg?638568253930000000,김준영 윤일환,2012년,"Club Vegas, Jackpotjoy Slots",
282758,[AI센터] AI 웹서비스 개발 담당,스마일게이트,18140850,경력3년↑ ,학력무관,정규직,채용시,게임AI 개발,게임AI 개발,https://file.gamejob.co.kr/net/Corp/CoImage/LogoView?FN=2026\1\GJ_CoLogo_18140850.png?639029622750000000,성준호,2011년,"LOST ARK, LOST ARK Mobile",
282871,[플랫폼본부] 리텐션솔루션실 커뮤니티 서버 개발자 (계약직),넥슨,11527672,경력3년↑ ,학력무관,계약직,07/20(월),서버,서버,https://file.gamejob.co.kr/net/Corp/CoImage/LogoView?FN=2013\8\GJ_Co_nexonhr.jpg?638537985480000000,강대현·김정욱,1994년,"메이플스토리, 던전앤파이터, 카트라이더, 마비노기",
282872,[플랫폼본부] UA실 UA 매니저,넥슨,11527672,경력3년↑ ,학력무관,정규직,07/20(월),마케팅,마케팅,https://file.gamejob.co.kr/net/Corp/CoImage/LogoView?FN=2013\8\GJ_Co_nexonhr.jpg?638537985480000000,강대현·김정욱,1994년,"메이플스토리, 던전앤파이터, 카트라이더, 마비노기",
282864,[아스트라에 오라티오] UI 디자이너 모집,디나미스원㈜,44438003,경력3년↑ ,학력무관,정규직,채용시,게임개발(모바일),게임개발(모바일);인터페이스 디자인,https://file.gamejob.co.kr/net/Corp/CoImage/LogoView?FN=2024\8\GJ_CoLogo_44438003.png?639207724800000000,박병림,2024년,아스트라에 오라티오,
282815,[블루아카이브] 3D 배경 모델링 담당자(계약직),㈜넥슨게임즈,13488254,경력무관,학력무관,계약직,채용시,모델링,모델링,https://file.gamejob.co.kr/net/Corp/CoImage/LogoView?FN=2022\4\GJ_CoLogo_13488254.png?638749795300000000,박용현,2013년,"히트2, 블루아카이브, 서든어택, V4",
282800,[시프트업] 신규 프로젝트 / UI 디자이너,㈜시프트업,15704099,경력3년↑ ,학력무관,정규직,채용시,인터페이스 디자인,인터페이스 디자인,https://file.gamejob.co.kr/net/Corp/CoImage/LogoView?FN=2023\10\GJ_CoLogo_15704099.png?639087678030000000,김형태,2013년,"승리의 여신: 니케, 스텔라 블레이드, 데스티니차일드",
282798,[위메이드커넥트] 서브컬쳐 게임 사업PM 모집,㈜위메이드커넥트,11530731,경력5년↑ ,학력무관,정규직,채용시,사업기획(국내),사업기획(국내);사업기획(해외);사업관리,https://file.gamejob.co.kr/net/Corp/CoImage/LogoView?FN=2021\12\GJ_CoLogo_11530731.png?639093559510000000,이호대,2007년,"로스트소드, 여신의키스, 프리프유니버스, 서먼헌터키우기, 에브리타운, 어비스리움",
282736,[던전앤파이터] 스크립트 AI QA 분석가 (계약직) (근무지 제주본사),네오플,11526014,경력무관,학력무관,계약직,채용시,QA·테스터,QA·테스터,https://file.gamejob.co.kr/net/Corp/CoImage/LogoView?FN=2006\12\1a0967c04951644ac3db68519b7449ab_neo_logo.gif?639064064610000000,윤명진,2001년,"던전앤파이터, 던전앤파이터 모바일, 사이퍼즈, 퍼스트 버서커 : 카잔",
282737,[던파클래식] 게임 시나리오 기획자 (근무지 서울지사),네오플,11526014,경력무관,학력무관,정규직,채용시,게임기획,게임기획,https://file.gamejob.co.kr/net/Corp/CoImage/LogoView?FN=2006\12\1a0967c04951644ac3db68519b7449ab_neo_logo.gif?639064064610000000,윤명진,2001년,"던전앤파이터, 던전앤파이터 모바일, 사이퍼즈, 퍼스트 버서커 : 카잔",
282738,[던파클래식] 캐릭터 기획자 (근무지 서울지사),네오플,11526014,경력무관,학력무관,정규직,채용시,게임기획,게임기획,https://file.gamejob.co.kr/net/Corp/CoImage/LogoView?FN=2006\12\1a0967c04951644ac3db68519b7449ab_neo_logo.gif?639064064610000000,윤명진,2001년,"던전앤파이터, 던전앤파이터 모바일, 사이퍼즈, 퍼스트 버서커 : 카잔",
282739,[던파클래식] 컨텐츠 기획자 (근무지 서울지사),네오플,11526014,경력무관,학력무관,정규직,채용시,게임기획,게임기획,https://file.gamejob.co.kr/net/Corp/CoImage/LogoView?FN=2006\12\1a0967c04951644ac3db68519b7449ab_neo_logo.gif?639064064610000000,윤명진,2001년,"던전앤파이터, 던전앤파이터 모바일, 사이퍼즈, 퍼스트 버서커 : 카잔",
282740,[던파클래식] 아이템/파밍 기획자 (근무지 서울지사),네오플,11526014,경력무관,학력무관,정규직,채용시,게임기획,게임기획,https://file.gamejob.co.kr/net/Corp/CoImage/LogoView?FN=2006\12\1a0967c04951644ac3db68519b7449ab_neo_logo.gif?639064064610000000,윤명진,2001년,"던전앤파이터, 던전앤파이터 모바일, 사이퍼즈, 퍼스트 버서커 : 카잔",
282742,[던파클래식] 라이브서비스 기획자 (근무지 서울지사),네오플,11526014,경력무관,학력무관,정규직,채용시,게임기획,게임기획;플랫폼 기획,https://file.gamejob.co.kr/net/Corp/CoImage/LogoView?FN=2006\12\1a0967c04951644ac3db68519b7449ab_neo_logo.gif?639064064610000000,윤명진,2001년,"던전앤파이터, 던전앤파이터 모바일, 사이퍼즈, 퍼스트 버서커 : 카잔",
282743,[프로젝트DL] 빌드/툴/시스템 클라이언트 프로그래머 (근무지 서울지사),네오플,11526014,경력3년↑ ,학력무관,정규직,채용시,게임개발(클라이언트),게임개발(클라이언트),https://file.gamejob.co.kr/net/Corp/CoImage/LogoView?FN=2006\12\1a0967c04951644ac3db68519b7449ab_neo_logo.gif?639064064610000000,윤명진,2001년,"던전앤파이터, 던전앤파이터 모바일, 사이퍼즈, 퍼스트 버서커 : 카잔",
282744,[프로젝트DL] 최적화/보안 클라이언트 프로그래머 (근무지 서울지사),네오플,11526014,경력7년↑ ,학력무관,정규직,채용시,게임개발(클라이언트),게임개발(클라이언트),https://file.gamejob.co.kr/net/Corp/CoImage/LogoView?FN=2006\12\1a0967c04951644ac3db68519b7449ab_neo_logo.gif?639064064610000000,윤명진,2001년,"던전앤파이터, 던전앤파이터 모바일, 사이퍼즈, 퍼스트 버서커 : 카잔",
282745,[프로젝트DL] UI 컨텐츠 클라이언트 프로그래머 (근무지 서울지사),네오플,11526014,경력3년↑ ,학력무관,정규직,채용시,게임개발(클라이언트),게임개발(클라이언트),https://file.gamejob.co.kr/net/Corp/CoImage/LogoView?FN=2006\12\1a0967c04951644ac3db68519b7449ab_neo_logo.gif?639064064610000000,윤명진,2001년,"던전앤파이터, 던전앤파이터 모바일, 사이퍼즈, 퍼스트 버서커 : 카잔",
282746,[프로젝트DL] 던전/전투 클라이언트 프로그래머 (근무지 서울지사),네오플,11526014,경력7년↑ ,학력무관,정규직,채용시,게임개발(클라이언트),게임개발(클라이언트),https://file.gamejob.co.kr/net/Corp/CoImage/LogoView?FN=2006\12\1a0967c04951644ac3db68519b7449ab_neo_logo.gif?639064064610000000,윤명진,2001년,"던전앤파이터, 던전앤파이터 모바일, 사이퍼즈, 퍼스트 버서커 : 카잔",
282747,[프로젝트DL] 재화/아이템 밸런스 기획자 (근무지 서울지사),네오플,11526014,경력7년↑ ,학력무관,정규직,채용시,게임기획,게임기획,https://file.gamejob.co.kr/net/Corp/CoImage/LogoView?FN=2006\12\1a0967c04951644ac3db68519b7449ab_neo_logo.gif?639064064610000000,윤명진,2001년,"던전앤파이터, 던전앤파이터 모바일, 사이퍼즈, 퍼스트 버서커 : 카잔",
282748,[프로젝트DL] 레벨 기획자 (근무지 서울지사),네오플,11526014,경력7년↑ ,학력무관,정규직,채용시,게임기획,게임기획,https://file.gamejob.co.kr/net/Corp/CoImage/LogoView?FN=2006\12\1a0967c04951644ac3db68519b7449ab_neo_logo.gif?639064064610000000,윤명진,2001년,"던전앤파이터, 던전앤파이터 모바일, 사이퍼즈, 퍼스트 버서커 : 카잔",
282749,[프로젝트DL] 캐릭터/몬스터 기획자 (근무지 서울지사),네오플,11526014,경력7년↑ ,학력무관,정규직,채용시,게임기획,게임기획,https://file.gamejob.co.kr/net/Corp/CoImage/LogoView?FN=2006\12\1a0967c04951644ac3db68519b7449ab_neo_logo.gif?639064064610000000,윤명진,2001년,"던전앤파이터, 던전앤파이터 모바일, 사이퍼즈, 퍼스트 버서커 : 카잔",
282750,[프로젝트DL] 던전(제작) 기획자 (근무지 서울지사),네오플,11526014,경력3년↑ ,학력무관,정규직,채용시,게임기획,게임기획,https://file.gamejob.co.kr/net/Corp/CoImage/LogoView?FN=2006\12\1a0967c04951644ac3db68519b7449ab_neo_logo.gif?639064064610000000,윤명진,2001년,"던전앤파이터, 던전앤파이터 모바일, 사이퍼즈, 퍼스트 버서커 : 카잔",
282751,[프로젝트DL] 게임 시스템/컨텐츠 기획자 (근무지 서울지사),네오플,11526014,경력7년↑ ,학력무관,정규직,채용시,게임기획,게임기획,https://file.gamejob.co.kr/net/Corp/CoImage/LogoView?FN=2006\12\1a0967c04951644ac3db68519b7449ab_neo_logo.gif?639064064610000000,윤명진,2001년,"던전앤파이터, 던전앤파이터 모바일, 사이퍼즈, 퍼스트 버서커 : 카잔",
282752,[프로젝트DL] 서버 프로그래머 (근무지 서울지사),네오플,11526014,경력3년↑ ,학력무관,정규직,채용시,서버,서버,https://file.gamejob.co.kr/net/Corp/CoImage/LogoView?FN=2006\12\1a0967c04951644ac3db68519b7449ab_neo_logo.gif?639064064610000000,윤명진,2001년,"던전앤파이터, 던전앤파이터 모바일, 사이퍼즈, 퍼스트 버서커 : 카잔",
282773,[컴투스] 마케팅 데이터 분석가 (5년 이상),주식회사 컴투스,11526566,경력5년↑ ,학력무관,정규직,07/15(수),게임개발(모바일),게임개발(모바일);정보·빅데이터 분석,https://file.gamejob.co.kr/net/Corp/CoImage/LogoView?FN=2022\6\GJ_CoLogo_11526566.jpg?638550133550000000,남재관,1998년,"서머너즈워, 프로야구시리즈, 낚시의신, 서머너즈워:백년전쟁 등",
282772,[컴투스홀딩스] 데이터분석가 (4-8년차),주식회사 컴투스,11526566,경력4년↑ ,학력무관,정규직,07/15(수),게임개발(모바일),게임개발(모바일);정보·빅데이터 분석,https://file.gamejob.co.kr/net/Corp/CoImage/LogoView?FN=2022\6\GJ_CoLogo_11526566.jpg?638550133550000000,남재관,1998년,"서머너즈워, 프로야구시리즈, 낚시의신, 서머너즈워:백년전쟁 등",
282771,[컴투스] [서머너즈워] 차기 RPG UI디자이너 (3년 이상),주식회사 컴투스,11526566,경력3년↑ ,학력무관,정규직,07/15(수),인터페이스 디자인,인터페이스 디자인;모델링;애니메이션;이펙트·FX;게임기획,https://file.gamejob.co.kr/net/Corp/CoImage/LogoView?FN=2022\6\GJ_CoLogo_11526566.jpg?638550133550000000,남재관,1998년,"서머너즈워, 프로야구시리즈, 낚시의신, 서머너즈워:백년전쟁 등",
282769,[컴투스] 서머너즈워 캐릭터모델러 (3년 이상),주식회사 컴투스,11526566,경력3년↑ ,학력무관,정규직,07/15(수),게임AI 개발,게임AI 개발;인터페이스 디자인;원화;애니메이션;이펙트·FX,https://file.gamejob.co.kr/net/Corp/CoImage/LogoView?FN=2022\6\GJ_CoLogo_11526566.jpg?638550133550000000,남재관,1998년,"서머너즈워, 프로야구시리즈, 낚시의신, 서머너즈워:백년전쟁 등",
282768,[컴투스] 서머너즈워 배경모델러 (3년 이상),주식회사 컴투스,11526566,경력3년↑ ,학력무관,정규직,07/15(수),인터페이스 디자인,인터페이스 디자인;모델링;게임기획,https://file.gamejob.co.kr/net/Corp/CoImage/LogoView?FN=2022\6\GJ_CoLogo_11526566.jpg?638550133550000000,남재관,1998년,"서머너즈워, 프로야구시리즈, 낚시의신, 서머너즈워:백년전쟁 등",
282767,[컴투스] 서머너즈워 차기 RPG 배경 컨셉 원화가 (3년 이상),주식회사 컴투스,11526566,경력3년↑ ,학력무관,정규직,07/15(수),게임AI 개발,게임AI 개발;인터페이스 디자인;원화;애니메이션;이펙트·FX,https://file.gamejob.co.kr/net/Corp/CoImage/LogoView?FN=2022\6\GJ_CoLogo_11526566.jpg?638550133550000000,남재관,1998년,"서머너즈워, 프로야구시리즈, 낚시의신, 서머너즈워:백년전쟁 등",
282763,[컴투스] 서머너즈워 차기 RPG 배경모델러 (3년 이상),주식회사 컴투스,11526566,경력3년↑ ,,정규직,07/15(수),인터페이스 디자인,인터페이스 디자인;모델링;게임기획,https://file.gamejob.co.kr/net/Corp/CoImage/LogoView?FN=2022\6\GJ_CoLogo_11526566.jpg?638550133550000000,남재관,1998년,"서머너즈워, 프로야구시리즈, 낚시의신, 서머너즈워:백년전쟁 등",
282761,[컴투스] 서머너즈워 차기 RPG 컨텐츠 기획 (3년 이상),주식회사 컴투스,11526566,경력3년↑ ,학력무관,정규직,07/15(수),게임기획,게임기획,https://file.gamejob.co.kr/net/Corp/CoImage/LogoView?FN=2022\6\GJ_CoLogo_11526566.jpg?638550133550000000,남재관,1998년,"서머너즈워, 프로야구시리즈, 낚시의신, 서머너즈워:백년전쟁 등",
282760,[컴투스][서머너즈워] 배경 컨셉원화 (신입/경력),주식회사 컴투스,11526566,신입,학력무관,정규직,07/15(수),게임AI 개발,게임AI 개발;인터페이스 디자인;원화;애니메이션;이펙트·FX,https://file.gamejob.co.kr/net/Corp/CoImage/LogoView?FN=2022\6\GJ_CoLogo_11526566.jpg?638550133550000000,남재관,1998년,"서머너즈워, 프로야구시리즈, 낚시의신, 서머너즈워:백년전쟁 등",
282757,[컴투스] [서머너즈워] 밸런스 기획자 (계약직),주식회사 컴투스,11526566,경력무관,학력무관,계약직,07/15(수),게임기획,게임기획,https://file.gamejob.co.kr/net/Corp/CoImage/LogoView?FN=2022\6\GJ_CoLogo_11526566.jpg?638550133550000000,남재관,1998년,"서머너즈워, 프로야구시리즈, 낚시의신, 서머너즈워:백년전쟁 등",
282756,[마피아42] 데이터 엔지니어,팀42㈜,19209414,경력3년↑ ,학력무관,정규직,~09/15,시스템·DB,시스템·DB;정보·빅데이터 분석,https://file.gamejob.co.kr/net/Corp/CoImage/LogoView?FN=2023\7\GJ_CoLogo_19209414.jpg?638615949280000000,나성수,2016년,마피아42,
282754,[컴투스] 2026 모바일 QA 담당자 (계약직),주식회사 컴투스,11526566,경력무관,학력무관,계약직,07/15(수),게임기획,게임기획;QA·테스터,https://file.gamejob.co.kr/net/Corp/CoImage/LogoView?FN=2022\6\GJ_CoLogo_11526566.jpg?638550133550000000,남재관,1998년,"서머너즈워, 프로야구시리즈, 낚시의신, 서머너즈워:백년전쟁 등",
282753,[Loonshot Games] 퍼블리싱 & 사업 PM (3년 이상),(주)크래프톤,22302337,경력3년↑ ,학력무관,정규직,채용시,사업기획(국내),사업기획(국내);마케팅,https://file.gamejob.co.kr/net/Corp/CoImage/LogoView?FN=2026\3\GJ_CoLogo_22302337.png?639084112890000000,김창한,2007년,PUBG: 배틀그라운드,
281262,[미디어실] 영상원화가 (근무지 제주본사),네오플,11526014,경력1년↑ ,학력무관,정규직,채용시,원화,원화;영상제작·편집,https://file.gamejob.co.kr/net/Corp/CoImage/LogoView?FN=2006\12\1a0967c04951644ac3db68519b7449ab_neo_logo.gif?639064064610000000,윤명진,2001년,"던전앤파이터, 던전앤파이터 모바일, 사이퍼즈, 퍼스트 버서커 : 카잔",
281263,[미디어실] 3D 배경모델링 (근무지 제주본사),네오플,11526014,경력1년↑ ,학력무관,정규직,채용시,원화,원화;모델링;애니메이션,https://file.gamejob.co.kr/net/Corp/CoImage/LogoView?FN=2006\12\1a0967c04951644ac3db68519b7449ab_neo_logo.gif?639064064610000000,윤명진,2001년,"던전앤파이터, 던전앤파이터 모바일, 사이퍼즈, 퍼스트 버서커 : 카잔",
281245,[던파클래식] 서버 프로그래머 (근무지 서울지사),네오플,11526014,경력3년↑ ,학력무관,정규직,채용시,서버,서버,https://file.gamejob.co.kr/net/Corp/CoImage/LogoView?FN=2006\12\1a0967c04951644ac3db68519b7449ab_neo_logo.gif?639064064610000000,윤명진,2001년,"던전앤파이터, 던전앤파이터 모바일, 사이퍼즈, 퍼스트 버서커 : 카잔",
281243,[던전앤파이터] 배경원화가 (근무지 제주본사),네오플,11526014,경력무관,학력무관,정규직,채용시,원화,원화,https://file.gamejob.co.kr/net/Corp/CoImage/LogoView?FN=2006\12\1a0967c04951644ac3db68519b7449ab_neo_logo.gif?639064064610000000,윤명진,2001년,"던전앤파이터, 던전앤파이터 모바일, 사이퍼즈, 퍼스트 버서커 : 카잔",
281248,[던전앤파이터] 던전 콘텐츠 이펙트 디자이너 (근무지 제주본사),네오플,11526014,경력무관,학력무관,정규직,채용시,이펙트·FX,이펙트·FX,https://file.gamejob.co.kr/net/Corp/CoImage/LogoView?FN=2006\12\1a0967c04951644ac3db68519b7449ab_neo_logo.gif?639064064610000000,윤명진,2001년,"던전앤파이터, 던전앤파이터 모바일, 사이퍼즈, 퍼스트 버서커 : 카잔",
281247,[던전앤파이터] 3D 애니메이터 (근무지 제주본사),네오플,11526014,경력무관,학력무관,정규직,채용시,모델링,모델링;애니메이션;게임기획,https://file.gamejob.co.kr/net/Corp/CoImage/LogoView?FN=2006\12\1a0967c04951644ac3db68519b7449ab_neo_logo.gif?639064064610000000,윤명진,2001년,"던전앤파이터, 던전앤파이터 모바일, 사이퍼즈, 퍼스트 버서커 : 카잔",
281252,[던전앤파이터] (캐릭터)원화/일러스트 (근무지 제주본사),네오플,11526014,경력무관,학력무관,정규직,채용시,원화,원화,https://file.gamejob.co.kr/net/Corp/CoImage/LogoView?FN=2006\12\1a0967c04951644ac3db68519b7449ab_neo_logo.gif?639064064610000000,윤명진,2001년,"던전앤파이터, 던전앤파이터 모바일, 사이퍼즈, 퍼스트 버서커 : 카잔",
281547,[Overkill] 시니어 서버 프로그래머 (근무지 서울지사),네오플,11526014,경력5년↑ ,학력무관,정규직,채용시,게임개발(클라이언트),게임개발(클라이언트);게임개발(모바일);서버,https://file.gamejob.co.kr/net/Corp/CoImage/LogoView?FN=2006\12\1a0967c04951644ac3db68519b7449ab_neo_logo.gif?639064064610000000,윤명진,2001년,"던전앤파이터, 던전앤파이터 모바일, 사이퍼즈, 퍼스트 버서커 : 카잔",
281549,[Overkill] 몬스터 기획자 (근무지 제주본사),네오플,11526014,경력무관,학력무관,정규직,채용시,게임기획,게임기획,https://file.gamejob.co.kr/net/Corp/CoImage/LogoView?FN=2006\12\1a0967c04951644ac3db68519b7449ab_neo_logo.gif?639064064610000000,윤명진,2001년,"던전앤파이터, 던전앤파이터 모바일, 사이퍼즈, 퍼스트 버서커 : 카잔",
281548,[Overkill] 레벨 기획자 (근무지 제주본사),네오플,11526014,경력무관,학력무관,정규직,채용시,게임기획,게임기획,https://file.gamejob.co.kr/net/Corp/CoImage/LogoView?FN=2006\12\1a0967c04951644ac3db68519b7449ab_neo_logo.gif?639064064610000000,윤명진,2001년,"던전앤파이터, 던전앤파이터 모바일, 사이퍼즈, 퍼스트 버서커 : 카잔",
281253,[프로젝트DA] 3D 이펙터 (근무지 서울지사),네오플,11526014,경력6년↑ ,학력무관,정규직,채용시,이펙트·FX,이펙트·FX,https://file.gamejob.co.kr/net/Corp/CoImage/LogoView?FN=2006\12\1a0967c04951644ac3db68519b7449ab_neo_logo.gif?639064064610000000,윤명진,2001년,"던전앤파이터, 던전앤파이터 모바일, 사이퍼즈, 퍼스트 버서커 : 카잔",
282730,[Live-Ops] 게임 3D 디자이너(2년 이상),슈퍼센트,36674893,경력2년↑ ,학력무관,정규직,채용시,인터페이스 디자인,인터페이스 디자인;모델링;애니메이션;이펙트·FX,https://file.gamejob.co.kr/net/Corp/CoImage/LogoView?FN=2022\2\GJ_CoLogo_36674893.png?639147854180000000,공준식,2021년,"XP Hero, Burger Please!, Pizza Ready!, Snake Clash",
282532,[컴투스] IR/공시 담당자 (주니어),주식회사 컴투스,11526566,경력2년↑ ,,정규직,07/10(금),사무·회계,사무·회계;재무;회계;세무;주식IR,https://file.gamejob.co.kr/net/Corp/CoImage/LogoView?FN=2022\6\GJ_CoLogo_11526566.jpg?638550133550000000,남재관,1998년,"서머너즈워, 프로야구시리즈, 낚시의신, 서머너즈워:백년전쟁 등",
282529,[컴투스] IR/공시 담당자 (시니어),주식회사 컴투스,11526566,경력7년↑ ,,정규직,07/10(금),사무·회계,사무·회계;재무;회계;세무;주식IR,https://file.gamejob.co.kr/net/Corp/CoImage/LogoView?FN=2022\6\GJ_CoLogo_11526566.jpg?638550133550000000,남재관,1998년,"서머너즈워, 프로야구시리즈, 낚시의신, 서머너즈워:백년전쟁 등",
282312,[아스트라에 오라티오] TA 모집,디나미스원㈜,44438003,경력5년↑ ,학력무관,정규직,채용시,게임개발(모바일),게임개발(모바일);모델링;애니메이션;이펙트·FX;엔진,https://file.gamejob.co.kr/net/Corp/CoImage/LogoView?FN=2024\8\GJ_CoLogo_44438003.png?639207724800000000,박병림,2024년,아스트라에 오라티오,
282690,[시프트업] 신규 프로젝트 / 전투 디자이너,㈜시프트업,15704099,경력5년↑ ,학력무관,정규직,채용시,게임기획,게임기획,https://file.gamejob.co.kr/net/Corp/CoImage/LogoView?FN=2023\10\GJ_CoLogo_15704099.png?639087678030000000,김형태,2013년,"승리의 여신: 니케, 스텔라 블레이드, 데스티니차일드",
281781,[111퍼센트][스팀(Steam)] UI/UX 디자이너,111퍼센트㈜,20978266,경력무관,학력무관,정규직,채용시,인터페이스 디자인,인터페이스 디자인;원화;모델링;애니메이션;이펙트·FX,https://file.gamejob.co.kr/net/Corp/CoImage/LogoView?FN=2025\9\GJ_CoLogo_20978266.png?639207709370000000,김강안,2015년,"운빨존많겜, 랜덤다이스:디펜스",
281782,[111퍼센트][스팀(Steam)] 이펙터,111퍼센트㈜,20978266,경력무관,학력무관,정규직,채용시,인터페이스 디자인,인터페이스 디자인;원화;모델링;애니메이션;이펙트·FX,https://file.gamejob.co.kr/net/Corp/CoImage/LogoView?FN=2025\9\GJ_CoLogo_20978266.png?639207709370000000,김강안,2015년,"운빨존많겜, 랜덤다이스:디펜스",
281783,[111퍼센트][스팀(Steam)] 2D/3D 애니메이터,111퍼센트㈜,20978266,경력무관,학력무관,정규직,채용시,인터페이스 디자인,인터페이스 디자인;원화;모델링;애니메이션;이펙트·FX,https://file.gamejob.co.kr/net/Corp/CoImage/LogoView?FN=2025\9\GJ_CoLogo_20978266.png?639207709370000000,김강안,2015년,"운빨존많겜, 랜덤다이스:디펜스",
281786,[111퍼센트][스팀(Steam)] 2D 그래픽 디자이너,111퍼센트㈜,20978266,경력3년↑ ,학력무관,정규직,채용시,인터페이스 디자인,인터페이스 디자인;원화;모델링;애니메이션;이펙트·FX,https://file.gamejob.co.kr/net/Corp/CoImage/LogoView?FN=2025\9\GJ_CoLogo_20978266.png?639207709370000000,김강안,2015년,"운빨존많겜, 랜덤다이스:디펜스",
281785,[111퍼센트][스팀(Steam)] 클라이언트 개발자,111퍼센트㈜,20978266,경력3년↑ ,학력무관,정규직,채용시,게임개발(클라이언트),게임개발(클라이언트),https://file.gamejob.co.kr/net/Corp/CoImage/LogoView?FN=2025\9\GJ_CoLogo_20978266.png?639207709370000000,김강안,2015년,"운빨존많겜, 랜덤다이스:디펜스",
282648,[Platform] 프론트엔드 웹 개발자,㈜베이글코드,13322486,경력5년↑ ,,정규직,채용시,게임개발(클라이언트),게임개발(클라이언트),https://file.gamejob.co.kr/net/Corp/CoImage/LogoView?FN=2019\1\GJ_Co_bagelcode.jpg?638568253930000000,김준영 윤일환,2012년,"Club Vegas, Jackpotjoy Slots",
282644,[시프트업] 승리의 여신 니케 / 2D 캐릭터 원화가,㈜시프트업,15704099,경력무관,학력무관,정규직,채용시,원화,원화,https://file.gamejob.co.kr/net/Corp/CoImage/LogoView?FN=2023\10\GJ_CoLogo_15704099.png?639087678030000000,김형태,2013년,"승리의 여신: 니케, 스텔라 블레이드, 데스티니차일드",
282619,[컴투스] 웹 디자이너 (육아휴직 대체/계약직/2년 이상),주식회사 컴투스,11526566,경력2년↑ ,학력무관,계약직,07/13(월),플랫폼 디자인,플랫폼 디자인;BX·브랜드 디자인,https://file.gamejob.co.kr/net/Corp/CoImage/LogoView?FN=2022\6\GJ_CoLogo_11526566.jpg?638550133550000000,남재관,1998년,"서머너즈워, 프로야구시리즈, 낚시의신, 서머너즈워:백년전쟁 등",
282618,[컴투스] [가치아쿠타] 액션RPG 시나리오/퀘스트 기획자 (계약직/5년 이상),주식회사 컴투스,11526566,경력5년↑ ,학력무관,계약직,07/13(월),게임기획,게임기획,https://file.gamejob.co.kr/net/Corp/CoImage/LogoView?FN=2022\6\GJ_CoLogo_11526566.jpg?638550133550000000,남재관,1998년,"서머너즈워, 프로야구시리즈, 낚시의신, 서머너즈워:백년전쟁 등",
282613,[시프트업] 신규 프로젝트 / Technical Artist (TA),㈜시프트업,15704099,경력3년↑ ,학력무관,정규직,채용시,게임개발(클라이언트),게임개발(클라이언트);이펙트·FX,https://file.gamejob.co.kr/net/Corp/CoImage/LogoView?FN=2023\10\GJ_CoLogo_15704099.png?639087678030000000,김형태,2013년,"승리의 여신: 니케, 스텔라 블레이드, 데스티니차일드",
282612,[시프트업] 신규 프로젝트 / 3D 리거 (Rigger),㈜시프트업,15704099,경력3년↑ ,학력무관,정규직,채용시,애니메이션,애니메이션,https://file.gamejob.co.kr/net/Corp/CoImage/LogoView?FN=2023\10\GJ_CoLogo_15704099.png?639087678030000000,김형태,2013년,"승리의 여신: 니케, 스텔라 블레이드, 데스티니차일드",
282611,[시프트업] 신규 프로젝트 / 3D 캐릭터 애니메이터,㈜시프트업,15704099,경력3년↑ ,학력무관,정규직,채용시,애니메이션,애니메이션,https://file.gamejob.co.kr/net/Corp/CoImage/LogoView?FN=2023\10\GJ_CoLogo_15704099.png?639087678030000000,김형태,2013년,"승리의 여신: 니케, 스텔라 블레이드, 데스티니차일드",
282609,[시프트업] 신규 프로젝트 / VFX 아티스트,㈜시프트업,15704099,경력3년↑ ,학력무관,정규직,채용시,이펙트·FX,이펙트·FX,https://file.gamejob.co.kr/net/Corp/CoImage/LogoView?FN=2023\10\GJ_CoLogo_15704099.png?639087678030000000,김형태,2013년,"승리의 여신: 니케, 스텔라 블레이드, 데스티니차일드",
282608,[시프트업] 신규 프로젝트 / 3D 배경 아티스트 / 레벨 아티스트,㈜시프트업,15704099,경력3년↑ ,학력무관,정규직,채용시,모델링,모델링,https://file.gamejob.co.kr/net/Corp/CoImage/LogoView?FN=2023\10\GJ_CoLogo_15704099.png?639087678030000000,김형태,2013년,"승리의 여신: 니케, 스텔라 블레이드, 데스티니차일드",
282500,AI Native Game PD(3년 이상),슈퍼센트,36674893,경력3년↑ ,학력무관,정규직,채용시,게임기획,게임기획;사업기획(국내);사업기획(해외);사업관리,https://file.gamejob.co.kr/net/Corp/CoImage/LogoView?FN=2022\2\GJ_CoLogo_36674893.png?639147854180000000,공준식,2021년,"XP Hero, Burger Please!, Pizza Ready!, Snake Clash",
282587,글로벌 수익화 전략 PM(5년 이상),슈퍼센트,36674893,경력5년↑ ,학력무관,정규직,채용시,사업기획(국내),사업기획(국내);사업기획(해외);전략기획;사업관리;정보·빅데이터 분석,https://file.gamejob.co.kr/net/Corp/CoImage/LogoView?FN=2022\2\GJ_CoLogo_36674893.png?639147854180000000,공준식,2021년,"XP Hero, Burger Please!, Pizza Ready!, Snake Clash",
282501,클라이언트 개발자(5년 이상),슈퍼센트,36674893,경력5년↑ ,학력무관,정규직,채용시,게임개발(클라이언트),게임개발(클라이언트);게임개발(모바일);게임기획;엔진,https://file.gamejob.co.kr/net/Corp/CoImage/LogoView?FN=2022\2\GJ_CoLogo_36674893.png?639147854180000000,공준식,2021년,"XP Hero, Burger Please!, Pizza Ready!, Snake Clash",
282540,[OmniCraft Labs] 배경 컨셉 아티스트 (5년 이상),옴니크래프트랩스㈜(크래프톤 계열회사),47064232,경력5년↑ ,학력무관,정규직,채용시,원화,원화;모델링,https://file.gamejob.co.kr/net/Corp/CoImage/LogoView?FN=2025\11\GJ_CoLogo_47064232.png?639210282710000000,노정환,2024년,-,
282535,[넷마블네오] 나 혼자만 레벨업 이펙트 담당 모집,넷마블네오,37126660,경력무관,학력무관,정규직,채용시,게임개발(모바일),게임개발(모바일);이펙트·FX,https://file.gamejob.co.kr/net/Corp/CoImage/LogoView?FN=2022\4\GJ_CoLogo_37126660.png?638950298550000000,권영식,2012년,"뱀피르, 나 혼자만 레벨업, 왕좌의게임, 제2의나라, 리니지2레볼루션",
282523,[AI센터] AI 서비스 데이터 정제 및 성능 테스트 지원 담당 (계약직),스마일게이트,18140850,경력무관,학력무관,계약직,채용시,게임AI 개발,게임AI 개발,https://file.gamejob.co.kr/net/Corp/CoImage/LogoView?FN=2026\1\GJ_CoLogo_18140850.png?639029622750000000,성준호,2011년,"LOST ARK, LOST ARK Mobile",
282521,[LOST ARK Mobile] 클라이언트개발(레벨컨텐츠) 담당,스마일게이트,18140850,경력3년↑ ,학력무관,정규직,채용시,게임개발(클라이언트),게임개발(클라이언트);게임개발(모바일),https://file.gamejob.co.kr/net/Corp/CoImage/LogoView?FN=2026\1\GJ_CoLogo_18140850.png?639029622750000000,성준호,2011년,"LOST ARK, LOST ARK Mobile",
282504,[글로벌운영] 운영기획 담당,스마일게이트,18140850,경력무관,학력무관,정규직,채용시,게임운영,게임운영,https://file.gamejob.co.kr/net/Corp/CoImage/LogoView?FN=2026\1\GJ_CoLogo_18140850.png?639029622750000000,성준호,2011년,"LOST ARK, LOST ARK Mobile",
282412,[LOST ARK] 홍보 영상제작 담당,스마일게이트,18140850,경력2년↑ ,학력무관,정규직,채용시,영상제작·편집,영상제작·편집,https://file.gamejob.co.kr/net/Corp/CoImage/LogoView?FN=2026\1\GJ_CoLogo_18140850.png?639029622750000000,성준호,2011년,"LOST ARK, LOST ARK Mobile",
282499,[XP Hero] UI/UX 디자이너(3년 이상),슈퍼센트,36674893,경력3년↑ ,학력무관,정규직,채용시,인터페이스 디자인,인터페이스 디자인;모델링;애니메이션;이펙트·FX;플랫폼 디자인,https://file.gamejob.co.kr/net/Corp/CoImage/LogoView?FN=2022\2\GJ_CoLogo_36674893.png?639147854180000000,공준식,2021년,"XP Hero, Burger Please!, Pizza Ready!, Snake Clash",
282482,[OmniCraft Labs] 글로벌 사업 PM (5년 이상),옴니크래프트랩스㈜(크래프톤 계열회사),47064232,경력5년↑ ,학력무관,정규직,채용시,사업기획(국내),사업기획(국내);사업기획(해외);전략기획;사업관리,https://file.gamejob.co.kr/net/Corp/CoImage/LogoView?FN=2025\11\GJ_CoLogo_47064232.png?639210282710000000,노정환,2024년,-,
282488,[아이스캣 / Project AS] 3D 캐릭터 모델러 모집 (경력),㈜슈퍼캣,21966143,경력3년↑ ,학력무관,정규직,채용시,모델링,모델링,https://file.gamejob.co.kr/net/Corp/CoImage/LogoView?FN=2021\11\GJ_CoLogo_21966143.jpg?639159240770000000,김원배,2016년,"바람의나라: 연, 도깨비의세계, Project CM, Project AS",
282491,[아이스캣 / Project AS] 배경 원화가 모집 (신입/경력),㈜슈퍼캣,21966143,신입,학력무관,정규직,채용시,원화,원화,https://file.gamejob.co.kr/net/Corp/CoImage/LogoView?FN=2021\11\GJ_CoLogo_21966143.jpg?639159240770000000,김원배,2016년,"바람의나라: 연, 도깨비의세계, Project CM, Project AS",
282483,[위메이드커넥트] 글로벌(중국어) 커뮤니티 담당자 모집,㈜위메이드커넥트,11530731,신입,학력무관,정규직,채용시,게임운영,게임운영,https://file.gamejob.co.kr/net/Corp/CoImage/LogoView?FN=2021\12\GJ_CoLogo_11530731.png?639093559510000000,이호대,2007년,"로스트소드, 여신의키스, 프리프유니버스, 서먼헌터키우기, 에브리타운, 어비스리움",
278865,[KRAFTON JUNGLE Div.] 정글 교육 사업 및 운영 팀원 (10년 내외 / 계약직),(주)크래프톤,22302337,경력1년↑ ,학력무관,계약직,채용시,교육,교육;강사,https://file.gamejob.co.kr/net/Corp/CoImage/LogoView?FN=2026\3\GJ_CoLogo_22302337.png?639084112890000000,김창한,2007년,PUBG: 배틀그라운드,
266440,[Loonshot Games] Sr. Character Concept Artist - Project Camp (5년 이상),(주)크래프톤,22302337,경력5년↑ ,학력무관,정규직,채용시,원화,원화;애니메이션,https://file.gamejob.co.kr/net/Corp/CoImage/LogoView?FN=2026\3\GJ_CoLogo_22302337.png?639084112890000000,김창한,2007년,PUBG: 배틀그라운드,
266444,[Loonshot Games] 3D Character Artist - Project AA (3년 이상),(주)크래프톤,22302337,경력5년↑ ,학력무관,정규직,채용시,모델링,모델링,https://file.gamejob.co.kr/net/Corp/CoImage/LogoView?FN=2026\3\GJ_CoLogo_22302337.png?639084112890000000,김창한,2007년,PUBG: 배틀그라운드,
282463,[IT 센터] 사내 인프라 엔지니어,㈜넥슨게임즈,13488254,경력5년↑ ,학력무관,정규직,채용시,네트워크,네트워크;시스템·DB;보안,https://file.gamejob.co.kr/net/Corp/CoImage/LogoView?FN=2022\4\GJ_CoLogo_13488254.png?638749795300000000,박용현,2013년,"히트2, 블루아카이브, 서든어택, V4",
282468,[시프트업] 승리의 여신 니케 / 전투 기획 / 전투 밸런스 기획,㈜시프트업,15704099,경력무관,학력무관,정규직,채용시,게임기획,게임기획,https://file.gamejob.co.kr/net/Corp/CoImage/LogoView?FN=2023\10\GJ_CoLogo_15704099.png?639087678030000000,김형태,2013년,"승리의 여신: 니케, 스텔라 블레이드, 데스티니차일드",
282444,[Onetake Studio] JRPG 신작 프로젝트 3D 배경 모델러,㈜네오위즈,11526996,경력3년↑ ,학력무관,정규직,채용시,모델링,모델링,https://file.gamejob.co.kr/net/Corp/CoImage/LogoView?FN=2017\4\GJ_Co_neosky.gif?638907938470000000,"김승철, 배태근",2007년,"P의 거짓,고양이와스프,스컬,브라운더스트2,DJMax,A.V.A,피망포커,피망고스톱",
282442,[컴투스] 포르투갈어 현지화/CS 매니저 (육아휴직 대체/계약직),주식회사 컴투스,11526566,경력무관,학력무관,계약직,07/07(화),게임운영,게임운영;해외 마케팅,https://file.gamejob.co.kr/net/Corp/CoImage/LogoView?FN=2022\6\GJ_CoLogo_11526566.jpg?638550133550000000,남재관,1998년,"서머너즈워, 프로야구시리즈, 낚시의신, 서머너즈워:백년전쟁 등",
282441,[컴투스 홀딩스] 재무관리 팀장 (10년 이상),주식회사 컴투스,11526566,경력10년↑ ,,정규직,07/07(화),사무·회계,사무·회계;재무;회계;세무,https://file.gamejob.co.kr/net/Corp/CoImage/LogoView?FN=2022\6\GJ_CoLogo_11526566.jpg?638550133550000000,남재관,1998년,"서머너즈워, 프로야구시리즈, 낚시의신, 서머너즈워:백년전쟁 등",
282437,[컴투스] 웹 디자이너 (계약직/2년 이상),주식회사 컴투스,11526566,경력2년↑ ,학력무관,계약직,07/07(화),플랫폼 디자인,플랫폼 디자인;BX·브랜드 디자인,https://file.gamejob.co.kr/net/Corp/CoImage/LogoView?FN=2022\6\GJ_CoLogo_11526566.jpg?638550133550000000,남재관,1998년,"서머너즈워, 프로야구시리즈, 낚시의신, 서머너즈워:백년전쟁 등",
282436,[컴투스][MLB 9이닝스 라이벌 26] 콘텐츠 기획 (경력),주식회사 컴투스,11526566,경력무관,학력무관,정규직,07/07(화),게임기획,게임기획,https://file.gamejob.co.kr/net/Corp/CoImage/LogoView?FN=2022\6\GJ_CoLogo_11526566.jpg?638550133550000000,남재관,1998년,"서머너즈워, 프로야구시리즈, 낚시의신, 서머너즈워:백년전쟁 등",
279622,[오딘Q-발키리스콜] 캐릭터 모델러 모집,라이온하트스튜디오,27153410,경력3년↑ ,학력무관,정규직,채용시,모델링,모델링,https://file.gamejob.co.kr/net/Corp/CoImage/LogoView?FN=2019\2\GJ_Co_lion0510.jpg?638997552230000000,김재영,2018년,오딘: 발할라 라이징,
279241,[오딘Q-발키리스콜] 밸런스 기획자 모집,라이온하트스튜디오,27153410,경력2년↑ ,학력무관,정규직,채용시,게임개발(모바일),게임개발(모바일);게임기획,https://file.gamejob.co.kr/net/Corp/CoImage/LogoView?FN=2019\2\GJ_Co_lion0510.jpg?638997552230000000,김재영,2018년,오딘: 발할라 라이징,
267711,[Loonshot Games] Combat Designer - Project AA (3년 이상),(주)크래프톤,22302337,경력3년↑ ,학력무관,정규직,채용시,게임기획,게임기획,https://file.gamejob.co.kr/net/Corp/CoImage/LogoView?FN=2026\3\GJ_CoLogo_22302337.png?639084112890000000,김창한,2007년,PUBG: 배틀그라운드,
275078,[Loonshot Games] Server Programmer - Project AA (5년 이상),(주)크래프톤,22302337,경력5년↑ ,학력무관,정규직,채용시,게임개발(모바일),게임개발(모바일);서버,https://file.gamejob.co.kr/net/Corp/CoImage/LogoView?FN=2026\3\GJ_CoLogo_22302337.png?639084112890000000,김창한,2007년,PUBG: 배틀그라운드,
272568,[Loonshot Games] Spine Animator - Project AA (3년 이상),(주)크래프톤,22302337,경력3년↑ ,학력무관,정규직,채용시,애니메이션,애니메이션,https://file.gamejob.co.kr/net/Corp/CoImage/LogoView?FN=2026\3\GJ_CoLogo_22302337.png?639084112890000000,김창한,2007년,PUBG: 배틀그라운드,
268191,[Loonshot Games] Client Programmer - Project AA (5년 이상),(주)크래프톤,22302337,경력5년↑ ,학력무관,정규직,채용시,게임개발(클라이언트),게임개발(클라이언트),https://file.gamejob.co.kr/net/Corp/CoImage/LogoView?FN=2026\3\GJ_CoLogo_22302337.png?639084112890000000,김창한,2007년,PUBG: 배틀그라운드,
280538,[Loonshot Games] 3D Animator - Project AA (3년 이상),(주)크래프톤,22302337,경력3년↑ ,학력무관,정규직,채용시,애니메이션,애니메이션,https://file.gamejob.co.kr/net/Corp/CoImage/LogoView?FN=2026\3\GJ_CoLogo_22302337.png?639084112890000000,김창한,2007년,PUBG: 배틀그라운드,
280540,[Loonshot Games] 2D Animation Artist - Project AA (3년 이상),(주)크래프톤,22302337,경력3년↑ ,학력무관,정규직,채용시,원화,원화;애니메이션,https://file.gamejob.co.kr/net/Corp/CoImage/LogoView?FN=2026\3\GJ_CoLogo_22302337.png?639084112890000000,김창한,2007년,PUBG: 배틀그라운드,
282411,[LOST ARK] 로컬라이제이션 스페셜리스트(영어) 담당 (계약직),스마일게이트,18140850,경력2년↑ ,학력무관,계약직,채용시,사업기획(해외),사업기획(해외);사업관리;번역,https://file.gamejob.co.kr/net/Corp/CoImage/LogoView?FN=2026\1\GJ_CoLogo_18140850.png?639029622750000000,성준호,2011년,"LOST ARK, LOST ARK Mobile",
282409,[LOST ARK] 로컬라이제이션 스페셜리스트(영어) 담당,스마일게이트,18140850,경력5년↑ ,학력무관,정규직,채용시,사업기획(해외),사업기획(해외);사업관리;번역,https://file.gamejob.co.kr/net/Corp/CoImage/LogoView?FN=2026\1\GJ_CoLogo_18140850.png?639029622750000000,성준호,2011년,"LOST ARK, LOST ARK Mobile",
282408,[LOST ARK Mobile] 영어 현지화 담당,스마일게이트,18140850,경력5년↑ ,학력무관,정규직,채용시,사업기획(해외),사업기획(해외);사업관리;번역,https://file.gamejob.co.kr/net/Corp/CoImage/LogoView?FN=2026\1\GJ_CoLogo_18140850.png?639029622750000000,성준호,2011년,"LOST ARK, LOST ARK Mobile",
282407,[AI센터] 강화학습 기반 게임 AI R&D 담당,스마일게이트,18140850,경력무관,학력무관,정규직,채용시,게임AI 개발,게임AI 개발,https://file.gamejob.co.kr/net/Corp/CoImage/LogoView?FN=2026\1\GJ_CoLogo_18140850.png?639029622750000000,성준호,2011년,"LOST ARK, LOST ARK Mobile",
281008,[Loonshot Games] System Designer - Project AA (3년 이상),(주)크래프톤,22302337,경력3년↑ ,학력무관,정규직,채용시,게임기획,게임기획;사업기획(국내),https://file.gamejob.co.kr/net/Corp/CoImage/LogoView?FN=2026\3\GJ_CoLogo_22302337.png?639084112890000000,김창한,2007년,PUBG: 배틀그라운드,
280944,[Loonshot Games] Character Concept Artist - Project AA (3년 이상),(주)크래프톤,22302337,경력3년↑ ,학력무관,정규직,채용시,원화,원화;모델링,https://file.gamejob.co.kr/net/Corp/CoImage/LogoView?FN=2026\3\GJ_CoLogo_22302337.png?639084112890000000,김창한,2007년,PUBG: 배틀그라운드,
281011,[Loonshot Games] 3D Character Artist - Project AA (3년 이상),(주)크래프톤,22302337,경력3년↑ ,학력무관,정규직,채용시,모델링,모델링,https://file.gamejob.co.kr/net/Corp/CoImage/LogoView?FN=2026\3\GJ_CoLogo_22302337.png?639084112890000000,김창한,2007년,PUBG: 배틀그라운드,
281012,[Loonshot Games] Environment Concept Artist - Project AA (3년 이상),(주)크래프톤,22302337,경력3년↑ ,학력무관,정규직,채용시,원화,원화,https://file.gamejob.co.kr/net/Corp/CoImage/LogoView?FN=2026\3\GJ_CoLogo_22302337.png?639084112890000000,김창한,2007년,PUBG: 배틀그라운드,
281014,[Loonshot Games] 3D Environment Artist - Project AA (3년 이상),(주)크래프톤,22302337,경력3년↑ ,학력무관,정규직,채용시,모델링,모델링,https://file.gamejob.co.kr/net/Corp/CoImage/LogoView?FN=2026\3\GJ_CoLogo_22302337.png?639084112890000000,김창한,2007년,PUBG: 배틀그라운드,
266439,[Loonshot Games] Sr. General System Designer - Project Camp (5년 이상),(주)크래프톤,22302337,경력5년↑ ,학력무관,정규직,채용시,게임개발(모바일),게임개발(모바일);게임기획,https://file.gamejob.co.kr/net/Corp/CoImage/LogoView?FN=2026\3\GJ_CoLogo_22302337.png?639084112890000000,김창한,2007년,PUBG: 배틀그라운드,
277512,[Loonshot Games] Sr. Environment Concept & Pixel Artist - Project Camp (5년 이상),(주)크래프톤,22302337,경력5년↑ ,학력무관,정규직,채용시,원화,원화;모델링,https://file.gamejob.co.kr/net/Corp/CoImage/LogoView?FN=2026\3\GJ_CoLogo_22302337.png?639084112890000000,김창한,2007년,PUBG: 배틀그라운드,
277513,[Loonshot Games] Sr. Combat / Balance Designer - Project Camp (5년 이상),(주)크래프톤,22302337,경력5년↑ ,학력무관,정규직,채용시,게임기획,게임기획,https://file.gamejob.co.kr/net/Corp/CoImage/LogoView?FN=2026\3\GJ_CoLogo_22302337.png?639084112890000000,김창한,2007년,PUBG: 배틀그라운드,
282381,[컴투스] 별도 결산 담당자 (4-8년),주식회사 컴투스,11526566,경력4년↑ ,,정규직,07/06(월),사업기획(국내),사업기획(국내);사무·회계;재무;회계;경리,https://file.gamejob.co.kr/net/Corp/CoImage/LogoView?FN=2022\6\GJ_CoLogo_11526566.jpg?638550133550000000,남재관,1998년,"서머너즈워, 프로야구시리즈, 낚시의신, 서머너즈워:백년전쟁 등",
281087,[아스트라에 오라티오] 2D 배경 원화가 모집,디나미스원㈜,44438003,신입,학력무관,정규직,채용시,게임개발(모바일),게임개발(모바일);원화,https://file.gamejob.co.kr/net/Corp/CoImage/LogoView?FN=2024\8\GJ_CoLogo_44438003.png?639207724800000000,박병림,2024년,아스트라에 오라티오,
282340,[DRIMAGE] 글로벌 PC/콘솔 게임 마케팅 매니저 (Marketing / Brand Storytelling),드림에이지(구 HYBE IM),34586425,경력3년↑ ,학력무관,정규직,채용시,마케팅,마케팅;해외 마케팅,https://file.gamejob.co.kr/net/Corp/CoImage/LogoView?FN=2025\7\GJ_CoLogo_34586425.png?638889844070000000,정우용,2022년,"인더섬 with BTS, 리듬하이브, 별이되어라2 베다의 기사들, 아키텍트:랜드오브 엑자일",
281343,[DRIMAGE(구 하이브IM)-K스튜디오] 게임 시스템 기획(MMORPG),드림에이지(구 HYBE IM),34586425,경력3년↑ ,학력무관,정규직,채용시,게임기획,게임기획,https://file.gamejob.co.kr/net/Corp/CoImage/LogoView?FN=2025\7\GJ_CoLogo_34586425.png?638889844070000000,정우용,2022년,"인더섬 with BTS, 리듬하이브, 별이되어라2 베다의 기사들, 아키텍트:랜드오브 엑자일",
281344,[DRIMAGE(구 HYBE IM)-K스튜디오] 애니메이터(MMORPG),드림에이지(구 HYBE IM),34586425,경력5년↑ ,학력무관,정규직,채용시,애니메이션,애니메이션,https://file.gamejob.co.kr/net/Corp/CoImage/LogoView?FN=2025\7\GJ_CoLogo_34586425.png?638889844070000000,정우용,2022년,"인더섬 with BTS, 리듬하이브, 별이되어라2 베다의 기사들, 아키텍트:랜드오브 엑자일",
281345,[DRIMAGE(구 하이브IM)-K스튜디오] 캐릭터 모델링,드림에이지(구 HYBE IM),34586425,경력5년↑ ,학력무관,정규직,채용시,모델링,모델링,https://file.gamejob.co.kr/net/Corp/CoImage/LogoView?FN=2025\7\GJ_CoLogo_34586425.png?638889844070000000,정우용,2022년,"인더섬 with BTS, 리듬하이브, 별이되어라2 베다의 기사들, 아키텍트:랜드오브 엑자일",
281346,[DRIMAGE(구 하이브IM)-K스튜디오] 시니어 클라이언트 프로그래머(MMORPG),드림에이지(구 HYBE IM),34586425,경력5년↑ ,학력무관,정규직,채용시,게임개발(클라이언트),게임개발(클라이언트),https://file.gamejob.co.kr/net/Corp/CoImage/LogoView?FN=2025\7\GJ_CoLogo_34586425.png?638889844070000000,정우용,2022년,"인더섬 with BTS, 리듬하이브, 별이되어라2 베다의 기사들, 아키텍트:랜드오브 엑자일",
281808,[DRIMAGE-K스튜디오] 게임 이펙터(MMORPG),드림에이지(구 HYBE IM),34586425,경력2년↑ ,학력무관,정규직,채용시,이펙트·FX,이펙트·FX,https://file.gamejob.co.kr/net/Corp/CoImage/LogoView?FN=2025\7\GJ_CoLogo_34586425.png?638889844070000000,정우용,2022년,"인더섬 with BTS, 리듬하이브, 별이되어라2 베다의 기사들, 아키텍트:랜드오브 엑자일",
281836,[DRIMAGE] 게임 이펙터(캐주얼 스포츠게임),드림에이지(구 HYBE IM),34586425,경력3년↑ ,학력무관,정규직,채용시,이펙트·FX,이펙트·FX,https://file.gamejob.co.kr/net/Corp/CoImage/LogoView?FN=2025\7\GJ_CoLogo_34586425.png?638889844070000000,정우용,2022년,"인더섬 with BTS, 리듬하이브, 별이되어라2 베다의 기사들, 아키텍트:랜드오브 엑자일",
282142,[DRIMAGE] 글로벌사업PM (캐주얼 스포츠/로그라이트 게임),드림에이지(구 HYBE IM),34586425,경력3년↑ ,학력무관,정규직,채용시,전략기획,전략기획;사업관리;퍼블리싱,https://file.gamejob.co.kr/net/Corp/CoImage/LogoView?FN=2025\7\GJ_CoLogo_34586425.png?638889844070000000,정우용,2022년,"인더섬 with BTS, 리듬하이브, 별이되어라2 베다의 기사들, 아키텍트:랜드오브 엑자일",
279070,[Finance Div.] 내부회계/리스크관리 IT 담당자 (3-7년),(주)크래프톤,22302337,경력3년↑ ,학력무관,정규직,채용시,시스템·DB,시스템·DB;보안;정보·빅데이터 분석;재무;회계,https://file.gamejob.co.kr/net/Corp/CoImage/LogoView?FN=2026\3\GJ_CoLogo_22302337.png?639084112890000000,김창한,2007년,PUBG: 배틀그라운드,
281052,[HR Div.] Developer Relations Program Manager (5년 이상 / 계약직),(주)크래프톤,22302337,경력5년↑ ,학력무관,계약직,채용시,사업기획(국내),사업기획(국내);교육,https://file.gamejob.co.kr/net/Corp/CoImage/LogoView?FN=2026\3\GJ_CoLogo_22302337.png?639084112890000000,김창한,2007년,PUBG: 배틀그라운드,
279893,[Palworld Mobile] Combat Content Engineer - Intermediate / Senior (3년 이상),(주)크래프톤,22302337,경력3년↑ ,학력무관,정규직,채용시,게임개발(클라이언트),게임개발(클라이언트),https://file.gamejob.co.kr/net/Corp/CoImage/LogoView?FN=2026\3\GJ_CoLogo_22302337.png?639084112890000000,김창한,2007년,PUBG: 배틀그라운드,
281590,[Palworld Mobile] Flow Contents Designer (5년 이상),(주)크래프톤,22302337,경력5년↑ ,학력무관,정규직,채용시,게임기획,게임기획,https://file.gamejob.co.kr/net/Corp/CoImage/LogoView?FN=2026\3\GJ_CoLogo_22302337.png?639084112890000000,김창한,2007년,PUBG: 배틀그라운드,
281652,[Palworld Mobile] Senior Technical Artist (3년 이상),(주)크래프톤,22302337,경력3년↑ ,학력무관,정규직,채용시,이펙트·FX,이펙트·FX,https://file.gamejob.co.kr/net/Corp/CoImage/LogoView?FN=2026\3\GJ_CoLogo_22302337.png?639084112890000000,김창한,2007년,PUBG: 배틀그라운드,
279895,[Palworld Mobile] Survival Content Engineer (Intermediate / Senior) (3년 이상),(주)크래프톤,22302337,경력3년↑ ,학력무관,정규직,채용시,게임개발(클라이언트),게임개발(클라이언트);게임개발(모바일),https://file.gamejob.co.kr/net/Corp/CoImage/LogoView?FN=2026\3\GJ_CoLogo_22302337.png?639084112890000000,김창한,2007년,PUBG: 배틀그라운드,
279896,[Palworld Mobile] System Content Engineer - Intermediate / Senior (3년 이상),(주)크래프톤,22302337,경력3년↑ ,학력무관,정규직,채용시,게임개발(클라이언트),게임개발(클라이언트);게임개발(모바일),https://file.gamejob.co.kr/net/Corp/CoImage/LogoView?FN=2026\3\GJ_CoLogo_22302337.png?639084112890000000,김창한,2007년,PUBG: 배틀그라운드,
281178,[Palworld Mobile] System Designer (5년 이상),(주)크래프톤,22302337,경력5년↑ ,학력무관,정규직,채용시,게임기획,게임기획,https://file.gamejob.co.kr/net/Corp/CoImage/LogoView?FN=2026\3\GJ_CoLogo_22302337.png?639084112890000000,김창한,2007년,PUBG: 배틀그라운드,
280526,[PUBG STUDIOS] Lead Engine Engineer (10년 이상),(주)크래프톤,22302337,경력10년↑ ,학력무관,정규직,채용시,게임개발(클라이언트),게임개발(클라이언트);엔진,https://file.gamejob.co.kr/net/Corp/CoImage/LogoView?FN=2026\3\GJ_CoLogo_22302337.png?639084112890000000,김창한,2007년,PUBG: 배틀그라운드,
281930,[PUBG STUDIOS] Sr. Engine Engineer (7년 이상),(주)크래프톤,22302337,경력7년↑ ,학력무관,정규직,채용시,게임개발(클라이언트),게임개발(클라이언트);엔진,https://file.gamejob.co.kr/net/Corp/CoImage/LogoView?FN=2026\3\GJ_CoLogo_22302337.png?639084112890000000,김창한,2007년,PUBG: 배틀그라운드,
281931,[PUBG STUDIOS] Sr. Physics Engineer (7년 이상),(주)크래프톤,22302337,경력7년↑ ,학력무관,정규직,채용시,게임개발(클라이언트),게임개발(클라이언트);엔진,https://file.gamejob.co.kr/net/Corp/CoImage/LogoView?FN=2026\3\GJ_CoLogo_22302337.png?639084112890000000,김창한,2007년,PUBG: 배틀그라운드,
280154,[Publishing Services Management Div.] Service Policy Planning (5년 이상),(주)크래프톤,22302337,경력5년↑ ,학력무관,정규직,채용시,사업기획(국내),사업기획(국내);사업기획(해외);전략기획;법무,https://file.gamejob.co.kr/net/Corp/CoImage/LogoView?FN=2026\3\GJ_CoLogo_22302337.png?639084112890000000,김창한,2007년,PUBG: 배틀그라운드,
280153,[Publishing Services Management Div.] Service Policy Planning (신입 / 계약직),(주)크래프톤,22302337,신입,학력무관,계약직,채용시,사업기획(국내),사업기획(국내);전략기획;법무,https://file.gamejob.co.kr/net/Corp/CoImage/LogoView?FN=2026\3\GJ_CoLogo_22302337.png?639084112890000000,김창한,2007년,PUBG: 배틀그라운드,
279383,[Space&Property Center] Property Manager (3년 이하 / 계약직),(주)크래프톤,22302337,경력1년↑ ,학력무관,계약직,채용시,총무,총무,https://file.gamejob.co.kr/net/Corp/CoImage/LogoView?FN=2026\3\GJ_CoLogo_22302337.png?639084112890000000,김창한,2007년,PUBG: 배틀그라운드,
271194,AI Companion Team Internship (2년 이상 / 인턴),(주)크래프톤,22302337,경력2년↑ ,,인턴직,채용시,게임AI 개발,게임AI 개발,https://file.gamejob.co.kr/net/Corp/CoImage/LogoView?FN=2026\3\GJ_CoLogo_22302337.png?639084112890000000,김창한,2007년,PUBG: 배틀그라운드,
281449,사내 보건관리자 (장애인 채용),㈜네오위즈,11526996,경력무관,학력무관,계약직,채용시,교육,교육,https://file.gamejob.co.kr/net/Corp/CoImage/LogoView?FN=2017\4\GJ_Co_neosky.gif?638907938470000000,"김승철, 배태근",2007년,"P의 거짓,고양이와스프,스컬,브라운더스트2,DJMax,A.V.A,피망포커,피망고스톱",
277521,[Ludo Robotics] AI/ML Research Engineer (Robotics) (2년 이상),(주)크래프톤,22302337,경력2년↑ ,학력무관,정규직,채용시,게임AI 개발,게임AI 개발,https://file.gamejob.co.kr/net/Corp/CoImage/LogoView?FN=2026\3\GJ_CoLogo_22302337.png?639084112890000000,김창한,2007년,PUBG: 배틀그라운드,
279313,[OliveTree Games] 캐주얼게임 3D 모델러 (배경/프랍) (5년 이상),(주)크래프톤,22302337,경력5년↑ ,학력무관,정규직,채용시,모델링,모델링,https://file.gamejob.co.kr/net/Corp/CoImage/LogoView?FN=2026\3\GJ_CoLogo_22302337.png?639084112890000000,김창한,2007년,PUBG: 배틀그라운드,
282200,[낙원 LAST PARADISE] UI/UX 에디터,넥슨,11527672,경력3년↑ ,학력무관,정규직,07/02(목),인터페이스 디자인,인터페이스 디자인,https://file.gamejob.co.kr/net/Corp/CoImage/LogoView?FN=2013\8\GJ_Co_nexonhr.jpg?638537985480000000,강대현·김정욱,1994년,"메이플스토리, 던전앤파이터, 카트라이더, 마비노기",
279065,[Finance Div.] 공정거래 공시 Compliance Specialist (7년 이상),(주)크래프톤,22302337,경력7년↑ ,학력무관,계약직,채용시,법무,법무,https://file.gamejob.co.kr/net/Corp/CoImage/LogoView?FN=2026\3\GJ_CoLogo_22302337.png?639084112890000000,김창한,2007년,PUBG: 배틀그라운드,
279337,[Finance Div.] IR Manager (7년 이상),(주)크래프톤,22302337,경력7년↑ ,학력무관,정규직,채용시,전략기획,전략기획;경영분석;재무;주식IR,https://file.gamejob.co.kr/net/Corp/CoImage/LogoView?FN=2026\3\GJ_CoLogo_22302337.png?639084112890000000,김창한,2007년,PUBG: 배틀그라운드,
279335,[Finance DIv.] East Asia Finance Team Member (7년 이상),(주)크래프톤,22302337,경력7년↑ ,학력무관,정규직,채용시,사업기획(해외),사업기획(해외);사무·회계;재무;회계,https://file.gamejob.co.kr/net/Corp/CoImage/LogoView?FN=2026\3\GJ_CoLogo_22302337.png?639084112890000000,김창한,2007년,PUBG: 배틀그라운드,
279381,[Corporate Brand Div.] PR Manager (10년 이상),(주)크래프톤,22302337,경력10년↑ ,학력무관,정규직,채용시,사업기획(해외),사업기획(해외);전략기획;마케팅;홍보,https://file.gamejob.co.kr/net/Corp/CoImage/LogoView?FN=2026\3\GJ_CoLogo_22302337.png?639084112890000000,김창한,2007년,PUBG: 배틀그라운드,
279133,[Art Dept.] Technical Art (5년 이상 / 계약직),(주)크래프톤,22302337,경력5년↑ ,학력무관,계약직,채용시,모델링,모델링;이펙트·FX,https://file.gamejob.co.kr/net/Corp/CoImage/LogoView?FN=2026\3\GJ_CoLogo_22302337.png?639084112890000000,김창한,2007년,PUBG: 배틀그라운드,
280848,[AI Transformation Dept.] AX Program Specialist (1년 이상 / 계약직),(주)크래프톤,22302337,경력1년↑ ,학력무관,계약직,채용시,게임AI 개발,게임AI 개발;전략기획;교육,https://file.gamejob.co.kr/net/Corp/CoImage/LogoView?FN=2026\3\GJ_CoLogo_22302337.png?639084112890000000,김창한,2007년,PUBG: 배틀그라운드,
281793,[시프트업] 프로젝트 스피릿 / 오디오 엔지니어,㈜시프트업,15704099,경력3년↑ ,학력무관,정규직,채용시,사운드 제작,사운드 제작,https://file.gamejob.co.kr/net/Corp/CoImage/LogoView?FN=2023\10\GJ_CoLogo_15704099.png?639087678030000000,김형태,2013년,"승리의 여신: 니케, 스텔라 블레이드, 데스티니차일드",
275806,[AI Research Div.] Research Scientist Intern - 독자 AI 파운데이션 모델 (2년 이상 / 인턴),(주)크래프톤,22302337,경력무관,학력무관,인턴직,채용시,게임AI 개발,게임AI 개발;정보·빅데이터 분석,https://file.gamejob.co.kr/net/Corp/CoImage/LogoView?FN=2026\3\GJ_CoLogo_22302337.png?639084112890000000,김창한,2007년,PUBG: 배틀그라운드,
276254,[AI Research Div.] Research Engineer - Vision Language Action Game Agent (2년 이상 / 인턴),(주)크래프톤,22302337,경력2년↑ ,,인턴직,채용시,게임AI 개발,게임AI 개발,https://file.gamejob.co.kr/net/Corp/CoImage/LogoView?FN=2026\3\GJ_CoLogo_22302337.png?639084112890000000,김창한,2007년,PUBG: 배틀그라운드,
273568,[AI Research Div.] Postdoctoral Researcher-LLMs(계약직),(주)크래프톤,22302337,경력무관,,계약직,채용시,게임AI 개발,게임AI 개발;정보·빅데이터 분석,https://file.gamejob.co.kr/net/Corp/CoImage/LogoView?FN=2026\3\GJ_CoLogo_22302337.png?639084112890000000,김창한,2007년,PUBG: 배틀그라운드,
279629,[AI Research Div.] [전문연구요원] Research Scientist - Generalist Agent for Game Environments (2년 이상),(주)크래프톤,22302337,경력2년↑ ,학력무관,정규직,채용시,게임AI 개발,게임AI 개발;정보·빅데이터 분석,https://file.gamejob.co.kr/net/Corp/CoImage/LogoView?FN=2026\3\GJ_CoLogo_22302337.png?639084112890000000,김창한,2007년,PUBG: 배틀그라운드,
277427,[AI Research Div.] [전문연구요원] Research Scientist - Foundation Model (2년 이상),(주)크래프톤,22302337,경력2년↑ ,학력무관,정규직,채용시,게임AI 개발,게임AI 개발;정보·빅데이터 분석,https://file.gamejob.co.kr/net/Corp/CoImage/LogoView?FN=2026\3\GJ_CoLogo_22302337.png?639084112890000000,김창한,2007년,PUBG: 배틀그라운드,
282212,게임 3D 아티스트 (신입),슈퍼센트,36674893,신입,학력무관,정규직,채용시,게임개발(모바일),게임개발(모바일);게임AI 개발;인터페이스 디자인;모델링;애니메이션,https://file.gamejob.co.kr/net/Corp/CoImage/LogoView?FN=2022\2\GJ_CoLogo_36674893.png?639147854180000000,공준식,2021년,"XP Hero, Burger Please!, Pizza Ready!, Snake Clash",
282208,시니어 퍼블리싱 매니저 (6년 이상),슈퍼센트,36674893,경력6년↑ ,학력무관,정규직,채용시,사업기획(해외),사업기획(해외);홍보;퍼블리싱;소싱/라이선싱;채널링,https://file.gamejob.co.kr/net/Corp/CoImage/LogoView?FN=2022\2\GJ_CoLogo_36674893.png?639147854180000000,공준식,2021년,"XP Hero, Burger Please!, Pizza Ready!, Snake Clash",
282194,[위메이드커넥트] Steam(스팀) 플랫폼 게임사업 담당자 모집,㈜위메이드커넥트,11530731,경력5년↑ ,학력무관,정규직,채용시,사업기획(국내),사업기획(국내);사업기획(해외);사업관리;마케팅;해외 마케팅,https://file.gamejob.co.kr/net/Corp/CoImage/LogoView?FN=2021\12\GJ_CoLogo_11530731.png?639093559510000000,이호대,2007년,"로스트소드, 여신의키스, 프리프유니버스, 서먼헌터키우기, 에브리타운, 어비스리움",
281659,[DX 스튜디오] 컨텐츠 디자인 기획,㈜넥슨게임즈,13488254,경력8년↑ ,학력무관,정규직,채용시,게임기획,게임기획,https://file.gamejob.co.kr/net/Corp/CoImage/LogoView?FN=2022\4\GJ_CoLogo_13488254.png?638749795300000000,박용현,2013년,"히트2, 블루아카이브, 서든어택, V4",
282139,(컴투스플랫폼) 인프라전략 기획 담당자 (3년 이상),주식회사 컴투스,11526566,경력3년↑ ,학력무관,정규직,07/01(수),사업기획(국내),사업기획(국내);전략기획;사업관리,https://file.gamejob.co.kr/net/Corp/CoImage/LogoView?FN=2022\6\GJ_CoLogo_11526566.jpg?638550133550000000,남재관,1998년,"서머너즈워, 프로야구시리즈, 낚시의신, 서머너즈워:백년전쟁 등",
282131,[시프트업] 프로젝트 스피릿 / 시네마틱 애니메이터,㈜시프트업,15704099,경력5년↑ ,학력무관,정규직,채용시,애니메이션,애니메이션,https://file.gamejob.co.kr/net/Corp/CoImage/LogoView?FN=2023\10\GJ_CoLogo_15704099.png?639087678030000000,김형태,2013년,"승리의 여신: 니케, 스텔라 블레이드, 데스티니차일드",
282130,[시프트업] 프로젝트 스피릿 / 캐릭터 원화가,㈜시프트업,15704099,경력무관,학력무관,정규직,채용시,원화,원화,https://file.gamejob.co.kr/net/Corp/CoImage/LogoView?FN=2023\10\GJ_CoLogo_15704099.png?639087678030000000,김형태,2013년,"승리의 여신: 니케, 스텔라 블레이드, 데스티니차일드",
282129,[시프트업] 프로젝트 스피릿 / 배경 원화가,㈜시프트업,15704099,경력무관,학력무관,정규직,채용시,원화,원화,https://file.gamejob.co.kr/net/Corp/CoImage/LogoView?FN=2023\10\GJ_CoLogo_15704099.png?639087678030000000,김형태,2013년,"승리의 여신: 니케, 스텔라 블레이드, 데스티니차일드",
282128,[시프트업] 프로젝트 스피릿 / 몬스터 원화가,㈜시프트업,15704099,경력무관,학력무관,정규직,채용시,원화,원화,https://file.gamejob.co.kr/net/Corp/CoImage/LogoView?FN=2023\10\GJ_CoLogo_15704099.png?639087678030000000,김형태,2013년,"승리의 여신: 니케, 스텔라 블레이드, 데스티니차일드",
282126,[시프트업] 프로젝트 스피릿 / 시나리오 라이터,㈜시프트업,15704099,경력무관,학력무관,정규직,채용시,게임기획,게임기획,https://file.gamejob.co.kr/net/Corp/CoImage/LogoView?FN=2023\10\GJ_CoLogo_15704099.png?639087678030000000,김형태,2013년,"승리의 여신: 니케, 스텔라 블레이드, 데스티니차일드",
282125,[시프트업] 프로젝트 스피릿 / 전투 기획자,㈜시프트업,15704099,경력무관,학력무관,정규직,채용시,게임기획,게임기획,https://file.gamejob.co.kr/net/Corp/CoImage/LogoView?FN=2023\10\GJ_CoLogo_15704099.png?639087678030000000,김형태,2013년,"승리의 여신: 니케, 스텔라 블레이드, 데스티니차일드",
282108,[사업] 중화권 사업개발(BD) 담당,스마일게이트,18140850,경력7년↑ ,학력무관,정규직,채용시,사업기획(해외),사업기획(해외);사업관리;경영분석;정보·빅데이터 분석;리서치,https://file.gamejob.co.kr/net/Corp/CoImage/LogoView?FN=2026\1\GJ_CoLogo_18140850.png?639029622750000000,성준호,2011년,"LOST ARK, LOST ARK Mobile",
282065,[시프트업] 스텔라 블레이드 차기작 / 클라이언트 프로그래머,㈜시프트업,15704099,경력3년↑ ,학력무관,정규직,채용시,게임개발(클라이언트),게임개발(클라이언트),https://file.gamejob.co.kr/net/Corp/CoImage/LogoView?FN=2023\10\GJ_CoLogo_15704099.png?639087678030000000,김형태,2013년,"승리의 여신: 니케, 스텔라 블레이드, 데스티니차일드",
282064,[시프트업] 스텔라 블레이드 차기작 / 엔진 프로그래머,㈜시프트업,15704099,경력무관,학력무관,정규직,채용시,게임개발(클라이언트),게임개발(클라이언트),https://file.gamejob.co.kr/net/Corp/CoImage/LogoView?FN=2023\10\GJ_CoLogo_15704099.png?639087678030000000,김형태,2013년,"승리의 여신: 니케, 스텔라 블레이드, 데스티니차일드",
282063,[시프트업] 스텔라 블레이드 차기작 / 3D 배경 아티스트,㈜시프트업,15704099,경력5년↑ ,학력무관,정규직,채용시,모델링,모델링,https://file.gamejob.co.kr/net/Corp/CoImage/LogoView?FN=2023\10\GJ_CoLogo_15704099.png?639087678030000000,김형태,2013년,"승리의 여신: 니케, 스텔라 블레이드, 데스티니차일드",
282062,[시프트업] 승리의 여신 니케 / 엔진 최적화 전문가,㈜시프트업,15704099,경력5년↑ ,학력무관,정규직,채용시,게임개발(클라이언트),게임개발(클라이언트);게임개발(모바일);엔진,https://file.gamejob.co.kr/net/Corp/CoImage/LogoView?FN=2023\10\GJ_CoLogo_15704099.png?639087678030000000,김형태,2013년,"승리의 여신: 니케, 스텔라 블레이드, 데스티니차일드",
282026,[시프트업] 프로젝트 스피릿 / 2D 스토리보드 아티스트,㈜시프트업,15704099,경력3년↑ ,학력무관,정규직,채용시,게임기획,게임기획,https://file.gamejob.co.kr/net/Corp/CoImage/LogoView?FN=2023\10\GJ_CoLogo_15704099.png?639087678030000000,김형태,2013년,"승리의 여신: 니케, 스텔라 블레이드, 데스티니차일드",
282061,[시프트업] 사업 / 크리에이티브 리드,㈜시프트업,15704099,경력5년↑ ,학력무관,정규직,채용시,사업관리,사업관리;퍼블리싱,https://file.gamejob.co.kr/net/Corp/CoImage/LogoView?FN=2023\10\GJ_CoLogo_15704099.png?639087678030000000,김형태,2013년,"승리의 여신: 니케, 스텔라 블레이드, 데스티니차일드",
282053,[위메이드커넥트] 글로벌(일본어) 운영·커뮤니티 담당자 모집,㈜위메이드커넥트,11530731,경력4년↑ ,학력무관,정규직,채용시,게임운영,게임운영,https://file.gamejob.co.kr/net/Corp/CoImage/LogoView?FN=2021\12\GJ_CoLogo_11530731.png?639093559510000000,이호대,2007년,"로스트소드, 여신의키스, 프리프유니버스, 서먼헌터키우기, 에브리타운, 어비스리움",
282035,[DX 스튜디오] 클라이언트 프로그래머,㈜넥슨게임즈,13488254,경력5년↑ ,학력무관,정규직,채용시,게임개발(클라이언트),게임개발(클라이언트),https://file.gamejob.co.kr/net/Corp/CoImage/LogoView?FN=2022\4\GJ_CoLogo_13488254.png?638749795300000000,박용현,2013년,"히트2, 블루아카이브, 서든어택, V4",
282025,[시프트업] 승리의 여신 니케 / 메카닉&크리쳐 2D디자이너,㈜시프트업,15704099,경력무관,학력무관,정규직,채용시,원화,원화,https://file.gamejob.co.kr/net/Corp/CoImage/LogoView?FN=2023\10\GJ_CoLogo_15704099.png?639087678030000000,김형태,2013년,"승리의 여신: 니케, 스텔라 블레이드, 데스티니차일드",
281607,[시프트업] 승리의 여신 니케 / 전투 클라이언트 프로그래머,㈜시프트업,15704099,경력3년↑ ,학력무관,정규직,채용시,게임개발(클라이언트),게임개발(클라이언트);게임개발(모바일),https://file.gamejob.co.kr/net/Corp/CoImage/LogoView?FN=2023\10\GJ_CoLogo_15704099.png?639087678030000000,김형태,2013년,"승리의 여신: 니케, 스텔라 블레이드, 데스티니차일드",
281977,[시프트업] 승리의 여신 니케 / 전투 QA,㈜시프트업,15704099,경력2년↑ ,학력무관,정규직,채용시,게임개발(모바일),게임개발(모바일);QA·테스터,https://file.gamejob.co.kr/net/Corp/CoImage/LogoView?FN=2023\10\GJ_CoLogo_15704099.png?639087678030000000,김형태,2013년,"승리의 여신: 니케, 스텔라 블레이드, 데스티니차일드",
281666,[시프트업] 스텔라 블레이드 차기작 / 개발 PM,㈜시프트업,15704099,경력무관,학력무관,정규직,채용시,게임기획,게임기획,https://file.gamejob.co.kr/net/Corp/CoImage/LogoView?FN=2023\10\GJ_CoLogo_15704099.png?639087678030000000,김형태,2013년,"승리의 여신: 니케, 스텔라 블레이드, 데스티니차일드",
281968,게임 3D 디자이너(전환형 인턴),슈퍼센트,36674893,경력무관,학력무관,인턴직,채용시,인터페이스 디자인,인터페이스 디자인;모델링;애니메이션;이펙트·FX,https://file.gamejob.co.kr/net/Corp/CoImage/LogoView?FN=2022\2\GJ_CoLogo_36674893.png?639147854180000000,공준식,2021년,"XP Hero, Burger Please!, Pizza Ready!, Snake Clash",
279165,[Bluehole Studio] 시니어 VFX 아티스트 - TERA2,블루홀스튜디오,33243514,경력7년↑ ,학력무관,정규직,채용시,인터페이스 디자인,인터페이스 디자인;원화;모델링;애니메이션;이펙트·FX,https://file.gamejob.co.kr/net/Corp/CoImage/LogoView?FN=2024\4\GJ_CoLogo_33243514.png?638609674610000000,조두인,2020년,"Dark and Darker Mobile, TERA, ELYON",
281380,[AD-Tech] 머신러닝 엔지니어(7년 이상),슈퍼센트,36674893,경력7년↑ ,학력무관,정규직,채용시,게임AI 개발,게임AI 개발;플랫폼 개발;정보·빅데이터 분석;마케팅;통계,https://file.gamejob.co.kr/net/Corp/CoImage/LogoView?FN=2022\2\GJ_CoLogo_36674893.png?639147854180000000,공준식,2021년,"XP Hero, Burger Please!, Pizza Ready!, Snake Clash",
281837,[DATA&AI] Data Engineer,㈜베이글코드,13322486,경력2년↑ ,학력무관,정규직,채용시,게임운영,게임운영;정보·빅데이터 분석,https://file.gamejob.co.kr/net/Corp/CoImage/LogoView?FN=2019\1\GJ_Co_bagelcode.jpg?638568253930000000,김준영 윤일환,2012년,"Club Vegas, Jackpotjoy Slots",
264251,[라이온하트 스튜디오-시네마팀] 모션 캡쳐 액터 채용,라이온하트스튜디오,27153410,경력무관,학력무관,계약직,채용시,영상제작·편집,영상제작·편집,https://file.gamejob.co.kr/net/Corp/CoImage/LogoView?FN=2019\2\GJ_Co_lion0510.jpg?638997552230000000,김재영,2018년,오딘: 발할라 라이징,
281823,[LOST ARK Mobile] 레벨기획 담당 (계약직),스마일게이트,18140850,신입,학력무관,계약직,채용시,게임기획,게임기획,https://file.gamejob.co.kr/net/Corp/CoImage/LogoView?FN=2026\1\GJ_CoLogo_18140850.png?639029622750000000,성준호,2011년,"LOST ARK, LOST ARK Mobile",
281800,[LOST ARK] 배경원화(컨셉) 담당,스마일게이트,18140850,경력10년↑ ,학력무관,정규직,채용시,원화,원화,https://file.gamejob.co.kr/net/Corp/CoImage/LogoView?FN=2026\1\GJ_CoLogo_18140850.png?639029622750000000,성준호,2011년,"LOST ARK, LOST ARK Mobile",
281797,[LoreVault][Woochi the Wayfarer] 레벨 디자이너,㈜넥슨게임즈,13488254,경력4년↑ ,학력무관,정규직,채용시,게임기획,게임기획,https://file.gamejob.co.kr/net/Corp/CoImage/LogoView?FN=2022\4\GJ_CoLogo_13488254.png?638749795300000000,박용현,2013년,"히트2, 블루아카이브, 서든어택, V4",
281792,[시프트업] 프로젝트 스피릿 / 시네마틱 애니메이터,㈜시프트업,15704099,경력5년↑ ,학력무관,정규직,채용시,애니메이션,애니메이션,https://file.gamejob.co.kr/net/Corp/CoImage/LogoView?FN=2023\10\GJ_CoLogo_15704099.png?639087678030000000,김형태,2013년,"승리의 여신: 니케, 스텔라 블레이드, 데스티니차일드",
281750,[컴투스] [AX HUB] 게임 콘텐츠 AI 응용 개발 (전문연구요원),주식회사 컴투스,11526566,경력무관,학력무관,정규직,06/22(월),게임개발(클라이언트),게임개발(클라이언트);게임AI 개발,https://file.gamejob.co.kr/net/Corp/CoImage/LogoView?FN=2022\6\GJ_CoLogo_11526566.jpg?638550133550000000,남재관,1998년,"서머너즈워, 프로야구시리즈, 낚시의신, 서머너즈워:백년전쟁 등",
281697,[프로젝트 BB] 콘텐츠 기획자,딜로퀘스트,50204664,경력5년↑ ,,정규직,06/22(월),게임AI 개발,게임AI 개발;게임기획,https://file.gamejob.co.kr/net/Corp/CoImage/LogoView?FN=2026\6\GJ_CoLogo_50204664.jpg?639179117090000000,김종율,2025년,-,
281700,[프로젝트 BB] 생활 콘텐츠 기획자,딜로퀘스트,50204664,경력3년↑ ,,정규직,06/22(월),게임기획,게임기획,https://file.gamejob.co.kr/net/Corp/CoImage/LogoView?FN=2026\6\GJ_CoLogo_50204664.jpg?639179117090000000,김종율,2025년,-,
281701,[프로젝트 BB] 애니메이터,딜로퀘스트,50204664,경력3년↑ ,,정규직,06/22(월),애니메이션,애니메이션,https://file.gamejob.co.kr/net/Corp/CoImage/LogoView?FN=2026\6\GJ_CoLogo_50204664.jpg?639179117090000000,김종율,2025년,-,
281696,[프로젝트 BB] AI 프로덕트 매니저,딜로퀘스트,50204664,경력5년↑ ,,정규직,06/22(월),게임AI 개발,게임AI 개발;게임기획,https://file.gamejob.co.kr/net/Corp/CoImage/LogoView?FN=2026\6\GJ_CoLogo_50204664.jpg?639179117090000000,김종율,2025년,-,
281695,[프로젝트 BB] 배경 컨셉 아티스트,딜로퀘스트,50204664,경력5년↑ ,,정규직,06/22(월),원화,원화,https://file.gamejob.co.kr/net/Corp/CoImage/LogoView?FN=2026\6\GJ_CoLogo_50204664.jpg?639179117090000000,김종율,2025년,-,
281739,[DX 스튜디오] 레벨 기획,㈜넥슨게임즈,13488254,경력5년↑ ,학력무관,정규직,채용시,게임기획,게임기획,https://file.gamejob.co.kr/net/Corp/CoImage/LogoView?FN=2022\4\GJ_CoLogo_13488254.png?638749795300000000,박용현,2013년,"히트2, 블루아카이브, 서든어택, V4",
281683,[넷마블네오] 프로젝트Q 배경모델링 담당 모집 (계약직),넷마블네오,37126660,경력무관,학력무관,계약직,채용시,모델링,모델링,https://file.gamejob.co.kr/net/Corp/CoImage/LogoView?FN=2022\4\GJ_CoLogo_37126660.png?638950298550000000,권영식,2012년,"뱀피르, 나 혼자만 레벨업, 왕좌의게임, 제2의나라, 리니지2레볼루션",
281682,[넷마블네오] 프로젝트Q 배경모델링 담당 모집,넷마블네오,37126660,경력1년↑ ,학력무관,정규직,채용시,모델링,모델링,https://file.gamejob.co.kr/net/Corp/CoImage/LogoView?FN=2022\4\GJ_CoLogo_37126660.png?638950298550000000,권영식,2012년,"뱀피르, 나 혼자만 레벨업, 왕좌의게임, 제2의나라, 리니지2레볼루션",
269652,[Platform] 게임 클라이언트(SDK) 개발자,㈜베이글코드,13322486,경력5년↑ ,학력무관,정규직,채용시,게임개발(모바일),게임개발(모바일);플랫폼 개발;시스템·DB,https://file.gamejob.co.kr/net/Corp/CoImage/LogoView?FN=2019\1\GJ_Co_bagelcode.jpg?638568253930000000,김준영 윤일환,2012년,"Club Vegas, Jackpotjoy Slots",
281680,[LoreVault][Woochi the Wayfarer] 배경 컨셉 아티스트,㈜넥슨게임즈,13488254,경력3년↑ ,학력무관,정규직,채용시,원화,원화,https://file.gamejob.co.kr/net/Corp/CoImage/LogoView?FN=2022\4\GJ_CoLogo_13488254.png?638749795300000000,박용현,2013년,"히트2, 블루아카이브, 서든어택, V4",
281677,[LoreVault][Woochi the Wayfarer] 캐릭터 컨셉 아티스트,㈜넥슨게임즈,13488254,경력무관,학력무관,정규직,채용시,원화,원화,https://file.gamejob.co.kr/net/Corp/CoImage/LogoView?FN=2022\4\GJ_CoLogo_13488254.png?638749795300000000,박용현,2013년,"히트2, 블루아카이브, 서든어택, V4",
281679,[LoreVault][Woochi the Wayfarer] 애니메이터,㈜넥슨게임즈,13488254,경력3년↑ ,학력무관,정규직,채용시,애니메이션,애니메이션,https://file.gamejob.co.kr/net/Corp/CoImage/LogoView?FN=2022\4\GJ_CoLogo_13488254.png?638749795300000000,박용현,2013년,"히트2, 블루아카이브, 서든어택, V4",
281678,[LoreVault][Woochi the Wayfarer] TA,㈜넥슨게임즈,13488254,경력7년↑ ,학력무관,정규직,채용시,애니메이션,애니메이션,https://file.gamejob.co.kr/net/Corp/CoImage/LogoView?FN=2022\4\GJ_CoLogo_13488254.png?638749795300000000,박용현,2013년,"히트2, 블루아카이브, 서든어택, V4",
281675,[LoreVault][Woochi the Wayfarer] 배경 모델링 아티스트,㈜넥슨게임즈,13488254,경력3년↑ ,학력무관,정규직,채용시,모델링,모델링,https://file.gamejob.co.kr/net/Corp/CoImage/LogoView?FN=2022\4\GJ_CoLogo_13488254.png?638749795300000000,박용현,2013년,"히트2, 블루아카이브, 서든어택, V4",
281672,[LoreVault][Woochi the Wayfarer] 배경 레벨 아티스트,㈜넥슨게임즈,13488254,경력10년↑ ,학력무관,정규직,채용시,모델링,모델링,https://file.gamejob.co.kr/net/Corp/CoImage/LogoView?FN=2022\4\GJ_CoLogo_13488254.png?638749795300000000,박용현,2013년,"히트2, 블루아카이브, 서든어택, V4",
281670,[LoreVault][Woochi the Wayfarer] 이펙터,㈜넥슨게임즈,13488254,경력3년↑ ,학력무관,정규직,채용시,이펙트·FX,이펙트·FX,https://file.gamejob.co.kr/net/Corp/CoImage/LogoView?FN=2022\4\GJ_CoLogo_13488254.png?638749795300000000,박용현,2013년,"히트2, 블루아카이브, 서든어택, V4",
281664,[LoreVault][Woochi the Wayfarer] 연출팀 TA,㈜넥슨게임즈,13488254,경력2년↑ ,학력무관,정규직,채용시,애니메이션,애니메이션,https://file.gamejob.co.kr/net/Corp/CoImage/LogoView?FN=2022\4\GJ_CoLogo_13488254.png?638749795300000000,박용현,2013년,"히트2, 블루아카이브, 서든어택, V4",
281650,[LoreVault][Woochi the Wayfarer] 캐릭터 모델링 아티스트,㈜넥슨게임즈,13488254,경력무관,학력무관,정규직,채용시,모델링,모델링,https://file.gamejob.co.kr/net/Corp/CoImage/LogoView?FN=2022\4\GJ_CoLogo_13488254.png?638749795300000000,박용현,2013년,"히트2, 블루아카이브, 서든어택, V4",
281648,[LoreVault][Woochi the Wayfarer] 시니어 배경 레벨 아티스트,㈜넥슨게임즈,13488254,경력10년↑ ,학력무관,정규직,채용시,모델링,모델링,https://file.gamejob.co.kr/net/Corp/CoImage/LogoView?FN=2022\4\GJ_CoLogo_13488254.png?638749795300000000,박용현,2013년,"히트2, 블루아카이브, 서든어택, V4",
281643,[LoreVault][Woochi the Wayfarer] 리거,㈜넥슨게임즈,13488254,경력3년↑ ,학력무관,정규직,채용시,모델링,모델링;애니메이션,https://file.gamejob.co.kr/net/Corp/CoImage/LogoView?FN=2022\4\GJ_CoLogo_13488254.png?638749795300000000,박용현,2013년,"히트2, 블루아카이브, 서든어택, V4",
281640,[LoreVault][Woochi the Wayfarer] 시니어 배경 모델링 아티스트,㈜넥슨게임즈,13488254,경력8년↑ ,학력무관,정규직,채용시,모델링,모델링,https://file.gamejob.co.kr/net/Corp/CoImage/LogoView?FN=2022\4\GJ_CoLogo_13488254.png?638749795300000000,박용현,2013년,"히트2, 블루아카이브, 서든어택, V4",
281606,[시프트업] 프로젝트 스피릿 / 개발 PM,㈜시프트업,15704099,경력4년↑ ,학력무관,정규직,채용시,게임기획,게임기획,https://file.gamejob.co.kr/net/Corp/CoImage/LogoView?FN=2023\10\GJ_CoLogo_15704099.png?639087678030000000,김형태,2013년,"승리의 여신: 니케, 스텔라 블레이드, 데스티니차일드",
281595,[UA] Video Creative Designer  (Motion Graphics),㈜베이글코드,13322486,경력3년↑ ,학력무관,정규직,채용시,마케팅,마케팅;홍보;해외 마케팅;광고기획,https://file.gamejob.co.kr/net/Corp/CoImage/LogoView?FN=2019\1\GJ_Co_bagelcode.jpg?638568253930000000,김준영 윤일환,2012년,"Club Vegas, Jackpotjoy Slots",
281514,[빈딕투스 디파잉 페이트] 연출 애니메이터,넥슨,11527672,경력무관,학력무관,정규직,06/16(화),애니메이션,애니메이션,https://file.gamejob.co.kr/net/Corp/CoImage/LogoView?FN=2013\8\GJ_Co_nexonhr.jpg?638537985480000000,강대현·김정욱,1994년,"메이플스토리, 던전앤파이터, 카트라이더, 마비노기",
281522,[슈퍼캣 / 도깨비의세계] 경제 밸런스 기획자 모집 (경력),㈜슈퍼캣,21966143,경력3년↑ ,학력무관,정규직,채용시,게임기획,게임기획,https://file.gamejob.co.kr/net/Corp/CoImage/LogoView?FN=2021\11\GJ_CoLogo_21966143.jpg?639159240770000000,김원배,2016년,"바람의나라: 연, 도깨비의세계, Project CM, Project AS",
281385,[시프트업] 스텔라 블레이드 차기작 / UE5 애니메이션 테크니컬 아티스트,㈜시프트업,15704099,경력5년↑ ,학력무관,정규직,채용시,게임개발(클라이언트),게임개발(클라이언트);이펙트·FX;엔진,https://file.gamejob.co.kr/net/Corp/CoImage/LogoView?FN=2023\10\GJ_CoLogo_15704099.png?639087678030000000,김형태,2013년,"승리의 여신: 니케, 스텔라 블레이드, 데스티니차일드",
281369,[Platform] 서버 개발자,㈜베이글코드,13322486,경력5년↑ ,학력무관,정규직,채용시,게임개발(모바일),게임개발(모바일);플랫폼 개발;서버;시스템·DB,https://file.gamejob.co.kr/net/Corp/CoImage/LogoView?FN=2019\1\GJ_Co_bagelcode.jpg?638568253930000000,김준영 윤일환,2012년,"Club Vegas, Jackpotjoy Slots",
280923,[프로젝트O] 캐릭터 모델러 모집,라이온하트스튜디오,27153410,경력10년↑ ,학력무관,정규직,채용시,모델링,모델링,https://file.gamejob.co.kr/net/Corp/CoImage/LogoView?FN=2019\2\GJ_Co_lion0510.jpg?638997552230000000,김재영,2018년,오딘: 발할라 라이징,
275350,[프로젝트O] 전투 콘텐츠 기획자 모집,라이온하트스튜디오,27153410,경력3년↑ ,학력무관,정규직,채용시,게임기획,게임기획,https://file.gamejob.co.kr/net/Corp/CoImage/LogoView?FN=2019\2\GJ_Co_lion0510.jpg?638997552230000000,김재영,2018년,오딘: 발할라 라이징,
272263,[프로젝트O] 애니메이터 모집,라이온하트스튜디오,27153410,경력3년↑ ,학력무관,정규직,채용시,애니메이션,애니메이션,https://file.gamejob.co.kr/net/Corp/CoImage/LogoView?FN=2019\2\GJ_Co_lion0510.jpg?638997552230000000,김재영,2018년,오딘: 발할라 라이징,
277319,[프로젝트O] 시니어 캐릭터 TA(테크니컬 아티스트) 모집,라이온하트스튜디오,27153410,경력6년↑ ,학력무관,정규직,채용시,이펙트·FX,이펙트·FX,https://file.gamejob.co.kr/net/Corp/CoImage/LogoView?FN=2019\2\GJ_Co_lion0510.jpg?638997552230000000,김재영,2018년,오딘: 발할라 라이징,
277965,[프로젝트O] 배경 모델러 모집,라이온하트스튜디오,27153410,경력5년↑ ,학력무관,정규직,채용시,인터페이스 디자인,인터페이스 디자인;모델링,https://file.gamejob.co.kr/net/Corp/CoImage/LogoView?FN=2019\2\GJ_Co_lion0510.jpg?638997552230000000,김재영,2018년,오딘: 발할라 라이징,
281362,[컴투스] 별도 결산 담당자 (3-10년),주식회사 컴투스,11526566,경력3년↑ ,,정규직,06/11(목),사업기획(국내),사업기획(국내);사무·회계;재무;회계;경리,https://file.gamejob.co.kr/net/Corp/CoImage/LogoView?FN=2022\6\GJ_CoLogo_11526566.jpg?638550133550000000,남재관,1998년,"서머너즈워, 프로야구시리즈, 낚시의신, 서머너즈워:백년전쟁 등",
272208,[프로젝트O] 배경 레벨러 모집,라이온하트스튜디오,27153410,경력5년↑ ,학력무관,정규직,채용시,인터페이스 디자인,인터페이스 디자인,https://file.gamejob.co.kr/net/Corp/CoImage/LogoView?FN=2019\2\GJ_Co_lion0510.jpg?638997552230000000,김재영,2018년,오딘: 발할라 라이징,
266413,[프로젝트S] 애니메이터 모집,라이온하트스튜디오,27153410,경력5년↑ ,학력무관,정규직,채용시,게임개발(모바일),게임개발(모바일);애니메이션,https://file.gamejob.co.kr/net/Corp/CoImage/LogoView?FN=2019\2\GJ_Co_lion0510.jpg?638997552230000000,김재영,2018년,오딘: 발할라 라이징,
265445,[프로젝트S] 배경 원화가 모집,라이온하트스튜디오,27153410,경력무관,학력무관,정규직,채용시,게임개발(모바일),게임개발(모바일);원화,https://file.gamejob.co.kr/net/Corp/CoImage/LogoView?FN=2019\2\GJ_Co_lion0510.jpg?638997552230000000,김재영,2018년,오딘: 발할라 라이징,
249910,[프로젝트S] 배경 모델러 모집,라이온하트스튜디오,27153410,경력3년↑ ,학력무관,정규직,08/22(목),게임개발(모바일),게임개발(모바일);모델링,https://file.gamejob.co.kr/net/Corp/CoImage/LogoView?FN=2019\2\GJ_Co_lion0510.jpg?638997552230000000,김재영,2018년,오딘: 발할라 라이징,
252911,[오딘- 발할라 라이징] 밸런스 기획자 모집,라이온하트스튜디오,27153410,경력3년↑ ,학력무관,정규직,10/28(월),게임기획,게임기획,https://file.gamejob.co.kr/net/Corp/CoImage/LogoView?FN=2019\2\GJ_Co_lion0510.jpg?638997552230000000,김재영,2018년,오딘: 발할라 라이징,
279775,[오딘-발할라 라이징] 중국 라이브 서비스 기획자 모집,라이온하트스튜디오,27153410,경력3년↑ ,학력무관,정규직,채용시,게임기획,게임기획,https://file.gamejob.co.kr/net/Corp/CoImage/LogoView?FN=2019\2\GJ_Co_lion0510.jpg?638997552230000000,김재영,2018년,오딘: 발할라 라이징,
280318,[라이온하트 스튜디오-영상연출실] 라이팅 아티스트 모집,라이온하트스튜디오,27153410,경력2년↑ ,학력무관,정규직,채용시,이펙트·FX,이펙트·FX,https://file.gamejob.co.kr/net/Corp/CoImage/LogoView?FN=2019\2\GJ_Co_lion0510.jpg?638997552230000000,김재영,2018년,오딘: 발할라 라이징,
268636,[라이온하트 스튜디오-시네마팀] 애니메이터 모집,라이온하트스튜디오,27153410,경력1년↑ ,학력무관,정규직,채용시,애니메이션,애니메이션;영상제작·편집,https://file.gamejob.co.kr/net/Corp/CoImage/LogoView?FN=2019\2\GJ_Co_lion0510.jpg?638997552230000000,김재영,2018년,오딘: 발할라 라이징,
281347,[빈딕투스 디파잉 페이트] 인게임 애니메이터,넥슨,11527672,경력3년↑ ,학력무관,정규직,06/11(목),애니메이션,애니메이션,https://file.gamejob.co.kr/net/Corp/CoImage/LogoView?FN=2013\8\GJ_Co_nexonhr.jpg?638537985480000000,강대현·김정욱,1994년,"메이플스토리, 던전앤파이터, 카트라이더, 마비노기",
281257,[경영지원본부] 노사협력팀 노무담당자 (근무지 제주본사),네오플,11526014,경력5년↑ ,학력무관,정규직,채용시,인사,인사;법무,https://file.gamejob.co.kr/net/Corp/CoImage/LogoView?FN=2006\12\1a0967c04951644ac3db68519b7449ab_neo_logo.gif?639064064610000000,윤명진,2001년,"던전앤파이터, 던전앤파이터 모바일, 사이퍼즈, 퍼스트 버서커 : 카잔",
281193,[LoreVault][Woochi the Wayfarer] 엔진 프로그래머,㈜넥슨게임즈,13488254,경력10년↑ ,학력무관,정규직,채용시,게임개발(클라이언트),게임개발(클라이언트);엔진,https://file.gamejob.co.kr/net/Corp/CoImage/LogoView?FN=2022\4\GJ_CoLogo_13488254.png?638749795300000000,박용현,2013년,"히트2, 블루아카이브, 서든어택, V4",
281177,[던전앤파이터 아라드] 라이팅 아티스트,㈜넥슨게임즈,13488254,경력3년↑ ,학력무관,정규직,채용시,이펙트·FX,이펙트·FX,https://file.gamejob.co.kr/net/Corp/CoImage/LogoView?FN=2022\4\GJ_CoLogo_13488254.png?638749795300000000,박용현,2013년,"히트2, 블루아카이브, 서든어택, V4",
279161,[Bluehole Studio] 클라이언트 개발자 (게임플레이/7년 이상) - Project V,블루홀스튜디오,33243514,경력7년↑ ,학력무관,정규직,채용시,게임개발(클라이언트),게임개발(클라이언트),https://file.gamejob.co.kr/net/Corp/CoImage/LogoView?FN=2024\4\GJ_CoLogo_33243514.png?638609674610000000,조두인,2020년,"Dark and Darker Mobile, TERA, ELYON",
279159,[Bluehole Studio] 클라이언트 개발자 (오디오 시스템/7년 이상) - Project V,블루홀스튜디오,33243514,경력7년↑ ,학력무관,정규직,채용시,게임개발(클라이언트),게임개발(클라이언트),https://file.gamejob.co.kr/net/Corp/CoImage/LogoView?FN=2024\4\GJ_CoLogo_33243514.png?638609674610000000,조두인,2020년,"Dark and Darker Mobile, TERA, ELYON",
279158,[Bluehole Studio] 클라이언트 개발자 (콘솔 플랫폼/7년 이상) - Project V,블루홀스튜디오,33243514,경력7년↑ ,학력무관,정규직,채용시,게임개발(클라이언트),게임개발(클라이언트),https://file.gamejob.co.kr/net/Corp/CoImage/LogoView?FN=2024\4\GJ_CoLogo_33243514.png?638609674610000000,조두인,2020년,"Dark and Darker Mobile, TERA, ELYON",
281133,[메이플스토리 PC] UI 디자이너,넥슨,11527672,경력무관,학력무관,정규직,06/09(화),원화,원화,https://file.gamejob.co.kr/net/Corp/CoImage/LogoView?FN=2013\8\GJ_Co_nexonhr.jpg?638537985480000000,강대현·김정욱,1994년,"메이플스토리, 던전앤파이터, 카트라이더, 마비노기",
269964,[마비노기 모바일] 전투 로직 프로그래머 모집,데브캣,32636212,경력3년↑ ,학력무관,정규직,채용시,게임개발(클라이언트),게임개발(클라이언트);게임개발(모바일),https://file.gamejob.co.kr/net/Corp/CoImage/LogoView?FN=2026\4\GJ_CoLogo_32636212.png?639116881870000000,"김동건,정길수",2020년,마비노기모바일,
273029,[마비노기 모바일] 시스템/UX 기획자 모집,데브캣,32636212,경력5년↑ ,학력무관,정규직,채용시,게임개발(모바일),게임개발(모바일);게임기획,https://file.gamejob.co.kr/net/Corp/CoImage/LogoView?FN=2026\4\GJ_CoLogo_32636212.png?639116881870000000,"김동건,정길수",2020년,마비노기모바일,
271753,[마비노기 모바일] 게임 프레임워크 프로그래머 모집,데브캣,32636212,경력무관,학력무관,정규직,채용시,게임개발(클라이언트),게임개발(클라이언트);게임개발(모바일),https://file.gamejob.co.kr/net/Corp/CoImage/LogoView?FN=2026\4\GJ_CoLogo_32636212.png?639116881870000000,"김동건,정길수",2020년,마비노기모바일,
271066,[마비노기 모바일] 연구 개발 프로그래머 모집,데브캣,32636212,경력무관,학력무관,정규직,채용시,게임개발(클라이언트),게임개발(클라이언트);게임개발(모바일),https://file.gamejob.co.kr/net/Corp/CoImage/LogoView?FN=2026\4\GJ_CoLogo_32636212.png?639116881870000000,"김동건,정길수",2020년,마비노기모바일,
278593,[마비노기 모바일] 캐릭터 컨셉 아티스트 모집,데브캣,32636212,경력무관,학력무관,정규직,채용시,게임개발(모바일),게임개발(모바일);원화;모델링;애니메이션;플랫폼 디자인,https://file.gamejob.co.kr/net/Corp/CoImage/LogoView?FN=2026\4\GJ_CoLogo_32636212.png?639116881870000000,"김동건,정길수",2020년,마비노기모바일,
280992,웹 디자이너 (계약직/2년 이상),주식회사 컴투스,11526566,경력2년↑ ,학력무관,계약직,06/04(목),게임개발(모바일),게임개발(모바일);인터페이스 디자인;게임기획,https://file.gamejob.co.kr/net/Corp/CoImage/LogoView?FN=2022\6\GJ_CoLogo_11526566.jpg?638550133550000000,남재관,1998년,"서머너즈워, 프로야구시리즈, 낚시의신, 서머너즈워:백년전쟁 등",
280412,[기술본부] 기술전략실 엔지니어,넥슨,11527672,경력3년↑ ,학력무관,정규직,05/20(수),게임AI 개발,게임AI 개발;플랫폼 개발,https://file.gamejob.co.kr/net/Corp/CoImage/LogoView?FN=2013\8\GJ_Co_nexonhr.jpg?638537985480000000,강대현·김정욱,1994년,"메이플스토리, 던전앤파이터, 카트라이더, 마비노기",
276613,[Strategy&Finance] 전략 팀장,㈜베이글코드,13322486,경력8년↑ ,,정규직,채용시,통계,통계;주식IR;법무,https://file.gamejob.co.kr/net/Corp/CoImage/LogoView?FN=2019\1\GJ_Co_bagelcode.jpg?638568253930000000,김준영 윤일환,2012년,"Club Vegas, Jackpotjoy Slots",
279949,[Bluehole Studio] Lead VFX Artist,블루홀스튜디오,33243514,경력7년↑ ,학력무관,정규직,채용시,원화,원화;모델링;애니메이션;이펙트·FX;게임기획,https://file.gamejob.co.kr/net/Corp/CoImage/LogoView?FN=2024\4\GJ_CoLogo_33243514.png?638609674610000000,조두인,2020년,"Dark and Darker Mobile, TERA, ELYON",
278460,[111퍼센트] 2D 게임 그래픽 디자이너,111퍼센트㈜,20978266,경력1년↑ ,학력무관,정규직,채용시,인터페이스 디자인,인터페이스 디자인;모델링;애니메이션;이펙트·FX,https://file.gamejob.co.kr/net/Corp/CoImage/LogoView?FN=2025\9\GJ_CoLogo_20978266.png?639207709370000000,김강안,2015년,"운빨존많겜, 랜덤다이스:디펜스",
279369,[Bluehole Studio] Environment Concept Artist (Lead / Senior) - Project V,블루홀스튜디오,33243514,경력7년↑ ,학력무관,정규직,채용시,원화,원화;모델링,https://file.gamejob.co.kr/net/Corp/CoImage/LogoView?FN=2024\4\GJ_CoLogo_33243514.png?638609674610000000,조두인,2020년,"Dark and Darker Mobile, TERA, ELYON",
279418,[Bluehole Studio] 3D Environment Artists (Lead / Senior) - Project V,블루홀스튜디오,33243514,경력7년↑ ,학력무관,정규직,채용시,원화,원화;모델링,https://file.gamejob.co.kr/net/Corp/CoImage/LogoView?FN=2024\4\GJ_CoLogo_33243514.png?638609674610000000,조두인,2020년,"Dark and Darker Mobile, TERA, ELYON",
279419,[Bluehole Studio] 3D Character Artists (Lead / Senior) - Project V,블루홀스튜디오,33243514,경력7년↑ ,학력무관,정규직,채용시,원화,원화;모델링,https://file.gamejob.co.kr/net/Corp/CoImage/LogoView?FN=2024\4\GJ_CoLogo_33243514.png?638609674610000000,조두인,2020년,"Dark and Darker Mobile, TERA, ELYON",
279420,[Bluehole Studio] Animator (Lead / Senior) - Project V,블루홀스튜디오,33243514,경력7년↑ ,학력무관,정규직,채용시,원화,원화;모델링,https://file.gamejob.co.kr/net/Corp/CoImage/LogoView?FN=2024\4\GJ_CoLogo_33243514.png?638609674610000000,조두인,2020년,"Dark and Darker Mobile, TERA, ELYON",
279421,[Bluehole Studio] Character Concept Artist (Lead / Senior) - Project V,블루홀스튜디오,33243514,경력7년↑ ,학력무관,정규직,채용시,원화,원화;모델링,https://file.gamejob.co.kr/net/Corp/CoImage/LogoView?FN=2024\4\GJ_CoLogo_33243514.png?638609674610000000,조두인,2020년,"Dark and Darker Mobile, TERA, ELYON",
279422,[Bluehole Studio] Lighting Artist (Lead / Senior) - Project V,블루홀스튜디오,33243514,경력7년↑ ,학력무관,정규직,채용시,원화,원화;모델링,https://file.gamejob.co.kr/net/Corp/CoImage/LogoView?FN=2024\4\GJ_CoLogo_33243514.png?638609674610000000,조두인,2020년,"Dark and Darker Mobile, TERA, ELYON",
279425,[Bluehole Studio] VFX Artist (Lead / Senior) - Project V,블루홀스튜디오,33243514,경력7년↑ ,학력무관,정규직,채용시,원화,원화;모델링,https://file.gamejob.co.kr/net/Corp/CoImage/LogoView?FN=2024\4\GJ_CoLogo_33243514.png?638609674610000000,조두인,2020년,"Dark and Darker Mobile, TERA, ELYON",
279414,[Global Publishing Dept. 3] Marketing & Community Intern,(주)크래프톤,22302337,경력무관,학력무관,인턴직,채용시,사업기획(해외),사업기획(해외);마케팅;홍보,https://file.gamejob.co.kr/net/Corp/CoImage/LogoView?FN=2026\3\GJ_CoLogo_22302337.png?639084112890000000,김창한,2007년,PUBG: 배틀그라운드,
279169,[Bluehole Studio] 시니어 클라이언트 프로그래머 - TERA2,블루홀스튜디오,33243514,경력7년↑ ,학력무관,정규직,채용시,게임개발(클라이언트),게임개발(클라이언트),https://file.gamejob.co.kr/net/Corp/CoImage/LogoView?FN=2024\4\GJ_CoLogo_33243514.png?638609674610000000,조두인,2020년,"Dark and Darker Mobile, TERA, ELYON",
279163,[Bluehole Studio] 클라이언트 프로그래머 리드 - TERA2,블루홀스튜디오,33243514,경력10년↑ ,학력무관,정규직,채용시,게임개발(클라이언트),게임개발(클라이언트),https://file.gamejob.co.kr/net/Corp/CoImage/LogoView?FN=2024\4\GJ_CoLogo_33243514.png?638609674610000000,조두인,2020년,"Dark and Darker Mobile, TERA, ELYON",
279103,[CVS] 서버 개발자,㈜베이글코드,13322486,경력3년↑ ,학력무관,정규직,채용시,게임개발(모바일),게임개발(모바일);서버,https://file.gamejob.co.kr/net/Corp/CoImage/LogoView?FN=2019\1\GJ_Co_bagelcode.jpg?638568253930000000,김준영 윤일환,2012년,"Club Vegas, Jackpotjoy Slots",
278951,[신작팀] 게임 기획 PD,㈜베이글코드,13322486,경력3년↑ ,,정규직,채용시,게임기획,게임기획,https://file.gamejob.co.kr/net/Corp/CoImage/LogoView?FN=2019\1\GJ_Co_bagelcode.jpg?638568253930000000,김준영 윤일환,2012년,"Club Vegas, Jackpotjoy Slots",
278909,[111퍼센트] 밸런싱 기획자,111퍼센트㈜,20978266,경력3년↑ ,학력무관,정규직,채용시,게임기획,게임기획;정보·빅데이터 분석,https://file.gamejob.co.kr/net/Corp/CoImage/LogoView?FN=2025\9\GJ_CoLogo_20978266.png?639207709370000000,김강안,2015년,"운빨존많겜, 랜덤다이스:디펜스",
283898,[넷마블엔투] [Pearl in Blue] TA 모집,넷마블엔투㈜,11534402,경력3년↑ ,학력무관,정규직,채용시,게임개발(모바일),게임개발(모바일);모델링;애니메이션;이펙트·FX;엔진,https://file.gamejob.co.kr/net/Corp/CoImage/LogoView?FN=2016\4\GJ_Co_n2play.jpg?639148830650000000,권민관,2011년,"모두의마블,페이트:그랜드오더,마구마구,신의탑:새로운세계,RF온라인 넥스트,스톤에이지 키우기",
284257,[넷마블엔투] [Pearl in Blue] 엔진 & 그래픽스 프로그래머 모집,넷마블엔투㈜,11534402,경력3년↑ ,학력무관,정규직,채용시,게임개발(모바일),게임개발(모바일);모델링;애니메이션;이펙트·FX,https://file.gamejob.co.kr/net/Corp/CoImage/LogoView?FN=2016\4\GJ_Co_n2play.jpg?639148830650000000,권민관,2011년,"모두의마블,페이트:그랜드오더,마구마구,신의탑:새로운세계,RF온라인 넥스트,스톤에이지 키우기",
281072,[NC자회사][빅파이어게임즈][단기계약직] 시스템 디자이너 모집,빅파이어게임즈,47139646,신입,학력무관,계약직,채용시,게임기획,게임기획,https://file.gamejob.co.kr/net/Corp/CoImage/LogoView?FN=2025\3\GJ_CoLogo_47139646.jpg?639114399650000000,배재현,2025년,-,
281085,[NC자회사][빅파이어게임즈][단기계약직] 밸런스 디자이너 모집,빅파이어게임즈,47139646,신입,학력무관,계약직,채용시,게임기획,게임기획,https://file.gamejob.co.kr/net/Corp/CoImage/LogoView?FN=2025\3\GJ_CoLogo_47139646.jpg?639114399650000000,배재현,2025년,-,
281214,[NC자회사][빅파이어게임즈] 시스템 디자이너 모집,빅파이어게임즈,47139646,경력3년↑ ,학력무관,정규직,채용시,게임기획,게임기획,https://file.gamejob.co.kr/net/Corp/CoImage/LogoView?FN=2025\3\GJ_CoLogo_47139646.jpg?639114399650000000,배재현,2025년,-,
281213,[NC자회사][빅파이어게임즈] 서버 프로그래머 모집,빅파이어게임즈,47139646,경력2년↑ ,학력무관,정규직,채용시,서버,서버,https://file.gamejob.co.kr/net/Corp/CoImage/LogoView?FN=2025\3\GJ_CoLogo_47139646.jpg?639114399650000000,배재현,2025년,-,
281641,[NC자회사][빅파이어게임즈] 3D 캐릭터 제작 아티스트(팀장급) 모집,빅파이어게임즈,47139646,경력5년↑ ,학력무관,정규직,채용시,게임개발(클라이언트),게임개발(클라이언트);원화;모델링;애니메이션,https://file.gamejob.co.kr/net/Corp/CoImage/LogoView?FN=2025\3\GJ_CoLogo_47139646.jpg?639114399650000000,배재현,2025년,-,
281665,[NC자회사][빅파이어게임즈] 라이팅 아티스트 모집,빅파이어게임즈,47139646,경력5년↑ ,학력무관,정규직,채용시,게임개발(클라이언트),게임개발(클라이언트);인터페이스 디자인;모델링;이펙트·FX,https://file.gamejob.co.kr/net/Corp/CoImage/LogoView?FN=2025\3\GJ_CoLogo_47139646.jpg?639114399650000000,배재현,2025년,-,
281668,[NC자회사][빅파이어게임즈] 레벨 아티스트 모집,빅파이어게임즈,47139646,경력2년↑ ,학력무관,정규직,채용시,게임개발(클라이언트),게임개발(클라이언트);인터페이스 디자인;모델링,https://file.gamejob.co.kr/net/Corp/CoImage/LogoView?FN=2025\3\GJ_CoLogo_47139646.jpg?639114399650000000,배재현,2025년,-,
281915,[NC자회사][빅파이어게임즈][단기계약직] 콘텐츠 디자이너 모집,빅파이어게임즈,47139646,신입,학력무관,계약직,채용시,게임기획,게임기획,https://file.gamejob.co.kr/net/Corp/CoImage/LogoView?FN=2025\3\GJ_CoLogo_47139646.jpg?639114399650000000,배재현,2025년,-,
281916,[NC자회사][빅파이어게임즈] 퀘스트 디자이너 모집,빅파이어게임즈,47139646,경력3년↑ ,학력무관,정규직,채용시,게임기획,게임기획,https://file.gamejob.co.kr/net/Corp/CoImage/LogoView?FN=2025\3\GJ_CoLogo_47139646.jpg?639114399650000000,배재현,2025년,-,
281917,[NC자회사][빅파이어게임즈] 콘텐츠 디자이너 모집,빅파이어게임즈,47139646,경력3년↑ ,학력무관,정규직,채용시,게임기획,게임기획,https://file.gamejob.co.kr/net/Corp/CoImage/LogoView?FN=2025\3\GJ_CoLogo_47139646.jpg?639114399650000000,배재현,2025년,-,
283003,[NC자회사][빅파이어게임즈][단기계약직] PVE 기획 디자이너 모집,빅파이어게임즈,47139646,신입,학력무관,계약직,채용시,게임기획,게임기획,https://file.gamejob.co.kr/net/Corp/CoImage/LogoView?FN=2025\3\GJ_CoLogo_47139646.jpg?639114399650000000,배재현,2025년,-,
283002,[NC자회사][빅파이어게임즈] 밸런스 디자이너 모집,빅파이어게임즈,47139646,경력5년↑ ,학력무관,정규직,채용시,게임개발(클라이언트),게임개발(클라이언트);게임기획,https://file.gamejob.co.kr/net/Corp/CoImage/LogoView?FN=2025\3\GJ_CoLogo_47139646.jpg?639114399650000000,배재현,2025년,-,
283000,[NC자회사][빅파이어게임즈][단기계약직] 빌드매니저(BM) 모집,빅파이어게임즈,47139646,신입,학력무관,계약직,채용시,게임개발(클라이언트),게임개발(클라이언트);게임기획;게임운영;QA·테스터,https://file.gamejob.co.kr/net/Corp/CoImage/LogoView?FN=2025\3\GJ_CoLogo_47139646.jpg?639114399650000000,배재현,2025년,-,
283538,[NC자회사][빅파이어게임즈] VFX 아티스트 모집,빅파이어게임즈,47139646,경력2년↑ ,학력무관,정규직,채용시,이펙트·FX,이펙트·FX,https://file.gamejob.co.kr/net/Corp/CoImage/LogoView?FN=2025\3\GJ_CoLogo_47139646.jpg?639114399650000000,배재현,2025년,-,
283854,[NC자회사][빅파이어게임즈] 엔진 프로그래머 모집,빅파이어게임즈,47139646,경력2년↑ ,학력무관,정규직,~10/31,게임개발(클라이언트),게임개발(클라이언트);엔진,https://file.gamejob.co.kr/net/Corp/CoImage/LogoView?FN=2025\3\GJ_CoLogo_47139646.jpg?639114399650000000,배재현,2025년,-,
284416,[NC자회사][빅파이어게임즈] 클라이언트 프로그래머 모집,빅파이어게임즈,47139646,경력2년↑ ,학력무관,정규직,채용시,게임개발(클라이언트),게임개발(클라이언트),https://file.gamejob.co.kr/net/Corp/CoImage/LogoView?FN=2025\3\GJ_CoLogo_47139646.jpg?639114399650000000,배재현,2025년,-,
284443,[NC자회사][빅파이어게임즈] 3D 캐릭터 애니메이터 모집,빅파이어게임즈,47139646,경력3년↑ ,학력무관,정규직,~11/30,애니메이션,애니메이션,https://file.gamejob.co.kr/net/Corp/CoImage/LogoView?FN=2025\3\GJ_CoLogo_47139646.jpg?639114399650000000,배재현,2025년,-,
284526,[블루피쉬스튜디오] TA 담당 경력사원 모집,㈜플레이위드코리아,11525795,경력10년↑ ,학력무관,정규직,~10/19,게임개발(모바일),게임개발(모바일);인터페이스 디자인;모델링;애니메이션;이펙트·FX,https://file.gamejob.co.kr/net/Corp/CoImage/LogoView?FN=2016\10\GJ_Co_sunny.jpg?638961649670000000,김학준,1984년,"로한, 씰M, 씰온라인, ROHAN2, SEAL WHAT THE FUN",
284525,게임 마케팅 경력사원 모집,㈜플레이위드코리아,11525795,경력5년↑ ,,정규직,~10/19,마케팅,마케팅;해외 마케팅;프로모션;광고기획;제휴,https://file.gamejob.co.kr/net/Corp/CoImage/LogoView?FN=2016\10\GJ_Co_sunny.jpg?638961649670000000,김학준,1984년,"로한, 씰M, 씰온라인, ROHAN2, SEAL WHAT THE FUN",
284113,[쿠키런 크럼블] QA (1년 계약직),데브시스터즈㈜,16557447,경력2년↑ ,학력무관,계약직,채용시,QA·테스터,QA·테스터,https://file.gamejob.co.kr/net/Corp/CoImage/LogoView?FN=2022\3\GJ_CoLogo_16557447.jpg?639089936890000000,조길현,2007년,"[쿠키런: 오븐브레이크], [쿠키런: 킹덤], [쿠키런: 모험의탑], [쿠키런 클래식]",
283139,"2D 캐릭터, 몬스터 디자이너 모집",㈜레이어랩,16438742,경력3년↑ ,학력무관,계약직,채용시,원화,원화,https://file.gamejob.co.kr/net/Corp/CoImage/LogoView?FN=2024\6\GJ_CoLogo_16438742.png?639026189430000000,유현석,2010년,"냥냥레인저스, 헤드샷ZD, 캣워즈, 인피니티볼",
283611,[신규 FPS] 애니메이터 모집,㈜제페토,11527454,경력무관,학력무관,정규직,08/07(금),애니메이션,애니메이션,https://file.gamejob.co.kr/net/Corp/CoImage/LogoView?FN=2016\9\GJ_Co_zepetto.jpg?638968253030000000,김지인,2003년,"포인트 블랭크(FPS), Outlaw(모바일)",
284099,[대구] 회사와 함께 성장할 3D모델러분 모십니다,㈜플레이파크,17426022,경력무관,학력무관,정규직,~09/24,인터페이스 디자인,인터페이스 디자인;모델링;애니메이션,https://file.gamejob.co.kr/net/Corp/CoImage/LogoView?FN=2017\6\GJ_Co_mr3dpark.jpg?638566661540000000,박건웅,2017년,"메타버스 플랫폼, 모바일게임, VR게임",
284097,[대구]성공을 함께할 게임기획자분을 모십니다,㈜플레이파크,17426022,경력무관,학력무관,정규직,~09/24,게임기획,게임기획;사업기획(국내);사업기획(해외);사업관리,https://file.gamejob.co.kr/net/Corp/CoImage/LogoView?FN=2017\6\GJ_Co_mr3dpark.jpg?638566661540000000,박건웅,2017년,"메타버스 플랫폼, 모바일게임, VR게임",
283602,[판교] UA 마케터 모집,메타본엔터테인먼트㈜,31751066,경력1년↑ ,학력무관,정규직,채용시,게임운영,게임운영;사업기획(국내);사업기획(해외);마케팅;퍼블리싱,https://file.gamejob.co.kr/net/Corp/CoImage/LogoView?FN=2020\7\GJ_CoLogo_31751066.png?639148664360000000,김주은,2020년,건틀렛: 방치형 액션 RPG,
283387,[판교][건틀렛] RPG 기획 및 운영 (경력/신입) 모십니다,메타본엔터테인먼트㈜,31751066,신입,학력무관,정규직,채용시,게임기획,게임기획;게임운영,https://file.gamejob.co.kr/net/Corp/CoImage/LogoView?FN=2020\7\GJ_CoLogo_31751066.png?639148664360000000,김주은,2020년,건틀렛: 방치형 액션 RPG,
284524,2D 모바일 게임 클라이언트 개발자 모집(3년차 이상),카피바라,47014609,경력3년↑ ,학력무관,정규직,채용시,게임개발(클라이언트),게임개발(클라이언트);게임개발(모바일),https://file.gamejob.co.kr/net/Corp/CoImage/LogoView?FN=2026\9\GJ_CoLogo_47014609.png?639238975420000000,-,2024년,"아토즈포커(개발중, 2026 하반기 출시 예정)",
284092,SF - 격투 스타일 스파인 에니메이터 구인,프론티어코어㈜,48897509,경력무관,학력무관,정규직,~09/21,원화,원화;애니메이션,https://file.gamejob.co.kr/net/Corp/CoImage/LogoView?FN=2026\2\GJ_CoLogo_48897509.png?639229419050000000,OOO,2025년,DuelistArena,
283988,신규 모바일 RPG UI 모집,㈜스피엘게임즈,46407077,경력무관,학력무관,정규직,채용시,게임개발(모바일),게임개발(모바일);인터페이스 디자인,https://file.gamejob.co.kr/net/Corp/CoImage/LogoView?FN=2025\4\GJ_CoLogo_46407077.png?638817153140000000,서용채,2024년,-,
284061,방치형 모바일 RPG QA 모집,㈜스피엘게임즈,46407077,경력무관,학력무관,계약직,채용시,QA·테스터,QA·테스터,https://file.gamejob.co.kr/net/Corp/CoImage/LogoView?FN=2025\4\GJ_CoLogo_46407077.png?638817153140000000,서용채,2024년,-,
284508,전산총무 채용,㈜미투온,11533347,경력1년↑ ,학력무관,정규직,~09/30,네트워크,네트워크;보안;총무,https://file.gamejob.co.kr/net/Corp/CoImage/LogoView?FN=2015\4\GJ_Co_me2on.jpg?638840297710000000,손창욱,2010년,"풀팟홀덤포커, 풀하우스카지노, 솔리테르 트라이픽스 져니",
283590,[플러피덕] 2D 캐릭터 원화가 모집,㈜플러피덕,42937996,경력3년↑ ,학력무관,정규직,채용시,원화,원화,https://file.gamejob.co.kr/net/Corp/CoImage/LogoView?FN=2025\10\GJ_CoLogo_42937996.png?639106433620000000,이정훈,2023년,메이크드라마 : MAD,
282799,[플러피덕] 스파인 애니메이터 모집,㈜플러피덕,42937996,경력무관,학력무관,정규직,채용시,애니메이션,애니메이션,https://file.gamejob.co.kr/net/Corp/CoImage/LogoView?FN=2025\10\GJ_CoLogo_42937996.png?639106433620000000,이정훈,2023년,메이크드라마 : MAD,
284519,모바일 2D 인디 게임 그래픽 디자이너 모집,주식회사 게임코스터,21464377,경력무관,학력무관,정규직,채용시,원화,원화,https://file.gamejob.co.kr/net/Corp/CoImage/LogoView?FN=2024\7\GJ_CoLogo_21464377.png?639238876690000000,김국환,2017년,"던전메이커, 던전지키기, 던전스쿼드, 던전위딘",
283649,모바일MMORPG 클라이언 개발자 모집(5년 이상),플레이웍스㈜,11533155,경력5년↑ ,학력무관,정규직,채용시,게임개발(클라이언트),게임개발(클라이언트);게임개발(모바일),https://file.gamejob.co.kr/net/Corp/CoImage/LogoView?FN=2011\10\GJ_Co_playworks.jpg?639130857190000000,김광열,2007년,"다크에덴M, 미르의전설2 기연, 천상비K",
284455,모바일 MMORPG 게임 운영(GM) 모집,플레이웍스㈜,11533155,경력5년↑ ,학력무관,정규직,채용시,게임운영,게임운영;전략기획;사업관리;퍼블리싱,https://file.gamejob.co.kr/net/Corp/CoImage/LogoView?FN=2011\10\GJ_Co_playworks.jpg?639130857190000000,김광열,2007년,"다크에덴M, 미르의전설2 기연, 천상비K",
283468,UA 크리에이티브 디자이너 (1년 이상),㈜플레이하드,18443172,경력1년↑ ,학력무관,정규직,08/03(월),영상제작·편집,영상제작·편집;마케팅;프로모션;광고기획,https://file.gamejob.co.kr/net/Corp/CoImage/LogoView?FN=2018\12\GJ_Co_playhard.jpg?639234254770000000,신중혁,2016년,"몬몬마스터즈, 퀸즈레터, 우르르수비대, 우르르용병단, 히어로팩토리, 공장 주식회사",
283813,UA 크리에이티브 (신입),㈜플레이하드,18443172,신입,학력무관,정규직,08/13(목),영상제작·편집,영상제작·편집;마케팅;프로모션;광고기획,https://file.gamejob.co.kr/net/Corp/CoImage/LogoView?FN=2018\12\GJ_Co_playhard.jpg?639234254770000000,신중혁,2016년,"몬몬마스터즈, 퀸즈레터, 우르르수비대, 우르르용병단, 히어로팩토리, 공장 주식회사",
284249,[수집형RPG] 레벨 디자이너,㈜플레이하드,18443172,경력무관,학력무관,정규직,채용시,게임개발(모바일),게임개발(모바일);게임기획,https://file.gamejob.co.kr/net/Corp/CoImage/LogoView?FN=2018\12\GJ_Co_playhard.jpg?639234254770000000,신중혁,2016년,"몬몬마스터즈, 퀸즈레터, 우르르수비대, 우르르용병단, 히어로팩토리, 공장 주식회사",
284504,[p.일렌시아] 배경 도트 디자이너 (신입/경력),게임듀오,29576203,신입,학력무관,정규직,16시간 전,원화,원화,https://file.gamejob.co.kr/net/Corp/CoImage/LogoView?FN=2022\6\GJ_CoLogo_29576203.png?639017399630000000,"송승준, 최재원",2019년,"어나더던전, 캣히어로",
284509,[NC-퍼스트스파크게임즈][프로젝트 SC] TA 모집,㈜퍼스트스파크게임즈,47616029,경력5년↑ ,학력무관,정규직,~09/30,원화,원화;모델링,https://file.gamejob.co.kr/net/Corp/CoImage/LogoView?FN=2025\5\GJ_CoLogo_47616029.png?638999364520000000,최문영,2025년,THRONE AND LIBERTY,
275479,[스마일게이트] 게임 QA (아르바이트/1개월),㈜스마일게이트홀딩스 메가포트 지점,34583212,경력1년↑ ,학력무관,아르바이트,~09/27,QA·테스터,QA·테스터,https://file.gamejob.co.kr/net/Corp/CoImage/LogoView?FN=2026\4\GJ_CoLogo_34583212.png?639234431990000000,성준호,2016년,스마일게이트 스토브 플랫폼 / 퍼블리싱,
284507,라이브 프로젝트 배경 에셋 제작 아티스트 (신입),㈜데브즈유나이티드게임즈,37993507,신입,,정규직,~11/01,인터페이스 디자인,인터페이스 디자인;원화;모델링;애니메이션;이펙트·FX,https://file.gamejob.co.kr/net/Corp/CoImage/LogoView?FN=2023\6\GJ_CoLogo_37993507.jpeg?639105712820000000,최민경,2016년,Real VR Fishing,
284501,[프리스타일] GUI 디자이너 채용 (경력),조이시티,45016144,경력2년↑ ,학력무관,정규직,~09/30,인터페이스 디자인,인터페이스 디자인,https://file.gamejob.co.kr/net/Corp/CoImage/LogoView?FN=2024\8\GJ_CoLogo_45016144.png?638792072310000000,조성원,1994년,"프리스타일 시리즈, 건쉽배틀:토탈워페어, 캐리비안의 해적, 오션 앤 엠파이어",
284498,[호라이즌 워커] 모바일 게임 일본어 로컬라이제이션 담당자 모집,㈜젠틀매니악,35256454,경력무관,학력무관,계약직,채용시,게임운영,게임운영,https://file.gamejob.co.kr/net/Corp/CoImage/LogoView?FN=2021\8\GJ_CoLogo_35256454.png?639235316660000000,"이태웅, 복규동",2021년,"호라이즌 워커, 마대자",
283232,[무브인터렉티브] 사업기획팀 신입/경력 채용,(주)무브인터렉티브,11525759,신입,,정규직,~09/29,사업기획(국내),사업기획(국내);사업기획(해외);전략기획;마케팅,https://file.gamejob.co.kr/net/Corp/CoImage/LogoView?FN=2022\4\GJ_CoLogo_11525759.png?639202730720000000,김동성,2002년,"디지몬슈퍼럼블, 디지몬마스터즈, 디지몬RPG, 베어브릭히어로즈",
282578,[캐주얼RPG게임] 클라이언트 콘텐츠 프로그래머 모집,㈜타이니펀게임즈(Tiny Fu,44380258,경력3년↑ ,학력무관,정규직,채용시,게임개발(클라이언트),게임개발(클라이언트),https://file.gamejob.co.kr/net/Corp/CoImage/LogoView?FN=2024\6\GJ_CoLogo_44380258.png?639237815660000000,고승표,2024년,던전 어라이즈,
284096,[캐주얼RPG게임] 콘텐츠/시스템 기획자 모집,㈜타이니펀게임즈(Tiny Fu,44380258,경력5년↑ ,학력무관,정규직,채용시,게임기획,게임기획,https://file.gamejob.co.kr/net/Corp/CoImage/LogoView?FN=2024\6\GJ_CoLogo_44380258.png?639237815660000000,고승표,2024년,던전 어라이즈,
284175,[캐주얼RPG게임] 3D 배경 모델러 모집(경력),㈜타이니펀게임즈(Tiny Fu,44380258,경력무관,학력무관,정규직,채용시,게임개발(모바일),게임개발(모바일);모델링,https://file.gamejob.co.kr/net/Corp/CoImage/LogoView?FN=2024\6\GJ_CoLogo_44380258.png?639237815660000000,고승표,2024년,던전 어라이즈,
281585,"[그랜드체이스 클래식] 2D캐릭터, 이펙트",코그,11526067,경력무관,학력무관,정규직,채용시,원화,원화;이펙트·FX,https://file.gamejob.co.kr/net/Corp/CoImage/LogoView?FN=2007\8\GJ_Co_wonlee10.jpg?639173120870000000,이종원,2000년,"그랜드체이스, 엘소드, 커츠펠",https://www.kog.co.kr
284070,[코그] 애니메이터 모집,코그,11526067,경력무관,학력무관,정규직,채용시,애니메이션,애니메이션,https://file.gamejob.co.kr/net/Corp/CoImage/LogoView?FN=2007\8\GJ_Co_wonlee10.jpg?639173120870000000,이종원,2000년,"그랜드체이스, 엘소드, 커츠펠",https://www.kog.co.kr
284258,"[신규RPG프로젝트] 게임디자인, 3D배경, 애니메이션",코그,11526067,경력무관,학력무관,정규직,채용시,모델링,모델링;애니메이션;게임기획,https://file.gamejob.co.kr/net/Corp/CoImage/LogoView?FN=2007\8\GJ_Co_wonlee10.jpg?639173120870000000,이종원,2000년,"그랜드체이스, 엘소드, 커츠펠",https://www.kog.co.kr
284313,[엘소드] 게임 개발 전 분야 수시 모집,코그,11526067,경력무관,학력무관,정규직,채용시,원화,원화;모델링;애니메이션;게임기획,https://file.gamejob.co.kr/net/Corp/CoImage/LogoView?FN=2007\8\GJ_Co_wonlee10.jpg?639173120870000000,이종원,2000년,"그랜드체이스, 엘소드, 커츠펠",https://www.kog.co.kr
284506,라이브 프로젝트 모델러 모집 (경력 5-7년차),㈜데브즈유나이티드게임즈,37993507,경력5년↑ ,,정규직,~11/01,모델링,모델링;애니메이션;이펙트·FX,https://file.gamejob.co.kr/net/Corp/CoImage/LogoView?FN=2023\6\GJ_CoLogo_37993507.jpeg?639105712820000000,최민경,2016년,Real VR Fishing,
284503,[신규프로젝트] 신입/경력 도트 디자이너 모집,게임듀오,29576203,신입,학력무관,정규직,17시간 전,원화,원화;애니메이션,https://file.gamejob.co.kr/net/Corp/CoImage/LogoView?FN=2022\6\GJ_CoLogo_29576203.png?639017399630000000,"송승준, 최재원",2019년,"어나더던전, 캣히어로",
284460,3D 캐릭터 모델링,㈜바우트랩,50665391,경력5년↑ ,학력무관,정규직,~09/07,모델링,모델링,,신원규,2023년,-,
284502,[민트로켓] ’고질라 디펜스 포스 X’ UI 디자이너,민트로켓,45831580,경력3년↑ ,학력무관,정규직,채용시,인터페이스 디자인,인터페이스 디자인,https://file.gamejob.co.kr/net/Corp/CoImage/LogoView?FN=2024\11\GJ_CoLogo_45831580.png?639052144030000000,황재호,2024년,데이브 더 다이버,
284499,[민트로켓] 커뮤니티 매니저 (시니어),민트로켓,45831580,경력5년↑ ,학력무관,정규직,채용시,게임운영,게임운영;사업기획(해외);마케팅;홍보;해외영업,https://file.gamejob.co.kr/net/Corp/CoImage/LogoView?FN=2024\11\GJ_CoLogo_45831580.png?639052144030000000,황재호,2024년,데이브 더 다이버,
284347,2D 스파인 애니메이터 모집 (계약직),㈜레이어랩,16438742,경력3년↑ ,학력무관,계약직,채용시,애니메이션,애니메이션,https://file.gamejob.co.kr/net/Corp/CoImage/LogoView?FN=2024\6\GJ_CoLogo_16438742.png?639026189430000000,유현석,2010년,"냥냥레인저스, 헤드샷ZD, 캣워즈, 인피니티볼",
284497,[일본 IP 게임 라이브운영] 경제 밸런스 기획 채용,그렙게임즈,29208655,경력무관,학력무관,정규직,채용시,게임기획,게임기획,https://file.gamejob.co.kr/net/Corp/CoImage/LogoView?FN=2023\5\GJ_CoLogo_29208655.jpg?638935364080000000,한동수,2014년,-,
284495,[제이드래곤게임즈] 신규 프로젝트 3D배경 모델링 아티스트 모집,제이드래곤게임즈,51976811,신입,학력무관,정규직,채용시,모델링,모델링,https://file.gamejob.co.kr/net/Corp/CoImage/LogoView?FN=2026\8\GJ_CoLogo_51976811.png?639233660530000000,이준석,2026년,-,
284177,[부산][숲속의 작은 마녀]PC/콘솔 2D 게임의 리드 픽셀 아티스트 채용,써니사이드업,32458941,경력3년↑ ,학력무관,계약직,채용시,원화,원화;애니메이션,https://file.gamejob.co.kr/net/Corp/CoImage/LogoView?FN=2020\10\GJ_CoLogo_32458941.png?639065040660000000,박은현,2020년,숲속의 작은 마녀(Little Witch in the Woods),
284489,[제이드래곤게임즈] 신규 프로젝트 3D배경 레벨 아티스트 모집,제이드래곤게임즈,51976811,경력2년↑ ,학력무관,정규직,채용시,모델링,모델링,https://file.gamejob.co.kr/net/Corp/CoImage/LogoView?FN=2026\8\GJ_CoLogo_51976811.png?639233660530000000,이준석,2026년,-,
284386,1군게임사 계열 스튜디오 컨텐츠프로그래머 모집,헬로에이치알,47594488,경력3년↑ ,학력무관,정규직,채용시,게임개발(클라이언트),게임개발(클라이언트),https://file.gamejob.co.kr/net/Corp/CoImage/LogoView?FN=2025\5\GJ_CoLogo_47594488.jpg?638838659930000000,김한규,2025년,-,
284491,[스텔라나이츠] UI/UX 디자이너 모집,㈜버거몬스터,51607550,경력3년↑ ,학력무관,계약직,채용시,인터페이스 디자인,인터페이스 디자인,https://file.gamejob.co.kr/net/Corp/CoImage/LogoView?FN=2026\6\GJ_CoLogo_51607550.png?639161954740000000,최윤빈,2026년,"포트리스사가, 무명기시단",
283676,[무브인터렉티브] 게임 운영 GM 신입&경력 채용 (국내/영어/대만/포르투갈),(주)무브인터렉티브,11525759,신입,,정규직,08/10(월),게임운영,게임운영;정보·빅데이터 분석;번역,https://file.gamejob.co.kr/net/Corp/CoImage/LogoView?FN=2022\4\GJ_CoLogo_11525759.png?639202730720000000,김동성,2002년,"디지몬슈퍼럼블, 디지몬마스터즈, 디지몬RPG, 베어브릭히어로즈",
284256,[무브인터렉티브] 게임 운영 및 커뮤니티 매니저 (CM) 신입/경력 채용,(주)무브인터렉티브,11525759,신입,학력무관,정규직,~10/27,게임운영,게임운영;마케팅;광고기획;방송;채널링,https://file.gamejob.co.kr/net/Corp/CoImage/LogoView?FN=2022\4\GJ_CoLogo_11525759.png?639202730720000000,김동성,2002년,"디지몬슈퍼럼블, 디지몬마스터즈, 디지몬RPG, 베어브릭히어로즈",
284480,[펀치라인게임즈] 2D 게임 그래픽 아티스트 모집,㈜펀치라인게임즈,49519308,경력2년↑ ,학력무관,정규직,18시간 전,인터페이스 디자인,인터페이스 디자인;원화;애니메이션;이펙트·FX;영상제작·편집,https://file.gamejob.co.kr/net/Corp/CoImage/LogoView?FN=2026\4\GJ_CoLogo_49519308.png?639144457450000000,이윤재,2025년,"나 혼자 만렙 키우기, 응발로 키우기",
283444,[마우스덕] 방치형 모바일게임 아트 모집,마우스덕,26933113,경력무관,학력무관,계약직,08/03(월),인터페이스 디자인,인터페이스 디자인;원화;애니메이션,https://file.gamejob.co.kr/net/Corp/CoImage/LogoView?FN=2019\1\GJ_Co_mouseduckjob.jpg?638693231220000000,김명준,2016년,"표창키우기,표창키우기2,비둘기키우기,미니카키우기,포세이돈 키우기",
281878,[Little Devil Inside] 니오스트림인터랙티브 TA 채용 공고,㈜니오스트림인터랙티브,18413128,경력3년↑ ,학력무관,정규직,채용시,게임개발(클라이언트),게임개발(클라이언트);이펙트·FX,https://file.gamejob.co.kr/net/Corp/CoImage/LogoView?FN=2016\6\GJ_Co_neostreamldi.jpg?639167777680000000,김현철,2015년,Little Devil Inside,
281885,[Little Devil Inside] 니오스트림인터랙티브 시스템 프로그래머 채용 공고,㈜니오스트림인터랙티브,18413128,경력3년↑ ,학력무관,정규직,채용시,게임개발(클라이언트),게임개발(클라이언트);게임AI 개발,https://file.gamejob.co.kr/net/Corp/CoImage/LogoView?FN=2016\6\GJ_Co_neostreamldi.jpg?639167777680000000,김현철,2015년,Little Devil Inside,
284075,[Little Devil Inside] 니오스트림인터랙티브 그래픽스 엔지니어 채용 공고,㈜니오스트림인터랙티브,18413128,경력3년↑ ,학력무관,정규직,채용시,게임개발(클라이언트),게임개발(클라이언트);이펙트·FX,https://file.gamejob.co.kr/net/Corp/CoImage/LogoView?FN=2016\6\GJ_Co_neostreamldi.jpg?639167777680000000,김현철,2015년,Little Devil Inside,
284401,[Little Devil Inside] 니오스트림인터랙티브 캐릭터 프로그래머 채용 공고,㈜니오스트림인터랙티브,18413128,경력3년↑ ,학력무관,정규직,채용시,게임개발(클라이언트),게임개발(클라이언트);게임AI 개발,https://file.gamejob.co.kr/net/Corp/CoImage/LogoView?FN=2016\6\GJ_Co_neostreamldi.jpg?639167777680000000,김현철,2015년,Little Devil Inside,
283198,MMORPG 개발자 모집 공고,조이임팩트,25156326,경력1년↑ ,학력무관,정규직,07/28(화),게임개발(클라이언트),게임개발(클라이언트);게임개발(모바일);게임기획;서버;게임운영,https://file.gamejob.co.kr/net/Corp/CoImage/LogoView?FN=2020\5\GJ_CoLogo_25156326.jpg?638157042480000000,유태선,2013년,"위드2FC, 위드M",
283506,MMORPG 기획 및 운영,조이임팩트,25156326,경력무관,,정규직,08/04(화),게임기획,게임기획;게임운영,https://file.gamejob.co.kr/net/Corp/CoImage/LogoView?FN=2020\5\GJ_CoLogo_25156326.jpg?638157042480000000,유태선,2013년,"위드2FC, 위드M",
283892,WYD2FC  운영,조이임팩트,25156326,경력무관,,정규직,08/17(월),게임운영,게임운영,https://file.gamejob.co.kr/net/Corp/CoImage/LogoView?FN=2020\5\GJ_CoLogo_25156326.jpg?638157042480000000,유태선,2013년,"위드2FC, 위드M",
282369,[Project DNA] 실사 캐릭터 원화 모집 (AAA급 PC MMORPG),㈜슈퍼보이드,44514685,경력5년↑ ,학력무관,정규직,07/06(월),원화,원화,https://file.gamejob.co.kr/net/Corp/CoImage/LogoView?FN=2024\6\GJ_CoLogo_44514685.png?638703311060000000,강은성,2024년,Project DNA (개발중),
282692,[Project DNA] 애니메이터 모집 (AAA급 PC MMORPG),㈜슈퍼보이드,44514685,경력3년↑ ,학력무관,정규직,07/14(화),애니메이션,애니메이션,https://file.gamejob.co.kr/net/Corp/CoImage/LogoView?FN=2024\6\GJ_CoLogo_44514685.png?638703311060000000,강은성,2024년,Project DNA (개발중),
281100,[경력]테일즈런너 사업PM 채용,블로믹스,45083125,경력2년↑ ,학력무관,정규직,채용시,사업기획(국내),사업기획(국내);마케팅;프로모션;제휴;퍼블리싱,https://file.gamejob.co.kr/net/Corp/CoImage/LogoView?FN=2024\9\GJ_CoLogo_45083125.png?639093707590000000,차지훈,2023년,-,
281940,[경력]테일즈런너 서비스PM 채용,블로믹스,45083125,경력2년↑ ,학력무관,정규직,채용시,게임운영,게임운영;제휴;퍼블리싱;채널링,https://file.gamejob.co.kr/net/Corp/CoImage/LogoView?FN=2024\9\GJ_CoLogo_45083125.png?639093707590000000,차지훈,2023년,-,
283683,[경력] MMORPG 서비스PM 채용,블로믹스,45083125,경력2년↑ ,학력무관,정규직,08/10(월),게임운영,게임운영;퍼블리싱,https://file.gamejob.co.kr/net/Corp/CoImage/LogoView?FN=2024\9\GJ_CoLogo_45083125.png?639093707590000000,차지훈,2023년,-,
283685,PC 온라인 & 모바일 CS 채용,블로믹스,45083125,경력3년↑ ,학력무관,정규직,~09/10,게임운영,게임운영,https://file.gamejob.co.kr/net/Corp/CoImage/LogoView?FN=2024\9\GJ_CoLogo_45083125.png?639093707590000000,차지훈,2023년,-,
283750,[경력] 콘텐츠 디자이너 (경력 5년 이상) 모집,블로믹스,45083125,경력 5년 ,학력무관,정규직,~10/12,플랫폼 디자인,플랫폼 디자인;BX·브랜드 디자인;마케팅;홍보;프로모션,https://file.gamejob.co.kr/net/Corp/CoImage/LogoView?FN=2024\9\GJ_CoLogo_45083125.png?639093707590000000,차지훈,2023년,-,
284366,밋소셜 마케팅 담당자 모집,㈜엔트릴게임즈,42515868,경력2년↑ ,학력무관,정규직,채용시,마케팅,마케팅;홍보;해외 마케팅;프로모션;광고기획,https://file.gamejob.co.kr/net/Corp/CoImage/LogoView?FN=2024\8\GJ_CoLogo_42515868.png?639235219450000000,최종원,2023년,"어나더소울, 나이트코어 킹덤, 캐슬케이퍼, 히어로콬콬, 나만없어드래곤",
284458,[제이드래곤게임즈] 신규 프로젝트 캐릭터/몬스터 컨셉 원화가 모집,제이드래곤게임즈,51976811,경력2년↑ ,학력무관,정규직,채용시,원화,원화,https://file.gamejob.co.kr/net/Corp/CoImage/LogoView?FN=2026\8\GJ_CoLogo_51976811.png?639233660530000000,이준석,2026년,-,
281819,언리얼엔진 골프 프로젝트의 리더 배경 디자이너 모십니다,다원솔루텍,26552378,경력10년↑ ,학력무관,정규직,채용시,모델링,모델링,https://file.gamejob.co.kr/net/Corp/CoImage/LogoView?FN=2022\6\GJ_CoLogo_26552378.jpg?639056461360000000,이병양,2017년,임팩트비전,
281816,골프프로젝트 클라이언트 개발자 모집,다원솔루텍,26552378,경력15년↑ ,,정규직,06/23(화),게임개발(클라이언트),게임개발(클라이언트),https://file.gamejob.co.kr/net/Corp/CoImage/LogoView?FN=2022\6\GJ_CoLogo_26552378.jpg?639056461360000000,이병양,2017년,임팩트비전,
284459,언리얼엔진 스크린 골프 UI/UX 디자이너,다원솔루텍,26552378,경력5년↑ ,학력무관,정규직,채용시,인터페이스 디자인,인터페이스 디자인;이펙트·FX,https://file.gamejob.co.kr/net/Corp/CoImage/LogoView?FN=2022\6\GJ_CoLogo_26552378.jpg?639056461360000000,이병양,2017년,임팩트비전,
281377,[OCTOPO] 언리얼 VFX Artist 모집 (스타일라이즈드/캐주얼),㈜옥토포,35137891,경력1년↑ ,학력무관,정규직,채용시,이펙트·FX,이펙트·FX,https://file.gamejob.co.kr/net/Corp/CoImage/LogoView?FN=2025\5\GJ_CoLogo_35137891.png?639146962300000000,김준현,2021년,Bounty Pang / Weaponia : Merge & Fight,
281623,[브롤스타즈] VFX Artist 모집,㈜옥토포,35137891,경력무관,학력무관,정규직,채용시,이펙트·FX,이펙트·FX,https://file.gamejob.co.kr/net/Corp/CoImage/LogoView?FN=2025\5\GJ_CoLogo_35137891.png?639146962300000000,김준현,2021년,Bounty Pang / Weaponia : Merge & Fight,
282456,[클래시로얄] VFX Artist 모집,㈜옥토포,35137891,경력1년↑ ,학력무관,정규직,07/08(수),이펙트·FX,이펙트·FX,https://file.gamejob.co.kr/net/Corp/CoImage/LogoView?FN=2025\5\GJ_CoLogo_35137891.png?639146962300000000,김준현,2021년,Bounty Pang / Weaponia : Merge & Fight,
283442,[OCTOPO] 카툰/스타일라이즈드 유니티 VFX아티스트 모집,㈜옥토포,35137891,경력1년↑ ,학력무관,정규직,08/03(월),이펙트·FX,이펙트·FX,https://file.gamejob.co.kr/net/Corp/CoImage/LogoView?FN=2025\5\GJ_CoLogo_35137891.png?639146962300000000,김준현,2021년,Bounty Pang / Weaponia : Merge & Fight,
283741,[MetalSlugRush] UI / UX 디자이너 모집,링게임즈,31662837,경력무관,학력무관,정규직,08/11(화),인터페이스 디자인,인터페이스 디자인,https://file.gamejob.co.kr/net/Corp/CoImage/LogoView?FN=2020\6\GJ_CoLogo_31662837.jpg?639021926190000000,윤주호 안진홍,2019년,-,
283993,[라스트오리진2] 2D 스파인 애니메이터,㈜엔에이케이소프트,41427038,경력5년↑ ,학력무관,정규직,채용시,애니메이션,애니메이션,https://file.gamejob.co.kr/net/Corp/CoImage/LogoView?FN=2025\3\GJ_CoLogo_41427038.png?639221336990000000,방유식,2023년,-,
283053,(주)밸로프 개발본부 게임기획자 채용 (리듬게임),㈜밸로프,11533035,경력무관,학력무관,정규직,채용시,게임기획,게임기획,https://file.gamejob.co.kr/net/Corp/CoImage/LogoView?FN=2023\8\GJ_CoLogo_11533035.png?638961365950000000,신재명,2007년,"블레스언리쉬드, 알투비트, C9, 아틀란티카, 이카루스, 로스트사가, 블랙스쿼드, 컴뱃암즈",
281730,[신입/경력] 영상 크리에이터 모집,게임듀오,29576203,신입,학력무관,정규직,06/22(월),영상제작·편집,영상제작·편집,https://file.gamejob.co.kr/net/Corp/CoImage/LogoView?FN=2022\6\GJ_CoLogo_29576203.png?639017399630000000,"송승준, 최재원",2019년,"어나더던전, 캣히어로",
282925,[마왕크래프트] 신입/경력 도트 디자이너 모집,게임듀오,29576203,신입,학력무관,정규직,07/21(화),원화,원화;애니메이션,https://file.gamejob.co.kr/net/Corp/CoImage/LogoView?FN=2022\6\GJ_CoLogo_29576203.png?639017399630000000,"송승준, 최재원",2019년,"어나더던전, 캣히어로",
283861,[신입/경력] 이펙트 디자이너 모집,게임듀오,29576203,신입,학력무관,정규직,08/14(금),애니메이션,애니메이션;이펙트·FX,https://file.gamejob.co.kr/net/Corp/CoImage/LogoView?FN=2022\6\GJ_CoLogo_29576203.png?639017399630000000,"송승준, 최재원",2019년,"어나더던전, 캣히어로",
284220,[창세기전 모바일] BM/이벤트 기획자 (신입-경력3년/정규직),㈜미어캣게임즈,15887930,신입,학력무관,정규직,채용시,게임기획,게임기획,https://file.gamejob.co.kr/net/Corp/CoImage/LogoView?FN=2014\10\GJ_Co_meerkatgames.jpeg?639232886330000000,남기룡,2014년,창세기전 모바일,
284446,[SOL enchant] 밸런스 기획,㈜알트나인,37110366,경력5년↑ ,학력무관,정규직,채용시,게임개발(모바일),게임개발(모바일);게임기획,https://file.gamejob.co.kr/net/Corp/CoImage/LogoView?FN=2025\1\GJ_CoLogo_37110366.png?639064248820000000,김효수,2021년,SOL: enchant,
283465,"[헤드헌팅] 유명 클래식 IP 기반 MMORPG 서버 (C# / .NET, 7년 이상)",하이어플레이스,50698861,경력7년↑ ,학력무관,헤드헌팅,채용시,게임개발(모바일),게임개발(모바일);서버,,이순재,2020년,-,
282257,모바일게임 개발자 전 분야 모집,㈜플레이어스 소프트,11534282,경력무관,학력무관,정규직,채용시,게임개발(모바일),게임개발(모바일);원화;모델링;애니메이션;게임기획,https://file.gamejob.co.kr/net/Corp/CoImage/LogoView?FN=2013\6\GJ_Co_playussoft.jpg?639191878800000000,송의상,2010년,"프로야구 9, 프로야구 스타, 스타일리시 스프린트",
282256,모바일게임 프로그래머 모집,㈜플레이어스 소프트,11534282,경력무관,학력무관,정규직,채용시,게임개발(클라이언트),게임개발(클라이언트);게임개발(모바일);게임AI 개발;서버,https://file.gamejob.co.kr/net/Corp/CoImage/LogoView?FN=2013\6\GJ_Co_playussoft.jpg?639191878800000000,송의상,2010년,"프로야구 9, 프로야구 스타, 스타일리시 스프린트",
282255,모바일게임 디자이너 파트별 모집,㈜플레이어스 소프트,11534282,경력무관,학력무관,정규직,채용시,인터페이스 디자인,인터페이스 디자인;원화;모델링;애니메이션;이펙트·FX,https://file.gamejob.co.kr/net/Corp/CoImage/LogoView?FN=2013\6\GJ_Co_playussoft.jpg?639191878800000000,송의상,2010년,"프로야구 9, 프로야구 스타, 스타일리시 스프린트",
282254,모바일게임 기획자 모집,㈜플레이어스 소프트,11534282,경력무관,학력무관,정규직,채용시,게임개발(모바일),게임개발(모바일);게임기획,https://file.gamejob.co.kr/net/Corp/CoImage/LogoView?FN=2013\6\GJ_Co_playussoft.jpg?639191878800000000,송의상,2010년,"프로야구 9, 프로야구 스타, 스타일리시 스프린트",
284444,[더슈퍼펄스] 신규프로젝트 인재모집 (UI/캐릭터모델러/애니메이터),㈜더슈퍼펄스,52235233,경력2년↑ ,학력무관,정규직,~09/26,인터페이스 디자인,인터페이스 디자인;모델링;애니메이션,https://file.gamejob.co.kr/net/Corp/CoImage/LogoView?FN=2026\8\GJ_CoLogo_52235233.jpg?639235349670000000,"최용석, 손정호",2026년,글로벌 인기IP 캐쥬얼모바일게임 개발중,
283793,[더슈퍼펄스] 신규프로젝트 인재모집,㈜더슈퍼펄스,52235233,경력2년↑ ,학력무관,정규직,~09/04,모델링,모델링;이펙트·FX;게임기획,https://file.gamejob.co.kr/net/Corp/CoImage/LogoView?FN=2026\8\GJ_CoLogo_52235233.jpg?639235349670000000,"최용석, 손정호",2026년,글로벌 인기IP 캐쥬얼모바일게임 개발중,
284442,[Ex2games] 프로젝트 K (클라이언트),㈜이엑스투게임즈,51531830,경력3년↑ ,학력무관,정규직,채용시,게임개발(클라이언트),게임개발(클라이언트);게임개발(모바일),https://file.gamejob.co.kr/net/Corp/CoImage/LogoView?FN=2026\5\GJ_CoLogo_51531830.png?639226529100000000,김재인,2026년,-,
284441,[Ex2games] 프로젝트 K (서버 프로그래머),㈜이엑스투게임즈,51531830,경력5년↑ ,학력무관,정규직,채용시,서버,서버,https://file.gamejob.co.kr/net/Corp/CoImage/LogoView?FN=2026\5\GJ_CoLogo_51531830.png?639226529100000000,김재인,2026년,-,
282077,[프로젝트 R] 밸런스 기획자 채용,㈜덱사스튜디오,45949900,경력3년↑ ,학력무관,정규직,채용시,게임개발(모바일),게임개발(모바일);게임기획;정보·빅데이터 분석,https://file.gamejob.co.kr/net/Corp/CoImage/LogoView?FN=2024\12\GJ_CoLogo_45949900.png?639228410550000000,최영일,2024년,[프로젝트 R] 개발중,
283010,[프로젝트R] 배경 레벨러 채용,㈜덱사스튜디오,45949900,경력4년↑ ,학력무관,정규직,채용시,모델링,모델링,https://file.gamejob.co.kr/net/Corp/CoImage/LogoView?FN=2024\12\GJ_CoLogo_45949900.png?639228410550000000,최영일,2024년,[프로젝트 R] 개발중,
280080,[프로젝트R] 이펙트 아티스트 (VFX Artist),㈜덱사스튜디오,45949900,경력2년↑ ,학력무관,정규직,채용시,이펙트·FX,이펙트·FX,https://file.gamejob.co.kr/net/Corp/CoImage/LogoView?FN=2024\12\GJ_CoLogo_45949900.png?639228410550000000,최영일,2024년,[프로젝트 R] 개발중,
283575,[프로젝트R] 클라이언트 프로그래머 채용,㈜덱사스튜디오,45949900,경력1년↑ ,학력무관,정규직,채용시,게임개발(클라이언트),게임개발(클라이언트);게임개발(모바일),https://file.gamejob.co.kr/net/Corp/CoImage/LogoView?FN=2024\12\GJ_CoLogo_45949900.png?639228410550000000,최영일,2024년,[프로젝트 R] 개발중,
283525,[프로젝트R] 콘텐츠 기획팀 전투 기획자 채용,㈜덱사스튜디오,45949900,경력3년↑ ,학력무관,정규직,채용시,게임개발(모바일),게임개발(모바일);게임기획,https://file.gamejob.co.kr/net/Corp/CoImage/LogoView?FN=2024\12\GJ_CoLogo_45949900.png?639228410550000000,최영일,2024년,[프로젝트 R] 개발중,
283574,[프로젝트R] 콘텐츠 기획팀 레벨 기획자 채용,㈜덱사스튜디오,45949900,경력3년↑ ,학력무관,정규직,채용시,게임개발(모바일),게임개발(모바일);게임기획,https://file.gamejob.co.kr/net/Corp/CoImage/LogoView?FN=2024\12\GJ_CoLogo_45949900.png?639228410550000000,최영일,2024년,[프로젝트 R] 개발중,
283646,[프로젝트R] 배경 모델러 채용,㈜덱사스튜디오,45949900,경력3년↑ ,학력무관,정규직,채용시,모델링,모델링,https://file.gamejob.co.kr/net/Corp/CoImage/LogoView?FN=2024\12\GJ_CoLogo_45949900.png?639228410550000000,최영일,2024년,[프로젝트 R] 개발중,
275847,[프로젝트R] PM  채용,㈜덱사스튜디오,45949900,신입,학력무관,정규직,채용시,사업기획(국내),사업기획(국내);사업기획(해외),https://file.gamejob.co.kr/net/Corp/CoImage/LogoView?FN=2024\12\GJ_CoLogo_45949900.png?639228410550000000,최영일,2024년,[프로젝트 R] 개발중,
282676,[모바일] MMORPG UI 디자이너 모집,지앤아이소프트,11526423,경력무관,학력무관,정규직,07/14(화),인터페이스 디자인,인터페이스 디자인,https://file.gamejob.co.kr/net/Corp/CoImage/LogoView?FN=2021\8\GJ_CoLogo_11526423.png?639064016060000000,박원범,2003년,"카르페디엠, 기가슬레이브,나이트에이지,모두의산수팡,조선협객전m,천상비m,메틴m",
282981,[모바일] MMORPG 서버 프로그래머 신입/경력 모집,지앤아이소프트,11526423,신입,학력무관,정규직,채용시,게임개발(모바일),게임개발(모바일);서버;네트워크;시스템·DB;보안,https://file.gamejob.co.kr/net/Corp/CoImage/LogoView?FN=2021\8\GJ_CoLogo_11526423.png?639064016060000000,박원범,2003년,"카르페디엠, 기가슬레이브,나이트에이지,모두의산수팡,조선협객전m,천상비m,메틴m",
283560,게임 사업 담당자 모집(3년 이상),지앤아이소프트,11526423,경력3년↑ ,학력무관,정규직,~11/04,사업기획(국내),사업기획(국내);사업기획(해외);사업관리;마케팅;국내영업,https://file.gamejob.co.kr/net/Corp/CoImage/LogoView?FN=2021\8\GJ_CoLogo_11526423.png?639064016060000000,박원범,2003년,"카르페디엠, 기가슬레이브,나이트에이지,모두의산수팡,조선협객전m,천상비m,메틴m",
283561,[모바일] MMORPG 게임 기획자 신입/경력 모집,지앤아이소프트,11526423,신입,학력무관,정규직,08/06(목),게임개발(모바일),게임개발(모바일);게임기획,https://file.gamejob.co.kr/net/Corp/CoImage/LogoView?FN=2021\8\GJ_CoLogo_11526423.png?639064016060000000,박원범,2003년,"카르페디엠, 기가슬레이브,나이트에이지,모두의산수팡,조선협객전m,천상비m,메틴m",
284440,[Gray] 모션 액터(모션 캡처/모션 기획) 채용,㈜미스틸게임즈(Mistil Games),39082809,경력3년↑ ,학력무관,정규직,~09/30,애니메이션,애니메이션,https://file.gamejob.co.kr/net/Corp/CoImage/LogoView?FN=2024\5\GJ_CoLogo_39082809.png?639189542550000000,서용수 조용민,2022년,주요사업,
284436,[미스틸게임즈] Gray Studio 채용,㈜미스틸게임즈(Mistil Games),39082809,경력무관,학력무관,정규직,~09/30,원화,원화;모델링;애니메이션;이펙트·FX;게임기획,https://file.gamejob.co.kr/net/Corp/CoImage/LogoView?FN=2024\5\GJ_CoLogo_39082809.png?639189542550000000,서용수 조용민,2022년,주요사업,
284438,[Time Takers] 캐릭터 모델러(신입/경력),㈜미스틸게임즈(Mistil Games),39082809,신입,학력무관,정규직,~09/30,모델링,모델링,https://file.gamejob.co.kr/net/Corp/CoImage/LogoView?FN=2024\5\GJ_CoLogo_39082809.png?639189542550000000,서용수 조용민,2022년,주요사업,
284439,[Gray] 애니메이터 채용 (3년 이상),㈜미스틸게임즈(Mistil Games),39082809,경력3년↑ ,학력무관,정규직,~09/30,애니메이션,애니메이션,https://file.gamejob.co.kr/net/Corp/CoImage/LogoView?FN=2024\5\GJ_CoLogo_39082809.png?639189542550000000,서용수 조용민,2022년,주요사업,
283161,1군 게임사 개발직군 모집(00명),헬로에이치알,47594488,경력7년↑ ,학력무관,정규직,채용시,게임기획,게임기획;플랫폼 기획;서버,https://file.gamejob.co.kr/net/Corp/CoImage/LogoView?FN=2025\5\GJ_CoLogo_47594488.jpg?638838659930000000,김한규,2025년,-,
283160,1군 게임사 계열 스튜디오 각 분야별 담당자 모집,헬로에이치알,47594488,경력3년↑ ,학력무관,정규직,채용시,인터페이스 디자인,인터페이스 디자인;원화;게임기획;플랫폼 개발,https://file.gamejob.co.kr/net/Corp/CoImage/LogoView?FN=2025\5\GJ_CoLogo_47594488.jpg?638838659930000000,김한규,2025년,-,
283593,1군 게임사 계열 스튜디오 개발PM 모집(중국어 가능자),헬로에이치알,47594488,경력4년↑ ,,정규직,채용시,게임기획,게임기획;해외영업;해외지사 관리,https://file.gamejob.co.kr/net/Corp/CoImage/LogoView?FN=2025\5\GJ_CoLogo_47594488.jpg?638838659930000000,김한규,2025년,-,
284385,1군 게임사 계열 스튜디오 시스템기획 / 아트PM / 전투기획 모집,헬로에이치알,47594488,경력2년↑ ,학력무관,정규직,채용시,게임기획,게임기획,https://file.gamejob.co.kr/net/Corp/CoImage/LogoView?FN=2025\5\GJ_CoLogo_47594488.jpg?638838659930000000,김한규,2025년,-,
283410,"모바일 게임 운영 매니저 모집 (경력 1년 이상, 언어 가능자)",히든몬스터,32698738,경력 1년 ,학력무관,정규직,~09/30,게임운영,게임운영;QA·테스터,https://file.gamejob.co.kr/net/Corp/CoImage/LogoView?FN=2024\4\GJ_CoLogo_32698738.jpg?639112456810000000,김대영,2020년,-,
283730,[Project MAIDEN] 애니메이터 모집,브이에이게임즈,31127027,경력3년↑ ,학력무관,정규직,채용시,애니메이션,애니메이션,https://file.gamejob.co.kr/net/Corp/CoImage/LogoView?FN=2022\7\GJ_CoLogo_31127027.jpg?639217134640000000,손범석,2019년,아우터플레인,
284212,[Project MAIDEN] 캐릭터 모델러 모집,브이에이게임즈,31127027,경력3년↑ ,학력무관,정규직,채용시,모델링,모델링,https://file.gamejob.co.kr/net/Corp/CoImage/LogoView?FN=2022\7\GJ_CoLogo_31127027.jpg?639217134640000000,손범석,2019년,아우터플레인,
284221,[Project MAIDEN] 캐릭터 원화 모집,브이에이게임즈,31127027,경력3년↑ ,학력무관,정규직,채용시,원화,원화,https://file.gamejob.co.kr/net/Corp/CoImage/LogoView?FN=2022\7\GJ_CoLogo_31127027.jpg?639217134640000000,손범석,2019년,아우터플레인,
282242,[빌리언플레이] 2D 캐주얼 게임 그래픽 디자이너 모집,㈜빌리언플레이,51049837,경력무관,학력무관,정규직,채용시,인터페이스 디자인,인터페이스 디자인;원화;애니메이션,,고무진,2026년,-,
284395,[PC 게임] 3D 캐릭터 모델러 신입 채용,㈜하이퍼센트,43575496,신입,학력무관,정규직,채용시,모델링,모델링,https://file.gamejob.co.kr/net/Corp/CoImage/LogoView?FN=2024\4\GJ_CoLogo_43575496.png?639237816860000000,김주완,2023년,백룸컴퍼니 Backroom Company,
281905,[하이브로] 기획자 채용,㈜하이브로,13624547,경력3년↑ ,학력무관,정규직,채용시,게임개발(모바일),게임개발(모바일);게임기획,https://file.gamejob.co.kr/net/Corp/CoImage/LogoView?FN=2020\2\GJ_CoLogo_13624547.jpg?639172010890000000,원세연,2009년,"드래곤빌리지, 드래곤빌리지M, 드래곤빌리지 컬렉션",
284209,게임 UI 디자이너 채용,㈜공게임즈,12746385,경력6년↑ ,학력무관,정규직,채용시,인터페이스 디자인,인터페이스 디자인,https://file.gamejob.co.kr/net/Corp/CoImage/LogoView?FN=2021\12\GJ_CoLogo_12746385.jpeg?639059831200000000,공두상,2012년,이사만루26 / MLB PI 26 / 棒球殿堂 Live,
280997,[무브인터렉티브]3D 배경 모델러 신입/경력 채용,(주)무브인터렉티브,11525759,신입,학력무관,정규직,채용시,모델링,모델링,https://file.gamejob.co.kr/net/Corp/CoImage/LogoView?FN=2022\4\GJ_CoLogo_11525759.png?639202730720000000,김동성,2002년,"디지몬슈퍼럼블, 디지몬마스터즈, 디지몬RPG, 베어브릭히어로즈",
283996,[무브인터렉티브] 디지몬마스터즈팀 기획자 채용 (던전·몬스터/레벨 디자인),(주)무브인터렉티브,11525759,경력무관,학력무관,정규직,~10/19,게임기획,게임기획,https://file.gamejob.co.kr/net/Corp/CoImage/LogoView?FN=2022\4\GJ_CoLogo_11525759.png?639202730720000000,김동성,2002년,"디지몬슈퍼럼블, 디지몬마스터즈, 디지몬RPG, 베어브릭히어로즈",
284410,[TBH - 태스크바 히어로] 픽셀아트 원화가,뉴젬스튜디오㈜,41235529,경력무관,학력무관,정규직,채용시,원화,원화;모델링;애니메이션;이펙트·FX,https://file.gamejob.co.kr/net/Corp/CoImage/LogoView?FN=2024\3\GJ_CoLogo_41235529.png?639237894270000000,한상빈,2023년,"TBH : 태스크바 히어로, 미니 코지 룸",
284429,[민트로켓] ’반쵸 더 셰프’ 기획자,민트로켓,45831580,경력2년↑ ,학력무관,정규직,채용시,게임기획,게임기획,https://file.gamejob.co.kr/net/Corp/CoImage/LogoView?FN=2024\11\GJ_CoLogo_45831580.png?639052144030000000,황재호,2024년,데이브 더 다이버,
284428,[민트로켓] ’반쵸 더 셰프’ 시니어 기획자,민트로켓,45831580,경력5년↑ ,학력무관,정규직,채용시,게임기획,게임기획,https://file.gamejob.co.kr/net/Corp/CoImage/LogoView?FN=2024\11\GJ_CoLogo_45831580.png?639052144030000000,황재호,2024년,데이브 더 다이버,
284425,3D 애니메이터 모집,트리디엇츠,51779643,경력무관,학력무관,정규직,~11/01,게임개발(모바일),게임개발(모바일);애니메이션,https://file.gamejob.co.kr/net/Corp/CoImage/LogoView?FN=2026\7\GJ_CoLogo_51779643.png?639219893450000000,김호식,2025년,Weving,
284047,시네마틱/연출/컷씬연출을 해주실 분을 찾습니다.,㈜시나몬,30459165,경력3년↑ ,학력무관,정규직,08/24(월),영상제작·편집,영상제작·편집;홍보;방송,https://file.gamejob.co.kr/net/Corp/CoImage/LogoView?FN=2022\9\GJ_CoLogo_30459165.png?639167720840000000,홍두선,2015년,maybe,
284312,"서브컬쳐 원화 분을 찾습니다. (애니메이션 작업, AI에 관심 많으신분)",㈜시나몬,30459165,경력무관,학력무관,계약직,5일 전,원화,원화;애니메이션,https://file.gamejob.co.kr/net/Corp/CoImage/LogoView?FN=2022\9\GJ_CoLogo_30459165.png?639167720840000000,홍두선,2015년,maybe,
284424,[티키타카스튜디오] 데스티니 차일드 IP 원화가,티키타카스튜디오,29523920,경력3년↑ ,학력무관,정규직,~09/11,게임개발(모바일),게임개발(모바일);원화,https://file.gamejob.co.kr/net/Corp/CoImage/LogoView?FN=2021\4\GJ_CoLogo_29523920.jpg?639214407430000000,유희상,2019년,소울 스트라이크 / 아르카나 택틱스,
283490,[신규 유명 IP를 활용한 콘솔게임 개발] 클라이언트,㈜웨이코더,18632100,경력2년↑ ,학력무관,정규직,08/05(수),게임개발(클라이언트),게임개발(클라이언트),https://file.gamejob.co.kr/net/Corp/CoImage/LogoView?FN=2021\3\GJ_CoLogo_18632100.png?638859405400000000,서기원,2013년,환세취호전 플러스,
273507,[신규 프로젝트] 클라이언트 프로그래밍,㈜알트나인,37110366,경력5년↑ ,학력무관,정규직,~09/30,게임개발(클라이언트),게임개발(클라이언트);게임개발(모바일),https://file.gamejob.co.kr/net/Corp/CoImage/LogoView?FN=2025\1\GJ_CoLogo_37110366.png?639064248820000000,김효수,2021년,SOL: enchant,
284325,[신규 프로젝트] 게임 기획,㈜알트나인,37110366,경력3년↑ ,학력무관,정규직,~09/30,게임기획,게임기획,https://file.gamejob.co.kr/net/Corp/CoImage/LogoView?FN=2025\1\GJ_CoLogo_37110366.png?639064248820000000,김효수,2021년,SOL: enchant,
284326,[신규 프로젝트] 3D 아티스트,㈜알트나인,37110366,경력3년↑ ,학력무관,정규직,~09/30,게임개발(모바일),게임개발(모바일);인터페이스 디자인;애니메이션;이펙트·FX,https://file.gamejob.co.kr/net/Corp/CoImage/LogoView?FN=2025\1\GJ_CoLogo_37110366.png?639064248820000000,김효수,2021년,SOL: enchant,
284348,[SOL enchant] 게임 기획 (계약직),㈜알트나인,37110366,신입,학력무관,계약직,~10/31,게임개발(모바일),게임개발(모바일);게임기획,https://file.gamejob.co.kr/net/Corp/CoImage/LogoView?FN=2025\1\GJ_CoLogo_37110366.png?639064248820000000,김효수,2021년,SOL: enchant,
284415,[재택근무/스팀/콘솔] 3인칭 호러 생존 크래프트 게임기획,플레어비스,51593173,경력무관,학력무관,정규직,~09/11,게임기획,게임기획,https://file.gamejob.co.kr/net/Corp/CoImage/LogoView?FN=2026\7\GJ_CoLogo_51593173.jpg?639197314660000000,김근성,2024년,under the rooftop,
284414,[호라이즌 워커] 시나리오 라이터 (경력),㈜젠틀매니악,35256454,경력2년↑ ,학력무관,계약직,채용시,게임기획,게임기획,https://file.gamejob.co.kr/net/Corp/CoImage/LogoView?FN=2021\8\GJ_CoLogo_35256454.png?639235316660000000,"이태웅, 복규동",2021년,"호라이즌 워커, 마대자",
284311,[재택근무/스팀/콘솔] 3인칭 호러 생존 크래프트 클라이언트 프로그래머,플레어비스,51593173,경력무관,학력무관,계약직,~09/11,게임개발(클라이언트),게임개발(클라이언트),https://file.gamejob.co.kr/net/Corp/CoImage/LogoView?FN=2026\7\GJ_CoLogo_51593173.jpg?639197314660000000,김근성,2024년,under the rooftop,
281691,[STEAM] 서브컬처 로그라이트 게임 VFX,팀써니트,37080291,경력3년↑ ,,인턴직,채용시,인터페이스 디자인,인터페이스 디자인;이펙트·FX,https://file.gamejob.co.kr/net/Corp/CoImage/LogoView?FN=2024\11\GJ_CoLogo_37080291.png?639096129740000000,김준형,2019년,"블레이드 어썰트, Dragon is Dead",
281778,[STEAM] 서브컬처 쿼터뷰 로그라이트 배경 (3D 모델링),팀써니트,37080291,경력3년↑ ,,인턴직,채용시,원화,원화,https://file.gamejob.co.kr/net/Corp/CoImage/LogoView?FN=2024\11\GJ_CoLogo_37080291.png?639096129740000000,김준형,2019년,"블레이드 어썰트, Dragon is Dead",
284409,[TBH - 태스크바 히어로] 시스템/밸런스 기획자,뉴젬스튜디오㈜,41235529,경력5년↑ ,학력무관,정규직,채용시,게임기획,게임기획,https://file.gamejob.co.kr/net/Corp/CoImage/LogoView?FN=2024\3\GJ_CoLogo_41235529.png?639237894270000000,한상빈,2023년,"TBH : 태스크바 히어로, 미니 코지 룸",
282041,[테일즈런너] 게임기획자 모집,라온엔터테인먼트,11526989,경력무관,학력무관,계약직,채용시,게임기획,게임기획,https://file.gamejob.co.kr/net/Corp/CoImage/LogoView?FN=2024\6\GJ_CoLogo_11526989.png?638652014000000000,박재숙,2000년,"테일즈런너, 고스트 워, 테일즈런너 RPG",
282634,[아키텍트] 게임 QA 채용 (3년 이상 경력),㈜아쿠아트리,42212685,경력3년↑ ,학력무관,정규직,채용시,QA·테스터,QA·테스터,https://file.gamejob.co.kr/net/Corp/CoImage/LogoView?FN=2023\10\GJ_CoLogo_42212685.png?638969022280000000,박범진,2023년,아키텍트,https://www.aquatree.kr
283815,[아키텍트] 캐릭터모델러 채용 (신입/경력 3년차),㈜아쿠아트리,42212685,신입,학력무관,정규직,08/13(목),모델링,모델링,https://file.gamejob.co.kr/net/Corp/CoImage/LogoView?FN=2023\10\GJ_CoLogo_42212685.png?638969022280000000,박범진,2023년,아키텍트,https://www.aquatree.kr
283817,[아키텍트] 3D배경모델러 채용 (신입/경력 3년차),㈜아쿠아트리,42212685,신입,학력무관,정규직,08/13(목),모델링,모델링,https://file.gamejob.co.kr/net/Corp/CoImage/LogoView?FN=2023\10\GJ_CoLogo_42212685.png?638969022280000000,박범진,2023년,아키텍트,https://www.aquatree.kr
283819,[아키텍트] 이펙트 디자이너 채용 (신입/경력 3년차),㈜아쿠아트리,42212685,신입,학력무관,정규직,08/13(목),이펙트·FX,이펙트·FX,https://file.gamejob.co.kr/net/Corp/CoImage/LogoView?FN=2023\10\GJ_CoLogo_42212685.png?638969022280000000,박범진,2023년,아키텍트,https://www.aquatree.kr
283508,[PLAYWITHKOREA] 신규프로젝트 시스템 기획담당 경력사원 모집,㈜플레이위드코리아,11525795,경력무관,학력무관,정규직,~09/07,게임개발(모바일),게임개발(모바일);게임기획,https://file.gamejob.co.kr/net/Corp/CoImage/LogoView?FN=2016\10\GJ_Co_sunny.jpg?638961649670000000,김학준,1984년,"로한, 씰M, 씰온라인, ROHAN2, SEAL WHAT THE FUN",
284189,[PLAYWITHKOREA] 신작 MMORPG 프로젝트 개발 PM 경력사원 모집,㈜플레이위드코리아,11525795,경력4년↑ ,학력무관,정규직,~09/28,게임개발(모바일),게임개발(모바일);게임기획,https://file.gamejob.co.kr/net/Corp/CoImage/LogoView?FN=2016\10\GJ_Co_sunny.jpg?638961649670000000,김학준,1984년,"로한, 씰M, 씰온라인, ROHAN2, SEAL WHAT THE FUN",
284387,[PLAYWITHKOREA] DBA담당 경력사원 모집,㈜플레이위드코리아,11525795,경력4년↑ ,학력무관,정규직,~09/28,플랫폼 개발,플랫폼 개발;서버;시스템·DB;보안;클라우드,https://file.gamejob.co.kr/net/Corp/CoImage/LogoView?FN=2016\10\GJ_Co_sunny.jpg?638961649670000000,김학준,1984년,"로한, 씰M, 씰온라인, ROHAN2, SEAL WHAT THE FUN",
284405,[플린트] 신규 프로젝트 UI 디자이너,㈜플린트,13606426,경력2년↑ ,학력무관,정규직,채용시,인터페이스 디자인,인터페이스 디자인;플랫폼 디자인,https://file.gamejob.co.kr/net/Corp/CoImage/LogoView?FN=2022\3\GJ_CoLogo_13606426.jpg?638913689970000000,김영모,2013년,별이되어라! for Kakao,
284404,[플린트] 신규 프로젝트 배경 원화가,㈜플린트,13606426,경력무관,학력무관,정규직,채용시,원화,원화,https://file.gamejob.co.kr/net/Corp/CoImage/LogoView?FN=2022\3\GJ_CoLogo_13606426.jpg?638913689970000000,김영모,2013년,별이되어라! for Kakao,
284051,[데카론] 글로벌 서비스 사업 및 운영 PM 모집,㈜유비펀,11533173,경력무관,학력무관,정규직,채용시,게임운영,게임운영;사업기획(해외);사업관리;프로모션,https://file.gamejob.co.kr/net/Corp/CoImage/LogoView?FN=2013\7\GJ_Co_cogame3465.jpg?638997551870000000,김성용,2005년,데카론/모바일게임,
284403,[플린트] 신규 프로젝트 캐릭터원화가,㈜플린트,13606426,경력무관,학력무관,정규직,채용시,게임개발(모바일),게임개발(모바일);원화,https://file.gamejob.co.kr/net/Corp/CoImage/LogoView?FN=2022\3\GJ_CoLogo_13606426.jpg?638913689970000000,김영모,2013년,별이되어라! for Kakao,
283586,[아우터플레인] 라이브 서비스 운영 담당,㈜메이저세븐,52171726,경력1년↑ ,학력무관,정규직,08/06(목),게임개발(모바일),게임개발(모바일);게임운영,,김상하,2026년,아우터플레인,
282686,[기술지원본부] 인프라팀 시스템엔지니어 채용,액토즈소프트,11527988,경력3년↑ ,,정규직,채용시,서버,서버;네트워크;시스템·DB;보안;클라우드,https://file.gamejob.co.kr/net/Corp/CoImage/LogoView?FN=2023\7\GJ_CoLogo_11527988.png?638992495510000000,구오하이빈,1996년,"라테일, 파이널판타지14",
282938,[라테일사업실] 모바일 사업PM 채용,액토즈소프트,11527988,경력2년↑ ,,정규직,채용시,사업기획(해외),사업기획(해외);사업관리,https://file.gamejob.co.kr/net/Corp/CoImage/LogoView?FN=2023\7\GJ_CoLogo_11527988.png?638992495510000000,구오하이빈,1996년,"라테일, 파이널판타지14",
284394,"(주)레드벅스튜디오 사업(영업, PM)부 정규직 모집공고",㈜레드벅스튜디오,14020822,경력무관,학력무관,정규직,~09/30,사업관리,사업관리;국내영업;해외영업;영업 관리;기술영업,https://file.gamejob.co.kr/net/Corp/CoImage/LogoView?FN=2026\1\GJ_CoLogo_14020822.png?639032124740000000,황상준,2013년,"국내외 메이저 업체(게임개발사 포함)와 협업 콘텐츠 제작, 개발",
284338,PC·모바일 RPG게임 프로젝트 신규 개발자 채용,㈜블랙스톰,35750294,경력3년↑ ,학력무관,정규직,~09/12,게임개발(클라이언트),게임개발(클라이언트);모델링;애니메이션;이펙트·FX,https://file.gamejob.co.kr/net/Corp/CoImage/LogoView?FN=2021\11\GJ_CoLogo_35750294.jpg?639235141640000000,김도윤,2021년,"리메멘토, 메모리스, 페어리트윈스",
284399,[Stand Egg] 애니메이터 & 이펙터 채용,㈜스탠드에그,36460597,경력무관,학력무관,정규직,채용시,애니메이션,애니메이션;이펙트·FX,https://file.gamejob.co.kr/net/Corp/CoImage/LogoView?FN=2022\11\GJ_CoLogo_36460597.png?639101371820000000,"고영우, 김성균",2021년,"고양이 정원, 천마 키우기, 고양이 카페",
284240,[수집/성장 RPG] 서브컬쳐 3D 캐릭터 모델러 모집,㈜앤투조이,49138865,경력무관,학력무관,정규직,~09/26,원화,원화;모델링,https://file.gamejob.co.kr/net/Corp/CoImage/LogoView?FN=2025\9\GJ_CoLogo_49138865.png?639075413450000000,김일권,2025년,-,
284396,언리얼 스크린 파크골프 배경레벨디자인,㈜국제파크골프,44970375,경력무관,학력무관,정규직,채용시,모델링,모델링,https://file.gamejob.co.kr/net/Corp/CoImage/LogoView?FN=2024\8\GJ_CoLogo_44970375.png?639235275810000000,김용훈,2020년,-,
281828,[오디션] 기획자 채용,티쓰리엔터테인먼트,31949410,경력5년↑ ,학력무관,정규직,채용시,게임기획,게임기획,https://file.gamejob.co.kr/net/Corp/CoImage/LogoView?FN=2020\7\GJ_CoLogo_31949410.jpg?638350398030000000,홍민균,2000년,오디션/클럽오디션,
282023,모바일 게임 기획자를 모십니다.,㈜퍼니팩,18092498,경력3년↑ ,학력무관,정규직,채용시,게임기획,게임기획,,김영호,2014년,"용사가돌아왔다 키우기, 라이벌피싱, 리얼피싱 VR",
284235,게임 애니메이터(리소스화 작업 포함) 모집합니다.,㈜퍼니팩,18092498,경력무관,학력무관,정규직,채용시,인터페이스 디자인,인터페이스 디자인;애니메이션;이펙트·FX,,김영호,2014년,"용사가돌아왔다 키우기, 라이벌피싱, 리얼피싱 VR",
284236,모바일 방치형 게임 QA 모십니다.,㈜퍼니팩,18092498,경력무관,학력무관,정규직,채용시,게임기획,게임기획;게임운영;QA·테스터,,김영호,2014년,"용사가돌아왔다 키우기, 라이벌피싱, 리얼피싱 VR",
284381,(신입가능) 캐릭터 원화 디자이너 모집합니다.,㈜퍼니팩,18092498,신입,학력무관,정규직,채용시,게임AI 개발,게임AI 개발;원화;애니메이션,,김영호,2014년,"용사가돌아왔다 키우기, 라이벌피싱, 리얼피싱 VR",
284022,[대항해시대 오리진] 밸런스 기획자 모집,모티프,25479421,경력3년↑ ,학력무관,정규직,채용시,게임기획,게임기획,https://file.gamejob.co.kr/net/Corp/CoImage/LogoView?FN=2018\9\GJ_Co_motif2018.jpg?639228219530000000,유태웅,2017년,대항해시대 오리진,
284021,[대항해시대 오리진] 시스템컨텐츠 기획자 모집,모티프,25479421,경력3년↑ ,학력무관,정규직,채용시,게임기획,게임기획,https://file.gamejob.co.kr/net/Corp/CoImage/LogoView?FN=2018\9\GJ_Co_motif2018.jpg?639228219530000000,유태웅,2017년,대항해시대 오리진,
283792,헬로키티 마이드림스토어 클라이언트 개발자 모집,에이시티게임즈㈜,28124259,경력5년↑ ,학력무관,정규직,채용시,게임개발(클라이언트),게임개발(클라이언트),https://file.gamejob.co.kr/net/Corp/CoImage/LogoView?FN=2024\3\GJ_CoLogo_28124259.jpg?639197328290000000,정세진,2019년,헬로키티 마이 드림 스토어(Hello Kitty My Dream Store),
284224,[국회의사당역/본사근무/신입가능/전환가능] 게임 CS문의처리(전화X) 채용,㈜사람인에이치에스,50976160,신입,,파견직,채용시,게임운영,게임운영,,이성권,-,-,
284369,[강남 디지털 치료] 게임형 디지털 치료기기 리소스 및 일러스트,뉴다이브,41256522,경력3년↑ ,학력무관,정규직,~10/29,인터페이스 디자인,인터페이스 디자인;원화,https://file.gamejob.co.kr/net/Corp/CoImage/LogoView?FN=2023\7\GJ_CoLogo_41256522.png?639167071830000000,조성자,2022년,버디인,
284068,[묵혼] MMORPG 서버 프로그래머 모집,㈜슈퍼진스,35420506,경력3년↑ ,학력무관,정규직,~11/19,게임개발(클라이언트),게임개발(클라이언트);서버;네트워크;시스템·DB,https://file.gamejob.co.kr/net/Corp/CoImage/LogoView?FN=2024\6\GJ_CoLogo_35420506.png?638975354580000000,강은성,2018년,묵혼온라인,
283266,[Doom Gate Games / 자체 프로젝트] 픽셀 아티스트 모집,둠게이트게임즈,46512987,경력무관,학력무관,정규직,채용시,원화,원화;애니메이션,https://file.gamejob.co.kr/net/Corp/CoImage/LogoView?FN=2026\4\GJ_CoLogo_46512987.png?639209410590000000,김지상,2025년,-,
283695,[일본 IP 게임 라이브운영] QA 담당자 모집,그렙게임즈,29208655,경력3년↑ ,학력무관,정규직,채용시,게임운영,게임운영;QA·테스터,https://file.gamejob.co.kr/net/Corp/CoImage/LogoView?FN=2023\5\GJ_CoLogo_29208655.jpg?638935364080000000,한동수,2014년,-,
283651,[일본 IP 게임 라이브 운영] 사업 PM (일본어 필수),그렙게임즈,29208655,경력3년↑ ,,정규직,채용시,사업기획(해외),사업기획(해외),https://file.gamejob.co.kr/net/Corp/CoImage/LogoView?FN=2023\5\GJ_CoLogo_29208655.jpg?638935364080000000,한동수,2014년,-,
282049,[일본 IP 게임] 서버 개발자(Node.js / TypeScript) 채용,그렙게임즈,29208655,경력3년↑ ,학력무관,정규직,채용시,서버,서버;네트워크;시스템·DB,https://file.gamejob.co.kr/net/Corp/CoImage/LogoView?FN=2023\5\GJ_CoLogo_29208655.jpg?638935364080000000,한동수,2014년,-,
284382,[스텔라나이츠] 픽셀아트 경력자 모집,㈜버거몬스터,51607550,경력2년↑ ,학력무관,계약직,채용시,원화,원화,https://file.gamejob.co.kr/net/Corp/CoImage/LogoView?FN=2026\6\GJ_CoLogo_51607550.png?639161954740000000,최윤빈,2026년,"포트리스사가, 무명기시단",
283679,[무브인터렉티브] 3D 캐릭터 모델러 신입/경력 채용,(주)무브인터렉티브,11525759,신입,학력무관,정규직,08/10(월),모델링,모델링,https://file.gamejob.co.kr/net/Corp/CoImage/LogoView?FN=2022\4\GJ_CoLogo_11525759.png?639202730720000000,김동성,2002년,"디지몬슈퍼럼블, 디지몬마스터즈, 디지몬RPG, 베어브릭히어로즈",
284372,[민트로켓] 사운드 디자이너,민트로켓,45831580,경력3년↑ ,학력무관,정규직,채용시,사운드 제작,사운드 제작,https://file.gamejob.co.kr/net/Corp/CoImage/LogoView?FN=2024\11\GJ_CoLogo_45831580.png?639052144030000000,황재호,2024년,데이브 더 다이버,
284350,[국비학원][재택] 온라인 멘토 (게임기획),㈜디벨로켓,22777863,경력2년↑ ,학력무관,프리랜서,~09/28,게임기획,게임기획;교육;강사,https://file.gamejob.co.kr/net/Corp/CoImage/LogoView?FN=2026\1\GJ_CoLogo_22777863.png?639046954260000000,박병준,1988년,-,
283886,[신작] UI/UX 디자이너 모집,㈜버거몬스터,51607550,경력무관,학력무관,계약직,채용시,인터페이스 디자인,인터페이스 디자인,https://file.gamejob.co.kr/net/Corp/CoImage/LogoView?FN=2026\6\GJ_CoLogo_51607550.png?639161954740000000,최윤빈,2026년,"포트리스사가, 무명기시단",
283179,이펙트 아티스트 모집.,㈜엔게임즈,49943920,경력무관,학력무관,정규직,채용시,이펙트·FX,이펙트·FX,https://file.gamejob.co.kr/net/Corp/CoImage/LogoView?FN=2026\3\GJ_CoLogo_49943920.png?639155843220000000,.,2025년,-,
284332,[TBH - 태스크바 히어로] 경영지원 담당,뉴젬스튜디오㈜,41235529,경력1년↑ ,학력무관,정규직,채용시,사무·회계,사무·회계;경리;총무;구매,https://file.gamejob.co.kr/net/Corp/CoImage/LogoView?FN=2024\3\GJ_CoLogo_41235529.png?639237894270000000,한상빈,2023년,"TBH : 태스크바 히어로, 미니 코지 룸",
283682,[수집/성장 RPG] 시네마틱 연출 아티스트 모집,㈜앤투조이,49138865,경력5년↑ ,학력무관,정규직,~09/10,애니메이션,애니메이션,https://file.gamejob.co.kr/net/Corp/CoImage/LogoView?FN=2025\9\GJ_CoLogo_49138865.png?639075413450000000,김일권,2025년,-,
284342,원활한 서비스 운영을 위한 테스트 공고입니다. 지원하지 말아주세요. 8/28,서비스점검,11524987,신입,학력무관,정규직,~09/28,게임개발(클라이언트),게임개발(클라이언트);인터페이스 디자인;플랫폼 개발;사업기획(국내),,고객센터,2017년,"치즈냥이 키우기, 와글와글 용사단, 용사단 키우기, 레전드 오브 킹덤",
284341,Ad-Tech Developer,스캐터랩,35679234,경력무관,학력무관,정규직,4일 전,게임개발(클라이언트),게임개발(클라이언트);게임AI 개발;전략기획;정보·빅데이터 분석;광고기획,https://file.gamejob.co.kr/net/Corp/CoImage/LogoView?FN=2021\10\GJ_CoLogo_35679234.png?639215395170000000,김종윤,2011년,"zeta(제타), 이루다",
283850,Ad-Tech Developer,스캐터랩,35679234,경력무관,학력무관,정규직,08/14(금),게임개발(모바일),게임개발(모바일);플랫폼 개발;정보·빅데이터 분석;마케팅;통계,https://file.gamejob.co.kr/net/Corp/CoImage/LogoView?FN=2021\10\GJ_CoLogo_35679234.png?639215395170000000,김종윤,2011년,"zeta(제타), 이루다",
284334,아바타 아앙의 전설 IP 프로젝트 - 밸런싱 기획자,㈜에이엔게임즈,11525887,경력3년↑ ,학력무관,정규직,채용시,게임기획,게임기획,https://file.gamejob.co.kr/net/Corp/CoImage/LogoView?FN=2020\4\GJ_CoLogo_11525887.png?638798035820000000,김환기,1999년,"ASTROKINGS, ASTRONEST",
284291,데이터 분석가 모집,㈜에이엔게임즈,11525887,경력3년↑ ,학력무관,정규직,채용시,정보·빅데이터 분석,정보·빅데이터 분석,https://file.gamejob.co.kr/net/Corp/CoImage/LogoView?FN=2020\4\GJ_CoLogo_11525887.png?638798035820000000,김환기,1999년,"ASTROKINGS, ASTRONEST",
283895,[라이브스튜디오] ROHAN2 서버개발 담당 경력사원 모집,플레이위드게임즈,31995017,경력5년↑ ,학력무관,정규직,~09/28,게임개발(모바일),게임개발(모바일);서버;네트워크;엔진;시스템·DB,https://file.gamejob.co.kr/net/Corp/CoImage/LogoView?FN=2020\11\GJ_CoLogo_31995017.png?639124453420000000,김학준,2000년,"로한, 씰온라인, 로한M 등",
284331,[NC-퍼스트스파크게임즈][TL] 시네마틱 애니메이터 모집,㈜퍼스트스파크게임즈,47616029,경력5년↑ ,학력무관,정규직,~10/28,애니메이션,애니메이션;이펙트·FX,https://file.gamejob.co.kr/net/Corp/CoImage/LogoView?FN=2025\5\GJ_CoLogo_47616029.png?638999364520000000,최문영,2025년,THRONE AND LIBERTY,
284330,[액션핏] UA 크리에이티브 디자이너 모집,㈜액션핏,36420824,경력무관,학력무관,인턴직,채용시,영상제작·편집,영상제작·편집;마케팅;홍보;해외 마케팅;광고기획,https://file.gamejob.co.kr/net/Corp/CoImage/LogoView?FN=2025\8\GJ_CoLogo_36420824.png?639168039730000000,박인후,2020년,"빠지냥, 머지냥카페 등",
284329,3D 캐릭터 애니메이터 모집,엔엑스피,46381594,경력2년↑ ,학력무관,정규직,채용시,애니메이션,애니메이션,,최은석,2024년,-,
284324,[스텔라나이츠] 서브컬쳐 시나리오 & 레벨 게임 기획자,㈜버거몬스터,51607550,경력무관,학력무관,계약직,채용시,게임기획,게임기획,https://file.gamejob.co.kr/net/Corp/CoImage/LogoView?FN=2026\6\GJ_CoLogo_51607550.png?639161954740000000,최윤빈,2026년,"포트리스사가, 무명기시단",
284315,[어둠의전설] 그래픽 리소스 위탁 제작 - 픽셀 아티스트 모집,티디에프,30332460,경력무관,학력무관,정규직,채용시,원화,원화;애니메이션;이펙트·FX,https://file.gamejob.co.kr/net/Corp/CoImage/LogoView?FN=2020\1\GJ_CoLogo_30332460.png?638767747060000000,김진의,2019년,-,
284321,유니티 클라이언트 프로그래머 모집(모바일 방치형 RPG),㈜룡게임,36068909,경력3년↑ ,학력무관,정규직,채용시,게임개발(클라이언트),게임개발(클라이언트);게임개발(모바일),https://file.gamejob.co.kr/net/Corp/CoImage/LogoView?FN=2024\8\GJ_CoLogo_36068909.png?639198670380000000,박용진,2021년,"소울 헌터 키우기,퇴마검사 키우기,요괴사냥꾼 키우기",
282643,3D 아티스트 모집,트리디엇츠,51779643,경력무관,학력무관,정규직,~09/13,모델링,모델링;애니메이션,https://file.gamejob.co.kr/net/Corp/CoImage/LogoView?FN=2026\7\GJ_CoLogo_51779643.png?639219893450000000,김호식,2025년,Weving,
281830,[오디션팀] 글로벌 개발 PM 채용,티쓰리엔터테인먼트,31949410,경력무관,학력무관,정규직,채용시,게임운영,게임운영,https://file.gamejob.co.kr/net/Corp/CoImage/LogoView?FN=2020\7\GJ_CoLogo_31949410.jpg?638350398030000000,홍민균,2000년,오디션/클럽오디션,
283627,[아우터플레인]  시나리오 라이터.,㈜메이저세븐,52171726,경력3년↑ ,학력무관,정규직,08/07(금),게임기획,게임기획,,김상하,2026년,아우터플레인,
281829,[오디션] 테크니컬 아티스트(TA) 경력 채용,티쓰리엔터테인먼트,31949410,경력2년↑ ,학력무관,정규직,채용시,게임AI 개발,게임AI 개발;모델링,https://file.gamejob.co.kr/net/Corp/CoImage/LogoView?FN=2020\7\GJ_CoLogo_31949410.jpg?638350398030000000,홍민균,2000년,오디션/클럽오디션,
284261,글로벌 영상 디자이너 (계약직),㈜버거몬스터,51607550,경력무관,학력무관,계약직,채용시,영상제작·편집,영상제작·편집,https://file.gamejob.co.kr/net/Corp/CoImage/LogoView?FN=2026\6\GJ_CoLogo_51607550.png?639161954740000000,최윤빈,2026년,"포트리스사가, 무명기시단",
284282,[빌리온게임즈] 모바일 MMORPG 라이브 서비스 UI 디자이너 모집(경력),빌리온게임즈,30537999,경력2년↑ ,학력무관,정규직,채용시,인터페이스 디자인,인터페이스 디자인,https://file.gamejob.co.kr/net/Corp/CoImage/LogoView?FN=2024\11\GJ_CoLogo_30537999.png?638702912070000000,우성원,2020년,"소악마 키우기, 드래곤라자 오리진 on zemit, 드래곤라자 오리진, 카이온M, 러쉬",
283334,[TAKE 5] 액션 로그라이크 VFX Artist 채용,테이크파이브스튜디오스,27199606,경력무관,학력무관,정규직,07/30(목),이펙트·FX,이펙트·FX,https://file.gamejob.co.kr/net/Corp/CoImage/LogoView?FN=2025\2\GJ_CoLogo_27199606.png?639159157580000000,나일영,2019년,"The Pink Robot, 디즈니 렐름 브레이커스, 테라 : 엔드리스워",
284260,[룸톤게임즈] 3D 배경/환경 아티스트 모집,룸톤,45937596,경력무관,학력무관,계약직,채용시,모델링,모델링,https://file.gamejob.co.kr/net/Corp/CoImage/LogoView?FN=2025\5\GJ_CoLogo_45937596.png?639234510760000000,김동욱,2020년,INTERSCAPE,
284262,[룸톤게임즈] 3D 애니메이터 모집,룸톤,45937596,경력무관,학력무관,계약직,채용시,애니메이션,애니메이션,https://file.gamejob.co.kr/net/Corp/CoImage/LogoView?FN=2025\5\GJ_CoLogo_45937596.png?639234510760000000,김동욱,2020년,INTERSCAPE,
284192,프로그램팀 팀장 채용,㈜넥스쳐,35190605,경력7년↑ ,학력무관,정규직,채용시,게임개발(클라이언트),게임개발(클라이언트);게임개발(모바일),https://file.gamejob.co.kr/net/Corp/CoImage/LogoView?FN=2022\3\GJ_CoLogo_35190605.png?639193005700000000,이대훈,2011년,"아이러브커피, 마루는 강쥐: 카페 사장됐다 짱이지!, 아이러브파스타 등",
284193,Live-Ops 게임 PD,㈜넥스쳐,35190605,경력7년↑ ,학력무관,정규직,채용시,게임개발(모바일),게임개발(모바일);게임기획,https://file.gamejob.co.kr/net/Corp/CoImage/LogoView?FN=2022\3\GJ_CoLogo_35190605.png?639193005700000000,이대훈,2011년,"아이러브커피, 마루는 강쥐: 카페 사장됐다 짱이지!, 아이러브파스타 등",
284255,신규 프로젝트 모델링 & 애니메이션 아티스트,㈜데브즈유나이티드게임즈,37993507,경력7년↑ ,,정규직,~10/27,원화,원화;모델링;애니메이션;이펙트·FX,https://file.gamejob.co.kr/net/Corp/CoImage/LogoView?FN=2023\6\GJ_CoLogo_37993507.jpeg?639105712820000000,최민경,2016년,Real VR Fishing,
281384,[무브인터렉티브] 3D 애니메이터 신입/경력 채용,(주)무브인터렉티브,11525759,신입,학력무관,정규직,06/12(금),애니메이션,애니메이션,https://file.gamejob.co.kr/net/Corp/CoImage/LogoView?FN=2022\4\GJ_CoLogo_11525759.png?639202730720000000,김동성,2002년,"디지몬슈퍼럼블, 디지몬마스터즈, 디지몬RPG, 베어브릭히어로즈",
282225,[무브인터렉티브] 이펙트 디자이너 신입/경력 채용,(주)무브인터렉티브,11525759,신입,,정규직,07/02(목),이펙트·FX,이펙트·FX,https://file.gamejob.co.kr/net/Corp/CoImage/LogoView?FN=2022\4\GJ_CoLogo_11525759.png?639202730720000000,김동성,2002년,"디지몬슈퍼럼블, 디지몬마스터즈, 디지몬RPG, 베어브릭히어로즈",
282877,[엔픽셀] 이클립스스튜디오 (캐릭터 컨셉 아티스트),엔픽셀,24244566,경력3년↑ ,학력무관,정규직,채용시,원화,원화;모델링;애니메이션,https://file.gamejob.co.kr/net/Corp/CoImage/LogoView?FN=2020\1\GJ_CoLogo_24244566.png?639226525110000000,정현호 배봉건,2017년,그랑사가,
283121,[엔픽셀] 이클립스스튜디오 (시퀀스 연출 애니메이터),엔픽셀,24244566,경력5년↑ ,학력무관,정규직,채용시,원화,원화;애니메이션;영상제작·편집,https://file.gamejob.co.kr/net/Corp/CoImage/LogoView?FN=2020\1\GJ_CoLogo_24244566.png?639226525110000000,정현호 배봉건,2017년,그랑사가,
284254,[엔픽셀] 이클립스스튜디오 (서버 프로그래머),엔픽셀,24244566,경력5년↑ ,학력무관,정규직,채용시,서버,서버,https://file.gamejob.co.kr/net/Corp/CoImage/LogoView?FN=2020\1\GJ_CoLogo_24244566.png?639226525110000000,정현호 배봉건,2017년,그랑사가,
284252,[엔픽셀] 이클립스스튜디오 (전투 밸런스 기획),엔픽셀,24244566,경력3년↑ ,학력무관,정규직,채용시,게임기획,게임기획,https://file.gamejob.co.kr/net/Corp/CoImage/LogoView?FN=2020\1\GJ_CoLogo_24244566.png?639226525110000000,정현호 배봉건,2017년,그랑사가,
284250,[샌드박스네트워크][AD] 광고 사업 기획/운영 매니저(경력),샌드박스네트워크,26350588,경력2년↑ ,학력무관,정규직,~09/25,사업기획(국내),사업기획(국내);마케팅;광고기획,https://file.gamejob.co.kr/net/Corp/CoImage/LogoView?FN=2026\7\GJ_CoLogo_26350588.png?639203277460000000,차병곤,2015년,-,
284207,[에브나게임즈] 게임 기획자 모집,에브나게임즈,52299667,신입,학력무관,계약직,~10/26,게임기획,게임기획,https://file.gamejob.co.kr/net/Corp/CoImage/LogoView?FN=2026\8\GJ_CoLogo_52299667.png?639232625700000000,조현기,2024년,WASD : 토리의모험,
284241,[에브나게임즈] 게임 개발자 모집,에브나게임즈,52299667,경력3년↑ ,학력무관,계약직,~10/26,게임개발(클라이언트),게임개발(클라이언트),https://file.gamejob.co.kr/net/Corp/CoImage/LogoView?FN=2026\8\GJ_CoLogo_52299667.png?639232625700000000,조현기,2024년,WASD : 토리의모험,
284244,[인조이스튜디오(크래프톤 계열회사)] Contents Designer (계약직),인조이스튜디오(크래프톤 계열회사),47018134,경력2년↑ ,학력무관,계약직,채용시,게임기획,게임기획,https://file.gamejob.co.kr/net/Corp/CoImage/LogoView?FN=2025\2\GJ_CoLogo_47018134.png?638985762910000000,김형준,2024년,inZOI(인조이),
284247,"[이터널 리턴] UI 아이템 이미지, 아이콘 제작 외주 작가 모집",㈜님블뉴런,13425350,경력무관,학력무관,아르바이트,채용시,인터페이스 디자인,인터페이스 디자인;원화,https://file.gamejob.co.kr/net/Corp/CoImage/LogoView?FN=2019\8\GJ_CoLogo_13425350.png?638911972840000000,"김승후, 정욱",2013년,이터널 리턴,
284246,[청월당(로켓AI)] UI/UX 디자이너 (팀장급),로켓AI,52002692,경력5년↑ ,학력무관,정규직,채용시,인터페이스 디자인,인터페이스 디자인,https://file.gamejob.co.kr/net/Corp/CoImage/LogoView?FN=2026\7\GJ_CoLogo_52002692.png?639201545920000000,임재훈,2022년,-,
282021,[넷마블몬스터] 몬길 STAR DIVE 아트 (캐릭터모델링/배경모델링/애니메이션/이펙트(FX)),넷마블몬스터,11526277,경력무관,학력무관,정규직,채용시,게임개발(모바일),게임개발(모바일);모델링;애니메이션;이펙트·FX,https://file.gamejob.co.kr/net/Corp/CoImage/LogoView?FN=2021\6\GJ_CoLogo_11526277.png?638998447210000000,김건,2000년,마블퓨처파이트/몬스터길들이기/레이븐/레이븐2 外,
284243,[드래곤소드] 시나리오 기획자 모집,㈜하운드13,17033644,경력3년↑ ,학력무관,정규직,채용시,게임기획,게임기획,https://file.gamejob.co.kr/net/Corp/CoImage/LogoView?FN=2015\7\GJ_Co_hound13.gif?639221519570000000,박정식,2014년,"헌드레드 소울(HUNDRED SOUL), DragonSword : Awakening",
284210,[VO6 TCG] TCG 카드 리드 디자이너 (계약직 후 정규직 검토),㈜브이오식스,52344115,경력3년↑ ,학력무관,계약직,채용시,인터페이스 디자인,인터페이스 디자인;원화,https://file.gamejob.co.kr/net/Corp/CoImage/LogoView?FN=2026\8\GJ_CoLogo_52344115.jpg?639232143920000000,정원민,2026년,-,
284238,[빌리네어게임즈] 게임 QA 모집,빌리네어게임즈,30407882,경력5년↑ ,학력무관,정규직,채용시,QA·테스터,QA·테스터,https://file.gamejob.co.kr/net/Corp/CoImage/LogoView?FN=2025\6\GJ_CoLogo_30407882.png?639087631970000000,최연재,2019년,"변신 키우기, 블레이드 키우기",
284234,[OVERDARE] 전 직군 상시 채용,오버데어코리아,46534341,경력무관,학력무관,정규직,채용시,게임개발(클라이언트),게임개발(클라이언트);게임AI 개발;플랫폼 개발;엔진;마케팅,https://file.gamejob.co.kr/net/Corp/CoImage/LogoView?FN=2025\1\GJ_CoLogo_46534341.jpg?639126411220000000,박형철,2023년,OVERDARE,
284233,Senior Performance Marketer,오버데어코리아,46534341,경력5년↑ ,학력무관,정규직,채용시,마케팅,마케팅;해외 마케팅,https://file.gamejob.co.kr/net/Corp/CoImage/LogoView?FN=2025\1\GJ_CoLogo_46534341.jpg?639126411220000000,박형철,2023년,OVERDARE,
283641,테이드소프트 그래픽 담당자 모집,테이드소프트,49691675,경력무관,학력무관,계약직,채용시,인터페이스 디자인,인터페이스 디자인;원화;모델링;애니메이션;이펙트·FX,https://file.gamejob.co.kr/net/Corp/CoImage/LogoView?FN=2026\3\GJ_CoLogo_49691675.png?639183294020000000,허성재,2025년,-,
284230,UGC Game Engineer,오버데어코리아,46534341,경력3년↑ ,학력무관,정규직,채용시,게임개발(모바일),게임개발(모바일);게임AI 개발;플랫폼 개발,https://file.gamejob.co.kr/net/Corp/CoImage/LogoView?FN=2025\1\GJ_CoLogo_46534341.jpg?639126411220000000,박형철,2023년,OVERDARE,
284229,Unreal Engine Engineer,오버데어코리아,46534341,경력3년↑ ,학력무관,정규직,채용시,게임개발(클라이언트),게임개발(클라이언트);게임개발(모바일);플랫폼 개발;엔진,https://file.gamejob.co.kr/net/Corp/CoImage/LogoView?FN=2025\1\GJ_CoLogo_46534341.jpg?639126411220000000,박형철,2023년,OVERDARE,
284228,Unreal Gameplay Engineer,오버데어코리아,46534341,경력3년↑ ,학력무관,정규직,채용시,게임개발(클라이언트),게임개발(클라이언트);게임개발(모바일);플랫폼 개발,https://file.gamejob.co.kr/net/Corp/CoImage/LogoView?FN=2025\1\GJ_CoLogo_46534341.jpg?639126411220000000,박형철,2023년,OVERDARE,
284184,"[대구]게임 기획자 구인 [원더킹, 세피루스]",㈜드림아이디어소프트,23867666,경력무관,학력무관,정규직,7일 전,게임기획,게임기획;게임운영,https://file.gamejob.co.kr/net/Corp/CoImage/LogoView?FN=2019\5\GJ_Co_dreamidea.jpg?638810907150000000,이제환,2017년,"아스트라의 전설(모바일), 원더킹Ver3.0(온라인), 그라나다",
284182,[대구] 신규 게임 3D 그래픽 디자이너 및 애니메이터,㈜드림아이디어소프트,23867666,경력무관,,정규직,7일 전,모델링,모델링;애니메이션;이펙트·FX,https://file.gamejob.co.kr/net/Corp/CoImage/LogoView?FN=2019\5\GJ_Co_dreamidea.jpg?638810907150000000,이제환,2017년,"아스트라의 전설(모바일), 원더킹Ver3.0(온라인), 그라나다",
284183,[대구]C# Unity 게임 클라이언트 개발자 모집 [새피루스키우기],㈜드림아이디어소프트,23867666,경력무관,학력무관,계약직,7일 전,게임개발(클라이언트),게임개발(클라이언트),https://file.gamejob.co.kr/net/Corp/CoImage/LogoView?FN=2019\5\GJ_Co_dreamidea.jpg?638810907150000000,이제환,2017년,"아스트라의 전설(모바일), 원더킹Ver3.0(온라인), 그라나다",
284196,"[대구] (신입/경력, C++) 게임 클라이언트 개발자 모집 (원더킹)",㈜드림아이디어소프트,23867666,신입,학력무관,계약직,7일 전,게임개발(클라이언트),게임개발(클라이언트),https://file.gamejob.co.kr/net/Corp/CoImage/LogoView?FN=2019\5\GJ_Co_dreamidea.jpg?638810907150000000,이제환,2017년,"아스트라의 전설(모바일), 원더킹Ver3.0(온라인), 그라나다",
284226,"[대구] 원더킹, 세피루스키우기 2D 원화및 도트 구인",㈜드림아이디어소프트,23867666,경력무관,학력무관,계약직,6일 전,게임개발(모바일),게임개발(모바일);원화,https://file.gamejob.co.kr/net/Corp/CoImage/LogoView?FN=2019\5\GJ_Co_dreamidea.jpg?638810907150000000,이제환,2017년,"아스트라의 전설(모바일), 원더킹Ver3.0(온라인), 그라나다",
284225,게임 기술PM 영입 (TechPM/evOps/SRE Engineer),㈜카카오게임즈,18234272,경력2년↑ ,학력무관,정규직,~09/13,서버,서버;클라우드,https://file.gamejob.co.kr/net/Corp/CoImage/LogoView?FN=2025\3\GJ_CoLogo_18234272.png?639035553090000000,한상우,2013년,"달빛조각사, 프린세스커넥트, 가디언테일즈, 엘리온 등",
284222,[프로젝트 A] 내러티브 디자이너 리드급 모집 (경력),㈜그레이게임즈,43515135,경력5년↑ ,학력무관,정규직,채용시,게임기획,게임기획,https://file.gamejob.co.kr/net/Corp/CoImage/LogoView?FN=2024\2\GJ_CoLogo_43515135.png?639208547300000000,최병천,2023년,"템빨:오버기어드 , 프로젝트A",
283591,[스파르타게임즈] 2D 모바일 게임 기획자,팀스파르타㈜,39899279,경력1년↑ ,학력무관,정규직,채용시,게임기획,게임기획,https://file.gamejob.co.kr/net/Corp/CoImage/LogoView?FN=2024\6\GJ_CoLogo_39899279.png?639183259340000000,이범규,2019년,"종족 디펜스, 벙커 디펜스, 꿈틀 수비대",
284217,[Crescent-O] 나노마신 IP 프로젝트 3D 애니메이터 (프리랜서),Crescent-O,51851423,경력무관,학력무관,프리랜서,채용시,애니메이션,애니메이션,https://file.gamejob.co.kr/net/Corp/CoImage/LogoView?FN=2026\7\GJ_CoLogo_51851423.png?639198198950000000,마성빈,-,-,
283677,[무브인터렉티브-대구] 3ds max를 활용한 Unity 컷씬 애니메이터,(주)무브인터렉티브,11525759,경력무관,학력무관,정규직,채용시,애니메이션,애니메이션,https://file.gamejob.co.kr/net/Corp/CoImage/LogoView?FN=2022\4\GJ_CoLogo_11525759.png?639202730720000000,김동성,2002년,"디지몬슈퍼럼블, 디지몬마스터즈, 디지몬RPG, 베어브릭히어로즈",
282696,"[무브인터렉티브-대구] 캐릭터, 몬스터 및 메카닉 애니메이터 모집",(주)무브인터렉티브,11525759,경력무관,학력무관,정규직,채용시,애니메이션,애니메이션,https://file.gamejob.co.kr/net/Corp/CoImage/LogoView?FN=2022\4\GJ_CoLogo_11525759.png?639202730720000000,김동성,2002년,"디지몬슈퍼럼블, 디지몬마스터즈, 디지몬RPG, 베어브릭히어로즈",
283829,콘솔 액션 게임 QA 담당자  채용,㈜리튬포어스,50881203,경력3년↑ ,학력무관,계약직,채용시,QA·테스터,QA·테스터,https://file.gamejob.co.kr/net/Corp/CoImage/LogoView?FN=2026\4\GJ_CoLogo_50881203.png?639106314980000000,변재석,1998년,-,
284203,[Ex2게임즈] 글로벌 게임사업 담당자,㈜이엑스투게임즈,51531830,경력5년↑ ,학력무관,정규직,채용시,사업기획(국내),사업기획(국내);사업기획(해외);사업관리;경영분석;마케팅,https://file.gamejob.co.kr/net/Corp/CoImage/LogoView?FN=2026\5\GJ_CoLogo_51531830.png?639226529100000000,김재인,2026년,-,
284063,[Crescent-O] 냥냥시노비 IP 신작 서브컬쳐 프로젝트 기획 리드(총괄),Crescent-O,51851423,경력3년↑ ,학력무관,정규직,채용시,게임개발(클라이언트),게임개발(클라이언트);게임개발(모바일);게임기획,https://file.gamejob.co.kr/net/Corp/CoImage/LogoView?FN=2026\7\GJ_CoLogo_51851423.png?639198198950000000,마성빈,-,-,
282843,[Crescent-O] 나노마신 3D 캐릭터 모델러,Crescent-O,51851423,경력무관,학력무관,정규직,채용시,모델링,모델링,https://file.gamejob.co.kr/net/Corp/CoImage/LogoView?FN=2026\7\GJ_CoLogo_51851423.png?639198198950000000,마성빈,-,-,
282853,[Crescent-O] 데이터 분석가,Crescent-O,51851423,경력2년↑ ,학력무관,정규직,채용시,게임개발(모바일),게임개발(모바일);게임기획;정보·빅데이터 분석,https://file.gamejob.co.kr/net/Corp/CoImage/LogoView?FN=2026\7\GJ_CoLogo_51851423.png?639198198950000000,마성빈,-,-,
283629,[Crescent-O] 냥냥시노비 서브컬쳐 비주얼 노벨(미연시) 시나리오 기획자,Crescent-O,51851423,경력1년↑ ,학력무관,계약직,채용시,게임개발(모바일),게임개발(모바일);게임기획,https://file.gamejob.co.kr/net/Corp/CoImage/LogoView?FN=2026\7\GJ_CoLogo_51851423.png?639198198950000000,마성빈,-,-,
284216,"[테스티파이 광주지사] 소프트웨어 QA 엔지니어 채용 (광주 거주, 이전 가능자)",테스티파이,52104344,신입,학력무관,계약직,~09/18,QA·테스터,QA·테스터,https://file.gamejob.co.kr/net/Corp/CoImage/LogoView?FN=2026\7\GJ_CoLogo_52104344.png?639208544890000000,정원영,2024년,-,
281509,[PurpleCow] 연출/이펙트 디자이너,㈜쿡앱스(CookApps),11533078,경력1년↑ ,학력무관,정규직,채용시,애니메이션,애니메이션;이펙트·FX,https://file.gamejob.co.kr/net/Corp/CoImage/LogoView?FN=2022\7\GJ_CoLogo_11533078.png?639142947970000000,박성민,2010년,"포트리스 사가, 무명기사단, 테일드 데몬 슬레이어 라이즈, 써니하우스, 조이스저니 등",
281918,[PurpleCow] 모바일 RPG 기획자,퍼플카우게임즈,51799987,경력1년↑ ,학력무관,정규직,채용시,게임기획,게임기획,https://file.gamejob.co.kr/net/Corp/CoImage/LogoView?FN=2026\6\GJ_CoLogo_51799987.png?639180866870000000,"임승혁,안중현",2026년,"테일드데몬슬레이어, 광전사키우기, 써니하우스",
283568,[PurpleCow] 모바일 RPG 원화 디자이너,퍼플카우게임즈,51799987,신입,학력무관,계약직,채용시,원화,원화,https://file.gamejob.co.kr/net/Corp/CoImage/LogoView?FN=2026\6\GJ_CoLogo_51799987.png?639180866870000000,"임승혁,안중현",2026년,"테일드데몬슬레이어, 광전사키우기, 써니하우스",
282024,[PurpleCow] 연출/이펙트 디자이너,퍼플카우게임즈,51799987,경력1년↑ ,학력무관,정규직,채용시,애니메이션,애니메이션;이펙트·FX,https://file.gamejob.co.kr/net/Corp/CoImage/LogoView?FN=2026\6\GJ_CoLogo_51799987.png?639180866870000000,"임승혁,안중현",2026년,"테일드데몬슬레이어, 광전사키우기, 써니하우스",
284169,[호라이즌워커] 글로벌 게임 커뮤니티 매니저 (CM),㈜젠틀매니악,35256454,경력무관,학력무관,계약직,채용시,마케팅,마케팅;홍보;해외 마케팅;프로모션;CRM,https://file.gamejob.co.kr/net/Corp/CoImage/LogoView?FN=2021\8\GJ_CoLogo_35256454.png?639235316660000000,"이태웅, 복규동",2021년,"호라이즌 워커, 마대자",
284187,[에이트스튜디오] 2026년 캐주얼 게임 원화가 모집,에이트스튜디오,48467573,경력무관,학력무관,정규직,~09/25,원화,원화,https://file.gamejob.co.kr/net/Corp/CoImage/LogoView?FN=2025\9\GJ_CoLogo_48467573.jpg?638936405540000000,노진,2014년,정령킹 키우기,
284215,[메인퀘스트] 모바일게임 개발자 모집합니다.,㈜메인퀘스트,47511100,경력무관,학력무관,정규직,~09/25,게임개발(클라이언트),게임개발(클라이언트);게임개발(모바일),https://file.gamejob.co.kr/net/Corp/CoImage/LogoView?FN=2026\3\GJ_CoLogo_47511100.png?639232772910000000,김태진,2025년,둘이서막자,
284167,[카카오게임즈 자회사] 메타보라 - 인사 리더 영입,㈜메타보라,18208300,경력10년↑ ,학력무관,정규직,~09/24,인사,인사,https://file.gamejob.co.kr/net/Corp/CoImage/LogoView?FN=2024\2\GJ_CoLogo_18208300.png?639231893100000000,"최세훈, 임영준",2015년,"프렌즈 팝콘, 프렌즈 타운, 버디샷 등",
284170,[카카오게임즈 자회사] 메타보라 - 경영기획 담당자 영입 (경력),㈜메타보라,18208300,경력3년↑ ,학력무관,정규직,~09/24,사업기획(국내),사업기획(국내);사업관리;경영분석,https://file.gamejob.co.kr/net/Corp/CoImage/LogoView?FN=2024\2\GJ_CoLogo_18208300.png?639231893100000000,"최세훈, 임영준",2015년,"프렌즈 팝콘, 프렌즈 타운, 버디샷 등",
284197,[라스트오리진2] UI 디자이너,㈜엔에이케이소프트,41427038,경력3년↑ ,학력무관,정규직,7일 전,게임개발(모바일),게임개발(모바일);인터페이스 디자인,https://file.gamejob.co.kr/net/Corp/CoImage/LogoView?FN=2025\3\GJ_CoLogo_41427038.png?639221336990000000,방유식,2023년,-,
283982,[5민랩][세계허구관리연맹 WPCA] 테크니컬 아티스트 (TA) 모집,㈜5민랩,16411061,경력3년↑ ,학력무관,정규직,채용시,애니메이션,애니메이션,https://file.gamejob.co.kr/net/Corp/CoImage/LogoView?FN=2021\4\GJ_CoLogo_16411061.png?639228390500000000,박문형,2013년,SMASH LEGENDS,
284060,[프로젝트T] 실사풍 MMORPG 게임 데이터 분석가(경력),㈜그레이게임즈,43515135,경력2년↑ ,학력무관,정규직,채용시,정보·빅데이터 분석,정보·빅데이터 분석,https://file.gamejob.co.kr/net/Corp/CoImage/LogoView?FN=2024\2\GJ_CoLogo_43515135.png?639208547300000000,최병천,2023년,"템빨:오버기어드 , 프로젝트A",
284172,[청월당(로켓AI)] 크리에이티브 전략 기획 (경력 3년 이상),로켓AI,52002692,경력 3년 ,학력무관,정규직,채용시,게임기획,게임기획;마케팅;해외 마케팅;광고기획,https://file.gamejob.co.kr/net/Corp/CoImage/LogoView?FN=2026\7\GJ_CoLogo_52002692.png?639201545920000000,임재훈,2022년,-,
282617,"[무브인터렉티브-대구]서브컬처 캐릭터·복장 디자인 모델러 모집 - 콘솔, PC, 모바일",(주)무브인터렉티브,11525759,경력무관,학력무관,정규직,채용시,모델링,모델링,https://file.gamejob.co.kr/net/Corp/CoImage/LogoView?FN=2022\4\GJ_CoLogo_11525759.png?639202730720000000,김동성,2002년,"디지몬슈퍼럼블, 디지몬마스터즈, 디지몬RPG, 베어브릭히어로즈",
283849,"[무브인터렉티브-대구] 콘솔, PC, 모바일 게임 클라이언트 프로그래머 모집",(주)무브인터렉티브,11525759,경력무관,학력무관,정규직,채용시,게임개발(클라이언트),게임개발(클라이언트);게임개발(모바일),https://file.gamejob.co.kr/net/Corp/CoImage/LogoView?FN=2022\4\GJ_CoLogo_11525759.png?639202730720000000,김동성,2002년,"디지몬슈퍼럼블, 디지몬마스터즈, 디지몬RPG, 베어브릭히어로즈",
284208,[ 홀덤 ]UI Designer,플라운드,43968437,경력5년↑ ,학력무관,계약직,채용시,인터페이스 디자인,인터페이스 디자인,https://file.gamejob.co.kr/net/Corp/CoImage/LogoView?FN=2024\4\GJ_CoLogo_43968437.jpg?638810243080000000,이진희,2023년,"골윈 스포츠, 골윈 베가스",
283327,[무브인터렉티브-대구] 메카닉 및 다양한 몬스터 2D 컨셉 아티스트,(주)무브인터렉티브,11525759,경력무관,학력무관,정규직,채용시,원화,원화,https://file.gamejob.co.kr/net/Corp/CoImage/LogoView?FN=2022\4\GJ_CoLogo_11525759.png?639202730720000000,김동성,2002년,"디지몬슈퍼럼블, 디지몬마스터즈, 디지몬RPG, 베어브릭히어로즈",
283710,"[무브인터렉티브-대구]캐릭터 및 메카닉 3D 모델러-콘솔,PC,모바일",(주)무브인터렉티브,11525759,경력무관,학력무관,정규직,채용시,모델링,모델링,https://file.gamejob.co.kr/net/Corp/CoImage/LogoView?FN=2022\4\GJ_CoLogo_11525759.png?639202730720000000,김동성,2002년,"디지몬슈퍼럼블, 디지몬마스터즈, 디지몬RPG, 베어브릭히어로즈",
283984,[라인넥스트][아르바이트] 게임 마케팅 영상 & 배너 제작 아르바이트,라인넥스트㈜,47065855,경력무관,학력무관,아르바이트,채용시,영상제작·편집,영상제작·편집;마케팅;홍보,https://file.gamejob.co.kr/net/Corp/CoImage/LogoView?FN=2025\5\GJ_CoLogo_47065855.png?638826861620000000,고영수,2021년,-,
284204,[Ex2게임즈] 프로젝트K (콘텐츠 기획자),㈜이엑스투게임즈,51531830,경력1년↑ ,학력무관,정규직,채용시,게임기획,게임기획,https://file.gamejob.co.kr/net/Corp/CoImage/LogoView?FN=2026\5\GJ_CoLogo_51531830.png?639226529100000000,김재인,2026년,-,
280900,[무브인터렉티브-대구] 기획 & 게임테스터 모집 공고,(주)무브인터렉티브,11525759,경력무관,학력무관,정규직,채용시,게임기획,게임기획;QA·테스터,https://file.gamejob.co.kr/net/Corp/CoImage/LogoView?FN=2022\4\GJ_CoLogo_11525759.png?639202730720000000,김동성,2002년,"디지몬슈퍼럼블, 디지몬마스터즈, 디지몬RPG, 베어브릭히어로즈",
283709,"[무브인터렉티브-대구] 액션 게임 VFX / 이펙트 / TA 모집 - 콘솔, PC, 모바일",(주)무브인터렉티브,11525759,경력무관,학력무관,정규직,채용시,게임개발(모바일),게임개발(모바일);이펙트·FX,https://file.gamejob.co.kr/net/Corp/CoImage/LogoView?FN=2022\4\GJ_CoLogo_11525759.png?639202730720000000,김동성,2002년,"디지몬슈퍼럼블, 디지몬마스터즈, 디지몬RPG, 베어브릭히어로즈",
284191,[라스트오리진2] 시나리오 라이터,㈜엔에이케이소프트,41427038,경력3년↑ ,학력무관,정규직,채용시,게임기획,게임기획,https://file.gamejob.co.kr/net/Corp/CoImage/LogoView?FN=2025\3\GJ_CoLogo_41427038.png?639221336990000000,방유식,2023년,-,
284190,[에이트스튜디오] 2026년 게임 개발자 모집 (기획자),에이트스튜디오,48467573,경력무관,학력무관,정규직,~09/25,게임기획,게임기획,https://file.gamejob.co.kr/net/Corp/CoImage/LogoView?FN=2025\9\GJ_CoLogo_48467573.jpg?638936405540000000,노진,2014년,정령킹 키우기,
284186,[에이트스튜디오] 2026년 게임 UI 디자이너 모집,에이트스튜디오,48467573,경력무관,학력무관,정규직,~09/25,인터페이스 디자인,인터페이스 디자인,https://file.gamejob.co.kr/net/Corp/CoImage/LogoView?FN=2025\9\GJ_CoLogo_48467573.jpg?638936405540000000,노진,2014년,정령킹 키우기,
284185,게임사업본부 게임 운영 담당자,㈜넵튠,13293190,경력5년↑ ,학력무관,계약직,채용시,게임운영,게임운영,https://file.gamejob.co.kr/net/Corp/CoImage/LogoView?FN=2024\9\GJ_CoLogo_13293190.png?639227409500000000,강율빈,2015년,"고양이 오피스, 고양이 스낵바, 무한의계단, 이터널리턴, 드드드드릴, 기어트럭, 럭키히어로",
284180,[스텔라나이츠] 서브컬쳐풍 원화 디자이너,㈜버거몬스터,51607550,경력무관,학력무관,계약직,채용시,원화,원화,https://file.gamejob.co.kr/net/Corp/CoImage/LogoView?FN=2026\6\GJ_CoLogo_51607550.png?639161954740000000,최윤빈,2026년,"포트리스사가, 무명기시단",
284171,게임 광고 영상 디자이너 모집 (게임업계 경력직 1-3년),히든몬스터,32698738,경력1년↑ ,학력무관,정규직,~09/23,영상제작·편집,영상제작·편집;마케팅;홍보;프로모션,https://file.gamejob.co.kr/net/Corp/CoImage/LogoView?FN=2024\4\GJ_CoLogo_32698738.jpg?639112456810000000,김대영,2020년,-,
283413,[NC-퍼스트스파크게임즈][프로젝트 SC] VFX 아티스트 모집,㈜퍼스트스파크게임즈,47616029,경력3년↑ ,학력무관,정규직,~10/03,이펙트·FX,이펙트·FX,https://file.gamejob.co.kr/net/Corp/CoImage/LogoView?FN=2025\5\GJ_CoLogo_47616029.png?638999364520000000,최문영,2025년,THRONE AND LIBERTY,
284146,글로벌 커뮤니티·인플루언서 마케팅 리드 채용,㈜투핸즈게임즈,17949048,경력7년↑ ,학력무관,정규직,채용시,마케팅,마케팅;홍보;해외 마케팅;프로모션;광고기획,https://file.gamejob.co.kr/net/Corp/CoImage/LogoView?FN=2021\9\GJ_CoLogo_17949048.jpg?638826497490000000,김준영,2015년,"Champion Strike, Golf Super Crew",
284142,Unity 3D 모바일 게임 아트 디렉터(AD) 채용,㈜투핸즈게임즈,17949048,경력8년↑ ,학력무관,정규직,채용시,인터페이스 디자인,인터페이스 디자인;원화;모델링;애니메이션;이펙트·FX,https://file.gamejob.co.kr/net/Corp/CoImage/LogoView?FN=2021\9\GJ_CoLogo_17949048.jpg?638826497490000000,김준영,2015년,"Champion Strike, Golf Super Crew",
284122,글로벌 UA 마케팅 팀장 채용,㈜투핸즈게임즈,17949048,경력8년↑ ,학력무관,정규직,채용시,정보·빅데이터 분석,정보·빅데이터 분석;마케팅;해외 마케팅;프로모션;광고기획,https://file.gamejob.co.kr/net/Corp/CoImage/LogoView?FN=2021\9\GJ_CoLogo_17949048.jpg?638826497490000000,김준영,2015년,"Champion Strike, Golf Super Crew",
280978,(SNG) RPG 파트 메인 기획자 모집,㈜아름게임즈,16004508,경력3년↑ ,학력무관,계약직,채용시,게임기획,게임기획,https://file.gamejob.co.kr/net/Corp/CoImage/LogoView?FN=2015\6\GJ_Co_arumgames.jpg?639058042830000000,강병종,2014년,"판타지타운,말랑타운",
283749,(SNG) RPG 전투 파트 기획자 모집,㈜아름게임즈,16004508,경력무관,학력무관,계약직,채용시,게임기획,게임기획,https://file.gamejob.co.kr/net/Corp/CoImage/LogoView?FN=2015\6\GJ_Co_arumgames.jpg?639058042830000000,강병종,2014년,"판타지타운,말랑타운",
284127,2D 애니메이터 채용 (Spine 애니메이션 / 도트 디자인),㈜슈퍼픽셀,37060111,경력무관,학력무관,계약직,채용시,인터페이스 디자인,인터페이스 디자인;원화;애니메이션;이펙트·FX,https://file.gamejob.co.kr/net/Corp/CoImage/LogoView?FN=2023\7\GJ_CoLogo_37060111.png?639201541680000000,최신,2022년,"픽셀판타지아, 아르카나블레이드",
282471,[이안게임즈] 스파인 애니메이터 모집,㈜이안게임즈,44714425,경력무관,학력무관,정규직,채용시,게임개발(모바일),게임개발(모바일);애니메이션,https://file.gamejob.co.kr/net/Corp/CoImage/LogoView?FN=2025\1\GJ_CoLogo_44714425.png?639064074730000000,"조경주, 박영재",2024년,-,
283943,[이안게임즈] 개발 QA 담당 모집,㈜이안게임즈,44714425,경력2년↑ ,학력무관,정규직,채용시,게임개발(모바일),게임개발(모바일);QA·테스터,https://file.gamejob.co.kr/net/Corp/CoImage/LogoView?FN=2025\1\GJ_CoLogo_44714425.png?639064074730000000,"조경주, 박영재",2024년,-,
283036,방치형게임 UI디자이너 모집,DwGames,35265550,경력무관,학력무관,계약직,채용시,게임개발(모바일),게임개발(모바일);인터페이스 디자인;원화;애니메이션,https://file.gamejob.co.kr/net/Corp/CoImage/LogoView?FN=2023\2\GJ_CoLogo_35265550.png?639226709280000000,임대운,2021년,"추노키우기,듀라한키우기,썩쏘또키우기",
284125,[신규 서브컬쳐 캐릭터 컬랙션 모바일 RPG] UI / UX 디자이너,링게임즈,31662837,경력무관,학력무관,정규직,채용시,인터페이스 디자인,인터페이스 디자인,https://file.gamejob.co.kr/net/Corp/CoImage/LogoView?FN=2020\6\GJ_CoLogo_31662837.jpg?639021926190000000,윤주호 안진홍,2019년,-,
283610,[신규 PC] 유니티 2D 아트 모집,㈜뉴코어,32543335,경력무관,학력무관,계약직,채용시,원화,원화,https://file.gamejob.co.kr/net/Corp/CoImage/LogoView?FN=2022\5\GJ_CoLogo_32543335.PNG?639057269250000000,이만재,2020년,데블위딘삿갓(The Devil Within:Satgat),
283608,[신규 PC/콘솔] 언리얼 UI/2D 아트 모집,㈜뉴코어,32543335,경력무관,학력무관,계약직,채용시,인터페이스 디자인,인터페이스 디자인;원화,https://file.gamejob.co.kr/net/Corp/CoImage/LogoView?FN=2022\5\GJ_CoLogo_32543335.PNG?639057269250000000,이만재,2020년,데블위딘삿갓(The Devil Within:Satgat),
282953,[트랜스포머 GLOBAL] UI / UX 디자이너 모집,주식회사 스노우파이프,15157103,경력5년↑ ,학력무관,정규직,채용시,게임개발(모바일),게임개발(모바일);인터페이스 디자인,https://file.gamejob.co.kr/net/Corp/CoImage/LogoView?FN=2021\1\GJ_CoLogo_15157103.png?638822974650000000,김정익,2014년,트랜스포머 얼라이언스 / 프로젝트S / 프로젝트N2,
282961,[트랜스포머 GLOBAL] 애니메이터 모집,주식회사 스노우파이프,15157103,경력무관,학력무관,정규직,채용시,게임개발(모바일),게임개발(모바일);애니메이션,https://file.gamejob.co.kr/net/Corp/CoImage/LogoView?FN=2021\1\GJ_CoLogo_15157103.png?638822974650000000,김정익,2014년,트랜스포머 얼라이언스 / 프로젝트S / 프로젝트N2,
283838,글로벌 캐주얼 게임 기획 (3년 이상),슈퍼진,24913033,경력3년↑ ,학력무관,정규직,채용시,게임기획,게임기획,https://file.gamejob.co.kr/net/Corp/CoImage/LogoView?FN=2023\5\GJ_CoLogo_24913033.png?639062529400000000,"나영채, 이진호",2016년,"COIN MATCH, THE PUZZLE, OMG",
283840,글로벌 캐주얼 게임 UI 디자이너 (3년 이상),슈퍼진,24913033,경력3년↑ ,학력무관,정규직,채용시,인터페이스 디자인,인터페이스 디자인,https://file.gamejob.co.kr/net/Corp/CoImage/LogoView?FN=2023\5\GJ_CoLogo_24913033.png?639062529400000000,"나영채, 이진호",2016년,"COIN MATCH, THE PUZZLE, OMG",
283841,글로벌 캐주얼 게임 클라이언트 개발 (3년 이상),슈퍼진,24913033,경력3년↑ ,학력무관,정규직,채용시,게임개발(클라이언트),게임개발(클라이언트),https://file.gamejob.co.kr/net/Corp/CoImage/LogoView?FN=2023\5\GJ_CoLogo_24913033.png?639062529400000000,"나영채, 이진호",2016년,"COIN MATCH, THE PUZZLE, OMG",
283842,"글로벌 캐주얼 게임 마케팅 (UA / Growth, 5년이상)",슈퍼진,24913033,경력5년↑ ,학력무관,정규직,채용시,마케팅,마케팅;홍보;해외 마케팅;프로모션;광고기획,https://file.gamejob.co.kr/net/Corp/CoImage/LogoView?FN=2023\5\GJ_CoLogo_24913033.png?639062529400000000,"나영채, 이진호",2016년,"COIN MATCH, THE PUZZLE, OMG",
282642,"[무브인터렉티브] 디지몬슈퍼럼블 레벨, 퀘스트 기획자 채용",(주)무브인터렉티브,11525759,경력2년↑ ,,정규직,07/13(월),게임기획,게임기획,https://file.gamejob.co.kr/net/Corp/CoImage/LogoView?FN=2022\4\GJ_CoLogo_11525759.png?639202730720000000,김동성,2002년,"디지몬슈퍼럼블, 디지몬마스터즈, 디지몬RPG, 베어브릭히어로즈",
283507,[쿡앱스] 글로벌 영상 디자이너 (계약직),㈜쿡앱스(CookApps),11533078,경력무관,학력무관,계약직,채용시,영상제작·편집,영상제작·편집;마케팅;광고기획,https://file.gamejob.co.kr/net/Corp/CoImage/LogoView?FN=2022\7\GJ_CoLogo_11533078.png?639142947970000000,박성민,2010년,"포트리스 사가, 무명기사단, 테일드 데몬 슬레이어 라이즈, 써니하우스, 조이스저니 등",
283890,[쿡앱스] 글로벌 그로스 마케터,㈜쿡앱스(CookApps),11533078,경력5년↑ ,학력무관,정규직,채용시,게임개발(모바일),게임개발(모바일);마케팅;해외 마케팅;퍼블리싱,https://file.gamejob.co.kr/net/Corp/CoImage/LogoView?FN=2022\7\GJ_CoLogo_11533078.png?639142947970000000,박성민,2010년,"포트리스 사가, 무명기사단, 테일드 데몬 슬레이어 라이즈, 써니하우스, 조이스저니 등",
282856,[쿡앱스] 글로벌 그로스 마케터 (Junior),㈜쿡앱스(CookApps),11533078,경력1년↑ ,학력무관,정규직,채용시,게임개발(모바일),게임개발(모바일);마케팅;해외 마케팅;퍼블리싱,https://file.gamejob.co.kr/net/Corp/CoImage/LogoView?FN=2022\7\GJ_CoLogo_11533078.png?639142947970000000,박성민,2010년,"포트리스 사가, 무명기사단, 테일드 데몬 슬레이어 라이즈, 써니하우스, 조이스저니 등",
284108,[유티플러스] 프로젝트V  게임 개발(클라이언트),유티플러스인터랙티브,11530287,경력5년↑ ,학력무관,정규직,채용시,게임개발(클라이언트),게임개발(클라이언트),https://file.gamejob.co.kr/net/Corp/CoImage/LogoView?FN=2020\1\GJ_CoLogo_11530287.png?639167225760000000,유태연,2006년,"하이큐 터치더드림,  탈리온, 쉐도우블러드, 디토랜드",
283967,"아카데미학원 강사구인 [스파인, 유니티, 언리얼, UI, QA, 원화, 그래픽, 기획]",에스씨에이게임신촌,25640518,경력2년↑ ,,계약직,08/19(수),게임개발(클라이언트),게임개발(클라이언트);인터페이스 디자인;이펙트·FX;QA·테스터;강사,https://file.gamejob.co.kr/net/Corp/CoImage/LogoView?FN=2018\10\GJ_Co_sbsedu121.jpg?638512985550000000,엄정호,2010년,-,
283968,"[신촌]SBS아카데미게임학원 신촌점 웹툰, 웹소설, 웹툰PD 강사 구인 채용공고",에스씨에이게임신촌,25640518,경력무관,학력무관,계약직,08/19(수),교육,교육;강사,https://file.gamejob.co.kr/net/Corp/CoImage/LogoView?FN=2018\10\GJ_Co_sbsedu121.jpg?638512985550000000,엄정호,2010년,-,
284100,[신규프로젝트] PC/콘솔 액션게임 픽셀 아트 애니메이터 모집,사우스포게임즈㈜,25767582,경력무관,학력무관,정규직,채용시,인터페이스 디자인,인터페이스 디자인;원화;애니메이션,https://file.gamejob.co.kr/net/Corp/CoImage/LogoView?FN=2022\6\GJ_CoLogo_25767582.jpg?639178068190000000,박상우,2018년,Skul: The Hero Slayer,
284101,인터페이스/UI 디자이너 모집,월러스코디자인랩,40669427,경력무관,학력무관,정규직,채용시,인터페이스 디자인,인터페이스 디자인,https://file.gamejob.co.kr/net/Corp/CoImage/LogoView?FN=2023\5\GJ_CoLogo_40669427.png?638842072600000000,최형인,2021년,-,
284093,[경력] 캐주얼 게임 레벨 및 전투 기획자 (레벨 디자인) 모집,㈜엑소게임즈,17482401,경력2년↑ ,,계약직,~09/22,게임기획,게임기획,https://file.gamejob.co.kr/net/Corp/CoImage/LogoView?FN=2016\3\GJ_Co_xogames.gif?639214656850000000,염의준,2016년,"파파딜로 고!, 스퀴드워, 우리집에 곰이 돌아왔다!",
284094,[경력] 시나리오/세계관/콘텐츠 기획자 모집,㈜엑소게임즈,17482401,경력2년↑ ,,계약직,~09/22,게임기획,게임기획,https://file.gamejob.co.kr/net/Corp/CoImage/LogoView?FN=2016\3\GJ_Co_xogames.gif?639214656850000000,염의준,2016년,"파파딜로 고!, 스퀴드워, 우리집에 곰이 돌아왔다!",
284089,캐릭터 AI 챗 (크러쉬팝) 프로덕트 매니저 (PO/PM),㈜더크리스피,45558847,경력무관,학력무관,정규직,~09/21,플랫폼 기획,플랫폼 기획;사업기획(국내);전략기획,https://file.gamejob.co.kr/net/Corp/CoImage/LogoView?FN=2026\8\GJ_CoLogo_45558847.jpg?639229386210000000,이필주,2024년,-,
284088,[쿠로 게임즈 코리아 ][ Cinematic Team ]FX Artist  (경력 5년 이상),쿠로게임즈코리아 유한회사,51269463,경력 5년 ,학력무관,정규직,~09/21,이펙트·FX,이펙트·FX,,SOLON LEE,2014년,"명조:워더링 웨이브, 퍼니싱:그레이 레이븐",
283771,[드래곤소드] 시네마틱 콘티 연출 담당자,㈜하운드13,17033644,경력무관,학력무관,정규직,채용시,애니메이션,애니메이션;이펙트·FX,https://file.gamejob.co.kr/net/Corp/CoImage/LogoView?FN=2015\7\GJ_Co_hound13.gif?639221519570000000,박정식,2014년,"헌드레드 소울(HUNDRED SOUL), DragonSword : Awakening",
284084,모바일 캐주얼 퍼즐 게임 2D 디자이너 모집,㈜액션핏,36420824,경력무관,학력무관,계약직,채용시,인터페이스 디자인,인터페이스 디자인;원화;애니메이션,https://file.gamejob.co.kr/net/Corp/CoImage/LogoView?FN=2025\8\GJ_CoLogo_36420824.png?639168039730000000,박인후,2020년,"빠지냥, 머지냥카페 등",
282672,3D 게임 애니메이터,트랄라랩,42578192,경력3년↑ ,학력무관,정규직,채용시,애니메이션,애니메이션,https://file.gamejob.co.kr/net/Corp/CoImage/LogoView?FN=2024\9\GJ_CoLogo_42578192.png?638945967230000000,지승범,2023년,-,
281698,[Stand Egg] 캐주얼 게임 클라이언트 개발자 채용,㈜스탠드에그,36460597,경력무관,학력무관,정규직,채용시,게임개발(클라이언트),게임개발(클라이언트);게임개발(모바일),https://file.gamejob.co.kr/net/Corp/CoImage/LogoView?FN=2022\11\GJ_CoLogo_36460597.png?639101371820000000,"고영우, 김성균",2021년,"고양이 정원, 천마 키우기, 고양이 카페",
284072,UA 크리에이티브 디자이너 모집,크립텍트,34960030,경력무관,학력무관,정규직,~09/21,마케팅,마케팅;홍보;광고기획,https://file.gamejob.co.kr/net/Corp/CoImage/LogoView?FN=2021\11\GJ_CoLogo_34960030.jpg?638876592890000000,노현서,2018년,이세계 용병단 키우기,
284065,[게이밍고] 글로벌 UA 마케터 (1년 이상),㈜게이밍고,47128753,경력3년↑ ,학력무관,정규직,채용시,마케팅,마케팅;해외 마케팅;광고기획,https://file.gamejob.co.kr/net/Corp/CoImage/LogoView?FN=2025\3\GJ_CoLogo_47128753.png?638991595010000000,박승제,2025년,냥냥섬: 전설의 집사,
282910,글로벌 UA 영상 디자이너 (1년이상),㈜게이밍고,47128753,경력1년↑ ,학력무관,정규직,채용시,영상제작·편집,영상제작·편집;마케팅;해외 마케팅,https://file.gamejob.co.kr/net/Corp/CoImage/LogoView?FN=2025\3\GJ_CoLogo_47128753.png?638991595010000000,박승제,2025년,냥냥섬: 전설의 집사,
284055,[메인퀘스트] 비주얼노벨 개발자 모집합니다,㈜메인퀘스트,47511100,경력무관,학력무관,정규직,~09/05,게임개발(클라이언트),게임개발(클라이언트);게임개발(모바일),https://file.gamejob.co.kr/net/Corp/CoImage/LogoView?FN=2026\3\GJ_CoLogo_47511100.png?639232772910000000,김태진,2025년,둘이서막자,
282210,[프로젝트 A] 보스 디자이너 모집 (경력),㈜그레이게임즈,43515135,경력5년↑ ,학력무관,정규직,채용시,게임기획,게임기획,https://file.gamejob.co.kr/net/Corp/CoImage/LogoView?FN=2024\2\GJ_CoLogo_43515135.png?639208547300000000,최병천,2023년,"템빨:오버기어드 , 프로젝트A",
282933,[프로젝트T] 실사풍 MMORPG 클라이언트 프로그래머 모집 (경력),㈜그레이게임즈,43515135,경력5년↑ ,학력무관,정규직,채용시,게임개발(클라이언트),게임개발(클라이언트),https://file.gamejob.co.kr/net/Corp/CoImage/LogoView?FN=2024\2\GJ_CoLogo_43515135.png?639208547300000000,최병천,2023년,"템빨:오버기어드 , 프로젝트A",
284052,[메인퀘스트] 시나리오 라이터 모집합니다.,㈜메인퀘스트,47511100,경력무관,학력무관,정규직,~09/09,게임기획,게임기획,https://file.gamejob.co.kr/net/Corp/CoImage/LogoView?FN=2026\3\GJ_CoLogo_47511100.png?639232772910000000,김태진,2025년,둘이서막자,
283961,애니메이터 / 패링 액션게임 (언리얼엔진5.6),소다프로덕션,50507785,경력무관,학력무관,정규직,채용시,애니메이션,애니메이션,,장목환,2025년,-,
284048,[청월당(로켓AI)] 서브컬처 캐릭터 원화가 (경력 3년 이상),로켓AI,52002692,경력 3년 ,학력무관,정규직,채용시,원화,원화;애니메이션,https://file.gamejob.co.kr/net/Corp/CoImage/LogoView?FN=2026\7\GJ_CoLogo_52002692.png?639201545920000000,임재훈,2022년,-,
284041,[Project Rabbit] 리거,노바플레어,48659344,경력5년↑ ,학력무관,정규직,채용시,애니메이션,애니메이션,https://file.gamejob.co.kr/net/Corp/CoImage/LogoView?FN=2026\5\GJ_CoLogo_48659344.png?639178987540000000,황석윤,2025년,Project Rabbit,
283891,[스팀/모바일] SF 서브컬처 프로젝트 원화가,팀써니트,37080291,신입,학력무관,정규직,채용시,원화,원화;애니메이션;이펙트·FX,https://file.gamejob.co.kr/net/Corp/CoImage/LogoView?FN=2024\11\GJ_CoLogo_37080291.png?639096129740000000,김준형,2019년,"블레이드 어썰트, Dragon is Dead",
283034,[신규 서브컬쳐 캐릭터 컬랙션 RPG] 스파인 애니메이터,링게임즈,31662837,경력무관,학력무관,정규직,채용시,애니메이션,애니메이션,https://file.gamejob.co.kr/net/Corp/CoImage/LogoView?FN=2020\6\GJ_CoLogo_31662837.jpg?639021926190000000,윤주호 안진홍,2019년,-,
283415,[경남 사천 근무/방산 분야] 3D 콘텐츠 개발자 채용공고,솔트웍스,50502273,경력무관,,계약직,08/03(월),모델링,모델링;애니메이션,https://file.gamejob.co.kr/net/Corp/CoImage/LogoView?FN=2026\2\GJ_CoLogo_50502273.png?639086483920000000,김대홍,2025년,-,
284036,[위메이드플레이] 글로벌향 머지게임 시스템 기획자 모집,㈜위메이드플레이,11533291,경력5년↑ ,학력무관,정규직,채용시,게임기획,게임기획,https://file.gamejob.co.kr/net/Corp/CoImage/LogoView?FN=2022\4\GJ_CoLogo_11533291.png?639209410440000000,우상준,2009년,"애니팡 시리즈, 디즈니 팝 타운, 위 베어 베어스 더 퍼즐",
284035,[(주)갈라랩/판교] 온라인/모바일게임 글로벌서비스 PM 모집,㈜갈라랩,11526287,경력무관,학력무관,정규직,채용시,게임운영,게임운영;사업기획(해외);전략기획;해외 마케팅;프로모션,https://file.gamejob.co.kr/net/Corp/CoImage/LogoView?FN=2024\2\GJ_CoLogo_11526287.jpg?639173804210000000,김현수,2002년,"Flyff, 라펠즈, 프리프 레거시",
284010,[Team Tetrapod] 스테퍼 시리즈 글로벌 PC/콘솔 마케팅 팀원 모집,㈜팀 테트라포드,47792997,경력무관,,계약직,채용시,사업기획(해외),사업기획(해외);전략기획;마케팅;해외 마케팅;해외영업,https://file.gamejob.co.kr/net/Corp/CoImage/LogoView?FN=2026\8\GJ_CoLogo_47792997.png?639231789170000000,이희상,2022년,스테퍼 레트로: 초능력 추리 퀘스트,
284023,[프로젝트 A] 배경 아티스트 모집 (경력),㈜그레이게임즈,43515135,경력3년↑ ,학력무관,정규직,채용시,모델링,모델링,https://file.gamejob.co.kr/net/Corp/CoImage/LogoView?FN=2024\2\GJ_CoLogo_43515135.png?639208547300000000,최병천,2023년,"템빨:오버기어드 , 프로젝트A",
284026,"[Wretched Tales Cinderella]게임 기획자, 2D 디자이너 모집",㈜해온스튜디오,52110553,경력무관,,정규직,채용시,원화,원화;애니메이션;게임기획,https://file.gamejob.co.kr/net/Corp/CoImage/LogoView?FN=2026\7\GJ_CoLogo_52110553.png?639228211430000000,장수필,2026년,"Wretched Tales : Cinderella, PixelBeads",
284027,[호요버스/HoYoverse]보이스 오버 제작 전담 전문가,코그노스피어코리아,38392363,경력무관,,정규직,채용시,사운드 제작,사운드 제작;번역,https://file.gamejob.co.kr/net/Corp/CoImage/LogoView?FN=2022\9\GJ_CoLogo_38392363.png?639084126640000000,HUANG LAN,2022년,"원신, ,붕괴 스타레일, 젠레스 존 제로, 미해결사건부, 붕괴3rd",
282236,[호요버스/HoYoverse] 브랜드마케팅 경력직,코그노스피어코리아,38392363,경력3년↑ ,,정규직,채용시,마케팅,마케팅;홍보;퍼블리싱,https://file.gamejob.co.kr/net/Corp/CoImage/LogoView?FN=2022\9\GJ_CoLogo_38392363.png?639084126640000000,HUANG LAN,2022년,"원신, ,붕괴 스타레일, 젠레스 존 제로, 미해결사건부, 붕괴3rd",
283582,[26년 3분기] 글로벌 게임 서비스 기획 및 PM 담당 (경력),㈜한컴,52192179,경력6년↑ ,,정규직,채용시,게임기획,게임기획,https://file.gamejob.co.kr/net/Corp/CoImage/LogoView?FN=2026\8\GJ_CoLogo_52192179.png?639228351920000000,변성준/김연수,1991년,-,
283041,[클로저스] 시나리오 라이터 모집,㈜나딕게임즈,11989853,경력무관,학력무관,정규직,채용시,게임기획,게임기획,https://file.gamejob.co.kr/net/Corp/CoImage/LogoView?FN=2012\2\GJ_Co_naddic.jpg?639126267190000000,이선주,2012년,"클로저스, 중년기사김봉식",
282647,모바일 캐주얼게임 기획 모집.,네오제이피엘,43925092,경력무관,,정규직,채용시,게임기획,게임기획,,이창섭,2024년,-,
283668,모바일 캐주얼 게임 3D 배경 모델러 모집,네오제이피엘,43925092,경력무관,학력무관,계약직,채용시,모델링,모델링,,이창섭,2024년,-,
284019,하이브리드 게임 3D 디자이너 채용,㈜넵튠,13293190,경력3년↑ ,학력무관,정규직,채용시,모델링,모델링;애니메이션;이펙트·FX,https://file.gamejob.co.kr/net/Corp/CoImage/LogoView?FN=2024\9\GJ_CoLogo_13293190.png?639227409500000000,강율빈,2015년,"고양이 오피스, 고양이 스낵바, 무한의계단, 이터널리턴, 드드드드릴, 기어트럭, 럭키히어로",
284018,미드코어사업실 마케터 채용(7년 이상 12년 이하),㈜넵튠,13293190,경력7년↑ ,학력무관,정규직,채용시,마케팅,마케팅;홍보;프로모션;광고기획,https://file.gamejob.co.kr/net/Corp/CoImage/LogoView?FN=2024\9\GJ_CoLogo_13293190.png?639227409500000000,강율빈,2015년,"고양이 오피스, 고양이 스낵바, 무한의계단, 이터널리턴, 드드드드릴, 기어트럭, 럭키히어로",
284017,미드코어사업실 마케터 채용(3년 이상 7년 이하),㈜넵튠,13293190,경력3년↑ ,학력무관,정규직,채용시,마케팅,마케팅;홍보;프로모션;광고기획,https://file.gamejob.co.kr/net/Corp/CoImage/LogoView?FN=2024\9\GJ_CoLogo_13293190.png?639227409500000000,강율빈,2015년,"고양이 오피스, 고양이 스낵바, 무한의계단, 이터널리턴, 드드드드릴, 기어트럭, 럭키히어로",
284015,H5개발팀 클라이언트 개발자 채용,㈜넵튠,13293190,경력무관,학력무관,계약직,채용시,게임개발(클라이언트),게임개발(클라이언트),https://file.gamejob.co.kr/net/Corp/CoImage/LogoView?FN=2024\9\GJ_CoLogo_13293190.png?639227409500000000,강율빈,2015년,"고양이 오피스, 고양이 스낵바, 무한의계단, 이터널리턴, 드드드드릴, 기어트럭, 럭키히어로",
282820,[넷마블몬스터] 몬길 STAR DIVE 게임디자인 (레벨/몬스터전투/시나리오),넷마블몬스터,11526277,경력무관,학력무관,정규직,채용시,게임개발(모바일),게임개발(모바일);게임기획,https://file.gamejob.co.kr/net/Corp/CoImage/LogoView?FN=2021\6\GJ_CoLogo_11526277.png?638998447210000000,김건,2000년,마블퓨처파이트/몬스터길들이기/레이븐/레이븐2 外,
284004,리드 게임 디자이너 (5년 이상),카드몬스터,45960378,경력5년↑ ,,정규직,채용시,게임기획,게임기획,https://file.gamejob.co.kr/net/Corp/CoImage/LogoView?FN=2026\8\GJ_CoLogo_45960378.png?639228277100000000,손수현,2023년,-,
282698,[무브인터렉티브] QA팀 신입/경력 채용,(주)무브인터렉티브,11525759,신입,,정규직,07/14(화),게임운영,게임운영;QA·테스터,https://file.gamejob.co.kr/net/Corp/CoImage/LogoView?FN=2022\4\GJ_CoLogo_11525759.png?639202730720000000,김동성,2002년,"디지몬슈퍼럼블, 디지몬마스터즈, 디지몬RPG, 베어브릭히어로즈",
283678,[무브인터렉티브] 3D 애니메이터 경력자(파트장) 채용,(주)무브인터렉티브,11525759,경력5년↑ ,,정규직,08/10(월),애니메이션,애니메이션,https://file.gamejob.co.kr/net/Corp/CoImage/LogoView?FN=2022\4\GJ_CoLogo_11525759.png?639202730720000000,김동성,2002년,"디지몬슈퍼럼블, 디지몬마스터즈, 디지몬RPG, 베어브릭히어로즈",
283990,퍼포먼스 마케팅 담당자(경력),㈜더블유게임즈,12654065,경력2년↑ ,학력무관,정규직,채용시,게임운영,게임운영;전략기획;마케팅;해외 마케팅;프로모션,https://file.gamejob.co.kr/net/Corp/CoImage/LogoView?FN=2014\12\GJ_Co_afewgood1.jpg?638630558400000000,김가람,2012년,"DoubleUCasino, Take 5, DoubleU Bingo",
283991,[라스트오리진2] 배경 원화가,㈜엔에이케이소프트,41427038,경력무관,학력무관,정규직,채용시,원화,원화,https://file.gamejob.co.kr/net/Corp/CoImage/LogoView?FN=2025\3\GJ_CoLogo_41427038.png?639221336990000000,방유식,2023년,-,
283950,[소울워커-유니티] 시스템 기획자 ( 5년 이상 ),㈜엔에이케이소프트,41427038,경력5년↑ ,학력무관,정규직,채용시,게임기획,게임기획,https://file.gamejob.co.kr/net/Corp/CoImage/LogoView?FN=2025\3\GJ_CoLogo_41427038.png?639221336990000000,방유식,2023년,-,
283979,[NC-퍼스트스파크게임즈][프로젝트 SC] 배경 PCG Technical Artist 모집,㈜퍼스트스파크게임즈,47616029,경력5년↑ ,학력무관,정규직,~09/30,애니메이션,애니메이션;이펙트·FX,https://file.gamejob.co.kr/net/Corp/CoImage/LogoView?FN=2025\5\GJ_CoLogo_47616029.png?638999364520000000,최문영,2025년,THRONE AND LIBERTY,
283981,[비트망고] 모바일 퍼즐게임 사업PM 사무보조,㈜비트망고,11534458,경력무관,학력무관,아르바이트,채용시,사업기획(해외),사업기획(해외);전략기획;정보·빅데이터 분석;마케팅;프로모션,https://file.gamejob.co.kr/net/Corp/CoImage/LogoView?FN=2022\3\GJ_CoLogo_11534458.jpg?639176602630000000,이기섭,2011년,"Roll the Ball, Word Cookies, Sweet Pop, Bubble Pop",
283511,[비트망고] 모바일 퍼즐게임 마케팅 사무보조,㈜비트망고,11534458,경력무관,학력무관,아르바이트,채용시,사업기획(해외),사업기획(해외);전략기획;정보·빅데이터 분석;마케팅;프로모션,https://file.gamejob.co.kr/net/Corp/CoImage/LogoView?FN=2022\3\GJ_CoLogo_11534458.jpg?639176602630000000,이기섭,2011년,"Roll the Ball, Word Cookies, Sweet Pop, Bubble Pop",
282675,Real VR Fishing 아트 팀장 (Art Director / Lead Artist),㈜데브즈유나이티드게임즈,37993507,경력8년↑ ,학력무관,정규직,채용시,인터페이스 디자인,인터페이스 디자인;원화;모델링;애니메이션;이펙트·FX,https://file.gamejob.co.kr/net/Corp/CoImage/LogoView?FN=2023\6\GJ_CoLogo_37993507.jpeg?639105712820000000,최민경,2016년,Real VR Fishing,
283258,[Project IL]캐릭터 모델러 모집,스튜디오라사㈜,48744104,경력무관,학력무관,정규직,채용시,모델링,모델링,https://file.gamejob.co.kr/net/Corp/CoImage/LogoView?FN=2025\9\GJ_CoLogo_48744104.jpg?639156732400000000,노창규,2025년,-,
283714,[펀치라인게임즈] UA 퍼포먼스 마케터를 찾습니다.,㈜펀치라인게임즈,49519308,경력2년↑ ,학력무관,정규직,채용시,마케팅,마케팅;해외 마케팅;프로모션;광고기획;퍼블리싱,https://file.gamejob.co.kr/net/Corp/CoImage/LogoView?FN=2026\4\GJ_CoLogo_49519308.png?639144457450000000,이윤재,2025년,"나 혼자 만렙 키우기, 응발로 키우기",
283954,[드래곤소드] 인게임 애니메이터 모집,㈜하운드13,17033644,경력3년↑ ,학력무관,정규직,채용시,애니메이션,애니메이션;이펙트·FX,https://file.gamejob.co.kr/net/Corp/CoImage/LogoView?FN=2015\7\GJ_Co_hound13.gif?639221519570000000,박정식,2014년,"헌드레드 소울(HUNDRED SOUL), DragonSword : Awakening",
282237,"[네이버웹툰] 호랑이형님 / 캐릭터 원화, 스파인, 배경 원화가 모집",다야몬즈㈜,26392535,경력무관,학력무관,정규직,채용시,게임개발(모바일),게임개발(모바일);원화;애니메이션,https://file.gamejob.co.kr/net/Corp/CoImage/LogoView?FN=2021\8\GJ_CoLogo_26392535.png?638519771870000000,김동균,2017년,하이큐: 터치 더 드림,
283952,[SBS아카데미게임학원 대전점]교육부 게임기획 강사 채용,㈜에스씨에이게임대전,22675361,경력무관,학력무관,프리랜서,채용시,게임기획,게임기획;강사,https://file.gamejob.co.kr/net/Corp/CoImage/LogoView?FN=2019\10\GJ_CoLogo_22675361.png?638663150660000000,김병주,2017년,-,
281524,[Stand Egg] RPG QA 채용,㈜스탠드에그,36460597,경력무관,학력무관,정규직,채용시,게임운영,게임운영;QA·테스터,https://file.gamejob.co.kr/net/Corp/CoImage/LogoView?FN=2022\11\GJ_CoLogo_36460597.png?639101371820000000,"고영우, 김성균",2021년,"고양이 정원, 천마 키우기, 고양이 카페",
281614,[Stand Egg] 잠룡 RPG 기획자 채용,㈜스탠드에그,36460597,경력무관,학력무관,정규직,채용시,게임기획,게임기획,https://file.gamejob.co.kr/net/Corp/CoImage/LogoView?FN=2022\11\GJ_CoLogo_36460597.png?639101371820000000,"고영우, 김성균",2021년,"고양이 정원, 천마 키우기, 고양이 카페",
283530,[Stand Egg] 로그라이크 협동 디펜스 기획자 채용,㈜스탠드에그,36460597,경력1년↑ ,학력무관,정규직,채용시,게임기획,게임기획,https://file.gamejob.co.kr/net/Corp/CoImage/LogoView?FN=2022\11\GJ_CoLogo_36460597.png?639101371820000000,"고영우, 김성균",2021년,"고양이 정원, 천마 키우기, 고양이 카페",
283951,노무담당자 영입,㈜카카오게임즈,18234272,경력7년↑ ,학력무관,정규직,~09/06,인사,인사,https://file.gamejob.co.kr/net/Corp/CoImage/LogoView?FN=2025\3\GJ_CoLogo_18234272.png?639035553090000000,한상우,2013년,"달빛조각사, 프린세스커넥트, 가디언테일즈, 엘리온 등",
283948,"(주)레드벅스튜디오 3D디자이너(캐릭터, 배경) 정규직 모집공고",㈜레드벅스튜디오,14020822,경력무관,학력무관,정규직,~09/18,모델링,모델링,https://file.gamejob.co.kr/net/Corp/CoImage/LogoView?FN=2026\1\GJ_CoLogo_14020822.png?639032124740000000,황상준,2013년,"국내외 메이저 업체(게임개발사 포함)와 협업 콘텐츠 제작, 개발",
283949,"(주)레드벅스튜디오 3D디자이너(계약직, 프리랜서) 모집공고",㈜레드벅스튜디오,14020822,경력무관,학력무관,계약직,~09/18,모델링,모델링,https://file.gamejob.co.kr/net/Corp/CoImage/LogoView?FN=2026\1\GJ_CoLogo_14020822.png?639032124740000000,황상준,2013년,"국내외 메이저 업체(게임개발사 포함)와 협업 콘텐츠 제작, 개발",
283940,[VOID DIVER] QA,㈜로드컴플릿,11533136,경력3년↑ ,학력무관,정규직,채용시,QA·테스터,QA·테스터,https://file.gamejob.co.kr/net/Corp/CoImage/LogoView?FN=2021\3\GJ_CoLogo_11533136.jpg?639202516320000000,배수정,2009년,"보이드 다이버(개발중), 레전드 오브 슬라임, 체인소 주스 킹, 크루세이더 퀘스트 등",
283652,[원유니버스] 게임서비스 운영(CS/CM) 담당자(계약직),(주)원유니버스,26070227,경력무관,학력무관,계약직,채용시,게임운영,게임운영,https://file.gamejob.co.kr/net/Corp/CoImage/LogoView?FN=2023\5\GJ_CoLogo_26070227.png?639149607180000000,홍성준,2011년,"모바일게임 프로젝트 샤먼킹, 프로젝트 SF, 프로젝트 DR 등",
283928,[신작MMORPG] 거상M 퀘스트/설정 기획자 모집,㈜캐킷,11534141,경력1년↑ ,학력무관,정규직,채용시,게임기획,게임기획,https://file.gamejob.co.kr/net/Corp/CoImage/LogoView?FN=2022\5\GJ_CoLogo_11534141.png?638913031790000000,"서흥석, 강보선",2011년,"천하제일상 거상모바일, 럽플레이스, 클럽오디션",
283927,[STEAM] SF 서브컬처 프로젝트 - 스파인 애니메이터,팀써니트,37080291,경력무관,학력무관,정규직,채용시,애니메이션,애니메이션,https://file.gamejob.co.kr/net/Corp/CoImage/LogoView?FN=2024\11\GJ_CoLogo_37080291.png?639096129740000000,김준형,2019년,"블레이드 어썰트, Dragon is Dead",
283907,"[유니티,스파인] 2D 애니메이터 모집",위디,48600636,경력무관,학력무관,정규직,채용시,애니메이션,애니메이션,https://file.gamejob.co.kr/net/Corp/CoImage/LogoView?FN=2025\8\GJ_CoLogo_48600636.jpg?639226535590000000,홍성우,2025년,-,
283923,[SBS아카데미게임학원 대전점]교육부 웹툰(핸드드로잉) 강사 채용,㈜에스씨에이게임대전,22675361,경력무관,학력무관,프리랜서,채용시,강사,강사,https://file.gamejob.co.kr/net/Corp/CoImage/LogoView?FN=2019\10\GJ_CoLogo_22675361.png?638663150660000000,김병주,2017년,-,
283922,굿즈 상품 기획,엘리멘타코리아㈜,48781187,경력3년↑ ,,정규직,08/18(화),프로모션,프로모션,https://file.gamejob.co.kr/net/Corp/CoImage/LogoView?FN=2025\8\GJ_CoLogo_48781187.png?639114337370000000,이재현,2023년,"실버 팰리스, 앙상블 스타즈, V Project, Babytopia, ANIPOP 등",
283921,이커머스 운영,엘리멘타코리아㈜,48781187,경력3년↑ ,,정규직,08/18(화),마케팅,마케팅,https://file.gamejob.co.kr/net/Corp/CoImage/LogoView?FN=2025\8\GJ_CoLogo_48781187.png?639114337370000000,이재현,2023년,"실버 팰리스, 앙상블 스타즈, V Project, Babytopia, ANIPOP 등",
283920,IP 파생상품(굿즈) 마케팅,엘리멘타코리아㈜,48781187,경력3년↑ ,,정규직,08/18(화),마케팅,마케팅,https://file.gamejob.co.kr/net/Corp/CoImage/LogoView?FN=2025\8\GJ_CoLogo_48781187.png?639114337370000000,이재현,2023년,"실버 팰리스, 앙상블 스타즈, V Project, Babytopia, ANIPOP 등",
283919,굿즈(캐릭터 상품) 디자이너,엘리멘타코리아㈜,48781187,경력3년↑ ,,정규직,08/18(화),홍보,홍보;프로모션,https://file.gamejob.co.kr/net/Corp/CoImage/LogoView?FN=2025\8\GJ_CoLogo_48781187.png?639114337370000000,이재현,2023년,"실버 팰리스, 앙상블 스타즈, V Project, Babytopia, ANIPOP 등",
283803,[넷마블에프앤씨] 프로젝트C외전(메트로배니아) 애니메이션 담당 모집,넷마블에프앤씨㈜,33892496,경력5년↑ ,학력무관,정규직,채용시,애니메이션,애니메이션,https://file.gamejob.co.kr/net/Corp/CoImage/LogoView?FN=2021\2\GJ_CoLogo_33892496.png?639222288920000000,구도형,2014년,"일곱 개의 대죄, 블레이드앤소울 레볼루션 외 신규 프로젝트 다수",
283805,[넷마블에프앤씨] 프로젝트C외전(메트로배니아) 배경원화 담당 모집,넷마블에프앤씨㈜,33892496,경력5년↑ ,학력무관,정규직,채용시,원화,원화,https://file.gamejob.co.kr/net/Corp/CoImage/LogoView?FN=2021\2\GJ_CoLogo_33892496.png?639222288920000000,구도형,2014년,"일곱 개의 대죄, 블레이드앤소울 레볼루션 외 신규 프로젝트 다수",
283804,[넷마블에프앤씨] 일곱 개의 대죄 오리진 애니메이션 담당 모집,넷마블에프앤씨㈜,33892496,경력2년↑ ,학력무관,정규직,채용시,애니메이션,애니메이션,https://file.gamejob.co.kr/net/Corp/CoImage/LogoView?FN=2021\2\GJ_CoLogo_33892496.png?639222288920000000,구도형,2014년,"일곱 개의 대죄, 블레이드앤소울 레볼루션 외 신규 프로젝트 다수",
283915,[부산] 게임 기획자 모집,마상소프트,11527360,경력무관,학력무관,계약직,08/18(화),게임기획,게임기획,https://file.gamejob.co.kr/net/Corp/CoImage/LogoView?FN=2016\10\GJ_Co_masangsoft.jpg?638366909260000000,강삼석,2004년,"DK온라인, 에이스온라인, 출조낚시왕, 건즈, 건즈2, 프리스톤테일, 스키드러쉬, 라그하임",
283914,[부산] 게임 UI/UX 아티스트,마상소프트,11527360,경력무관,학력무관,계약직,08/18(화),인터페이스 디자인,인터페이스 디자인,https://file.gamejob.co.kr/net/Corp/CoImage/LogoView?FN=2016\10\GJ_Co_masangsoft.jpg?638366909260000000,강삼석,2004년,"DK온라인, 에이스온라인, 출조낚시왕, 건즈, 건즈2, 프리스톤테일, 스키드러쉬, 라그하임",
283913,[부산] 게임 3D배경 아티스트,마상소프트,11527360,경력무관,학력무관,계약직,08/18(화),애니메이션,애니메이션,https://file.gamejob.co.kr/net/Corp/CoImage/LogoView?FN=2016\10\GJ_Co_masangsoft.jpg?638366909260000000,강삼석,2004년,"DK온라인, 에이스온라인, 출조낚시왕, 건즈, 건즈2, 프리스톤테일, 스키드러쉬, 라그하임",
283912,[부산] 온라인 게임개발자 전분야 모집,마상소프트,11527360,경력무관,학력무관,계약직,08/18(화),인터페이스 디자인,인터페이스 디자인;원화;모델링;애니메이션;이펙트·FX,https://file.gamejob.co.kr/net/Corp/CoImage/LogoView?FN=2016\10\GJ_Co_masangsoft.jpg?638366909260000000,강삼석,2004년,"DK온라인, 에이스온라인, 출조낚시왕, 건즈, 건즈2, 프리스톤테일, 스키드러쉬, 라그하임",
283911,[부산] 게임 마케팅/사업PM/글로벌GM(외국어가능),마상소프트,11527360,경력무관,학력무관,계약직,08/18(화),인터페이스 디자인,인터페이스 디자인;원화;모델링;애니메이션;이펙트·FX,https://file.gamejob.co.kr/net/Corp/CoImage/LogoView?FN=2016\10\GJ_Co_masangsoft.jpg?638366909260000000,강삼석,2004년,"DK온라인, 에이스온라인, 출조낚시왕, 건즈, 건즈2, 프리스톤테일, 스키드러쉬, 라그하임",
283906,[SBS아카데미게임] 부산점 # 게임원화(2D) 강사 채용,에스씨에이게임부산,32701342,경력1년↑ ,학력무관,프리랜서,08/18(화),원화,원화,https://file.gamejob.co.kr/net/Corp/CoImage/LogoView?FN=2024\3\GJ_CoLogo_32701342.png?638854211250000000,오상민,2014년,-,
283901,스포츠 게임(모바일) UI 디자이너 모집,㈜라운드원스튜디오,36795968,경력2년↑ ,학력무관,정규직,채용시,인터페이스 디자인,인터페이스 디자인,https://file.gamejob.co.kr/net/Corp/CoImage/LogoView?FN=2022\4\GJ_CoLogo_36795968.png?637904788860000000,이건희,2022년,-,
281439,[에임드] UA AI 영상 디자이너 (게임 광고),㈜에임드,43644904,경력무관,학력무관,정규직,채용시,영상제작·편집,영상제작·편집;마케팅;홍보;해외 마케팅;광고기획,https://file.gamejob.co.kr/net/Corp/CoImage/LogoView?FN=2024\6\GJ_CoLogo_43644904.png?639034904430000000,임형철,2011년,-,
282715,[에임드] UA 크리에이티브 디자이너 (신입),㈜에임드,43644904,신입,학력무관,정규직,채용시,영상제작·편집,영상제작·편집;마케팅;홍보;해외 마케팅;광고기획,https://file.gamejob.co.kr/net/Corp/CoImage/LogoView?FN=2024\6\GJ_CoLogo_43644904.png?639034904430000000,임형철,2011년,-,
283724,[에임드] UA 크리에이티브 디자이너,㈜에임드,43644904,경력2년↑ ,학력무관,정규직,채용시,영상제작·편집,영상제작·편집;마케팅;홍보;해외 마케팅;광고기획,https://file.gamejob.co.kr/net/Corp/CoImage/LogoView?FN=2024\6\GJ_CoLogo_43644904.png?639034904430000000,임형철,2011년,-,
283096,경제 밸런스 기획자 채용 - 모바일 RTS/SLG (삼국지 IP),원웨이브게임즈(onewave,45065731,경력2년↑ ,학력무관,정규직,07/25(토),게임기획,게임기획,https://file.gamejob.co.kr/net/Corp/CoImage/LogoView?FN=2025\8\GJ_CoLogo_45065731.png?639122980970000000,서한결,2024년,-,
283480,엑스온스튜디오 VAD Technical Artist (TA) 경력직 채용 (계약직),엑스온스튜디오,51879525,경력2년↑ ,학력무관,계약직,채용시,이펙트·FX,이펙트·FX;영상제작·편집;엔진,https://file.gamejob.co.kr/net/Corp/CoImage/LogoView?FN=2026\7\GJ_CoLogo_51879525.PNG?639186945140000000,장원익,2020년,-,
283479,엑스온스튜디오 VAD 3D Environment Artist 경력직 채용 (계약직),엑스온스튜디오,51879525,경력2년↑ ,학력무관,계약직,채용시,모델링,모델링;영상제작·편집,https://file.gamejob.co.kr/net/Corp/CoImage/LogoView?FN=2026\7\GJ_CoLogo_51879525.PNG?639186945140000000,장원익,2020년,-,
283836,모바일 게임 콘텐츠 마케터 채용,콘센트에듀,52194461,경력무관,,계약직,채용시,마케팅,마케팅;홍보;프로모션;광고기획,https://file.gamejob.co.kr/net/Corp/CoImage/LogoView?FN=2026\8\GJ_CoLogo_52194461.png?639220658170000000,주동욱,-,-,
282684,[3D 아바타테크 스타트업] 3D 리깅 및 대응 아티스트(신입/경력) - 서브컬처,프롬서울,46185001,신입,학력무관,정규직,~09/14,모델링,모델링;애니메이션,https://file.gamejob.co.kr/net/Corp/CoImage/LogoView?FN=2024\12\GJ_CoLogo_46185001.png?639146977280000000,최현세,2022년,-,
283888,[훈썸] 영상 모자이크 편집자 모집,아이즈피스트,51259931,경력무관,학력무관,정규직,08/15(토),영상제작·편집,영상제작·편집,,홍석인,-,-,
283885,[경력] 게임 그래픽 디자이너 채용 공고,㈜엑소게임즈,17482401,경력3년↑ ,,정규직,~09/14,인터페이스 디자인,인터페이스 디자인;원화;애니메이션;이펙트·FX,https://file.gamejob.co.kr/net/Corp/CoImage/LogoView?FN=2016\3\GJ_Co_xogames.gif?639214656850000000,염의준,2016년,"파파딜로 고!, 스퀴드워, 우리집에 곰이 돌아왔다!",
283884,[경력] 캐주얼 게임 기획자,㈜엑소게임즈,17482401,경력3년↑ ,,계약직,~09/14,게임기획,게임기획,https://file.gamejob.co.kr/net/Corp/CoImage/LogoView?FN=2016\3\GJ_Co_xogames.gif?639214656850000000,염의준,2016년,"파파딜로 고!, 스퀴드워, 우리집에 곰이 돌아왔다!",
282930,[경력] 개발 PM 채용 (영어 가능자 우대),㈜엑소게임즈,17482401,경력3년↑ ,,계약직,~09/21,게임기획,게임기획;게임운영;QA·테스터;해외 마케팅;소싱/라이선싱,https://file.gamejob.co.kr/net/Corp/CoImage/LogoView?FN=2016\3\GJ_Co_xogames.gif?639214656850000000,염의준,2016년,"파파딜로 고!, 스퀴드워, 우리집에 곰이 돌아왔다!",
283882,[JOFSOFT] Engine Programmer (10년 이상),조프소프트,50279419,경력10년↑ ,학력무관,정규직,채용시,게임개발(클라이언트),게임개발(클라이언트);엔진,https://file.gamejob.co.kr/net/Corp/CoImage/LogoView?FN=2026\8\GJ_CoLogo_50279419.jpg?639223274010000000,김정호,2018년,-,
282080,[주사위의 신 신작] 3D 캐릭터 모델러 채용,트랄라랩,42578192,경력무관,학력무관,정규직,채용시,모델링,모델링,https://file.gamejob.co.kr/net/Corp/CoImage/LogoView?FN=2024\9\GJ_CoLogo_42578192.png?638945967230000000,지승범,2023년,-,
283877,[NC 77ST] [MDR] 애니메이터 모집,㈜세븐티세븐스트리트게임즈,47203766,경력2년↑ ,학력무관,정규직,채용시,애니메이션,애니메이션,,백승욱,2025년,-,
283858,3D/2D 콘텐츠 제작 보조 인턴,㈜행복한다람쥐단,32318163,경력무관,학력무관,인턴직,~09/14,모델링,모델링;애니메이션,https://file.gamejob.co.kr/net/Corp/CoImage/LogoView?FN=2020\9\GJ_CoLogo_32318163.jpg?639223211980000000,이현정,2020년,조선메타실록,
283860,[신입] 게임 광고 디자이너 & 웹디자이너 모집,히든몬스터,32698738,신입,학력무관,정규직,~09/14,인터페이스 디자인,인터페이스 디자인;BX·브랜드 디자인;마케팅;홍보;프로모션,https://file.gamejob.co.kr/net/Corp/CoImage/LogoView?FN=2024\4\GJ_CoLogo_32698738.jpg?639112456810000000,김대영,2020년,-,
283857,사업 PM (Business Product Manager) 채용,오버더핸드,38579815,경력3년↑ ,학력무관,정규직,채용시,사업기획(국내),사업기획(국내);사업기획(해외);전략기획;사업관리;정보·빅데이터 분석,https://file.gamejob.co.kr/net/Corp/CoImage/LogoView?FN=2022\10\GJ_CoLogo_38579815.png?639208541670000000,이규승,2021년,-,
283855,[블루솜]게임 인터페이스 UX UI 채용,㈜블루솜,11530306,경력무관,학력무관,정규직,~10/14,인터페이스 디자인,인터페이스 디자인,https://file.gamejob.co.kr/net/Corp/CoImage/LogoView?FN=2020\3\GJ_CoLogo_11530306.png?638411130900000000,송호진,2005년,강남상어 키우기,
283625,[아우터플레인] 콘티 담당자,㈜메이저세븐,52171726,경력3년↑ ,학력무관,정규직,08/07(금),게임개발(모바일),게임개발(모바일);애니메이션;이펙트·FX,,김상하,2026년,아우터플레인,
283852,SBS아카데미게임학원 (울산지점) 게임원화 강사 채용 - 많은 지원 바랍니다.,에스씨에이게임울산,51203404,경력무관,,정규직,채용시,인터페이스 디자인,인터페이스 디자인;원화;강사,,강경훈,-,-,
283853,SBS아카데미게임학원 (울산지점) 3D모델러 강사 채용 - 많은 지원 바랍니다.,에스씨에이게임울산,51203404,경력무관,,정규직,채용시,모델링,모델링;강사,,강경훈,-,-,
283236,[원컴즈] 갓오브하이스쿨 이펙터 채용,원컴즈,26465521,경력무관,학력무관,정규직,채용시,이펙트·FX,이펙트·FX,https://file.gamejob.co.kr/net/Corp/CoImage/LogoView?FN=2021\5\GJ_CoLogo_26465521.png?638604614510000000,"원종화, 안대현",2015년,"갓오브하이스쿨, 밀키웨이퀘스트",
283851,[프로젝트A] 시스템 기획자 모집,라온엔터테인먼트,11526989,경력무관,학력무관,계약직,채용시,게임기획,게임기획,https://file.gamejob.co.kr/net/Corp/CoImage/LogoView?FN=2024\6\GJ_CoLogo_11526989.png?638652014000000000,박재숙,2000년,"테일즈런너, 고스트 워, 테일즈런너 RPG",
281751,[메가존] 라그나로크 MMORPG UI/UX 디자이너,메가존,30827613,경력무관,학력무관,정규직,06/22(월),인터페이스 디자인,인터페이스 디자인;플랫폼 디자인,https://file.gamejob.co.kr/net/Corp/CoImage/LogoView?FN=2020\10\GJ_CoLogo_30827613.png?639166205540000000,장지황,1998년,-,
281752,[메가존] 라그나로크 MMORPG 3D 캐릭터 모델러,메가존,30827613,경력2년↑ ,학력무관,정규직,06/22(월),모델링,모델링,https://file.gamejob.co.kr/net/Corp/CoImage/LogoView?FN=2020\10\GJ_CoLogo_30827613.png?639166205540000000,장지황,1998년,-,
283808,[SCON] 버추얼 캐릭터 솔루션 유니티 개발자 (신입),스콘,34012768,신입,학력무관,정규직,채용시,게임개발(클라이언트),게임개발(클라이언트);게임AI 개발,https://file.gamejob.co.kr/net/Corp/CoImage/LogoView?FN=2021\3\GJ_CoLogo_34012768.jpg?639106445030000000,기준수,2018년,미츄 meechu,
283802,[신작MMORPG] 거상M 캐릭터 2D Spine 애니메이터 모집 (계약직),㈜캐킷,11534141,경력2년↑ ,학력무관,계약직,채용시,원화,원화;애니메이션,https://file.gamejob.co.kr/net/Corp/CoImage/LogoView?FN=2022\5\GJ_CoLogo_11534141.png?638913031790000000,"서흥석, 강보선",2011년,"천하제일상 거상모바일, 럽플레이스, 클럽오디션",
283775,[채용] (주)바오밥랩 - 주니어 AX 엔지니어 (LLM 기반 게임 현지화 플랫폼),바오밥랩,38509979,경력무관,,정규직,~09/30,게임운영,게임운영;사업기획(국내);전략기획;사업관리;정보·빅데이터 분석,https://file.gamejob.co.kr/net/Corp/CoImage/LogoView?FN=2023\4\GJ_CoLogo_38509979.png?638629664160000000,박용덕,2020년,-,
283785,제너널 아티스트 구인,㈜슈퍼플래닛,19079176,경력3년↑ ,학력무관,정규직,~10/12,인터페이스 디자인,인터페이스 디자인;원화;애니메이션;이펙트·FX,https://file.gamejob.co.kr/net/Corp/CoImage/LogoView?FN=2016\9\GJ_Co_superplanet.jpg?639117793680000000,박성은,2012년,전자오락수호대 with NAVER WEBTOON,
283760,웹게임 풀스택 엔지니어,코스모스게이밍코리아,51756296,경력4년↑ ,학력무관,정규직,08/12(수),게임개발(클라이언트),게임개발(클라이언트);서버,https://file.gamejob.co.kr/net/Corp/CoImage/LogoView?FN=2026\7\GJ_CoLogo_51756296.png?639185942850000000,박찬훈,-,-,
283752,[퍼즐원스튜디오] 모바일캐주얼 퍼즐게임 시스템기획자 (정규직),퍼즐원스튜디오,27469986,신입,학력무관,정규직,채용시,게임개발(모바일),게임개발(모바일);게임기획,https://file.gamejob.co.kr/net/Corp/CoImage/LogoView?FN=2022\3\GJ_CoLogo_27469986.png?639176603650000000,이기섭,2019년,"Word Cookies!, Jewels Magic, Bubble Pop Origin",
283509,[호요버스/HoYoverse] 브랜드 마케팅 신입 (오프라인 이벤트 및 굿즈 방향),코그노스피어코리아,38392363,신입,,정규직,채용시,마케팅,마케팅;홍보;해외 마케팅;프로모션,https://file.gamejob.co.kr/net/Corp/CoImage/LogoView?FN=2022\9\GJ_CoLogo_38392363.png?639084126640000000,HUANG LAN,2022년,"원신, ,붕괴 스타레일, 젠레스 존 제로, 미해결사건부, 붕괴3rd",
283746,3D 캐릭터 애니메이터 (계약직 5개월),일루니,25672236,신입,학력무관,계약직,~09/12,애니메이션,애니메이션,https://file.gamejob.co.kr/net/Corp/CoImage/LogoView?FN=2024\5\GJ_CoLogo_25672236.png?639221305190000000,박병화,2018년,StorySelf / Moii / MoiiMe,
283744,(주)아캐인과 함께 AI로 영상 콘텐츠를 만들어갈 분을 찾고 있어요,아캐인,51267366,경력무관,학력무관,정규직,채용시,영상제작·편집,영상제작·편집,,정의석,2024년,-,
283742,[라온엔터테인먼트] AI 통한 게임 기획자 모집,라온엔터테인먼트,11526989,경력무관,학력무관,계약직,채용시,게임AI 개발,게임AI 개발;게임기획,https://file.gamejob.co.kr/net/Corp/CoImage/LogoView?FN=2024\6\GJ_CoLogo_11526989.png?638652014000000000,박재숙,2000년,"테일즈런너, 고스트 워, 테일즈런너 RPG",
283539,[라온엔터테인먼트] AI 통한 게임 개발자 모집,라온엔터테인먼트,11526989,경력무관,학력무관,계약직,채용시,게임개발(클라이언트),게임개발(클라이언트);게임개발(모바일);게임AI 개발,https://file.gamejob.co.kr/net/Corp/CoImage/LogoView?FN=2024\6\GJ_CoLogo_11526989.png?638652014000000000,박재숙,2000년,"테일즈런너, 고스트 워, 테일즈런너 RPG",
283734,[Project Rabbit] 클라이언트 프로그래머 (전투담당),노바플레어,48659344,경력5년↑ ,학력무관,정규직,채용시,게임개발(클라이언트),게임개발(클라이언트);게임AI 개발,https://file.gamejob.co.kr/net/Corp/CoImage/LogoView?FN=2026\5\GJ_CoLogo_48659344.png?639178987540000000,황석윤,2025년,Project Rabbit,
283728,[FX/연출] 2D/3D 액션 연출 & 이펙터 모집 [일본 근무],그레모리 게임즈,44806162,경력5년↑ ,학력무관,정규직,채용시,이펙트·FX,이펙트·FX,https://file.gamejob.co.kr/net/Corp/CoImage/LogoView?FN=2024\8\GJ_CoLogo_44806162.PNG?638586392250000000,주영치,-,-,
283717,스토리/시나리오 기획자 모집,크립텍트,34960030,경력무관,학력무관,정규직,~09/11,게임기획,게임기획,https://file.gamejob.co.kr/net/Corp/CoImage/LogoView?FN=2021\11\GJ_CoLogo_34960030.jpg?638876592890000000,노현서,2018년,이세계 용병단 키우기,
283722,UA 모바일 게임 퍼포먼스 마케터 (시니어),㈜에임드,43644904,경력7년↑ ,학력무관,정규직,채용시,마케팅,마케팅;홍보;해외 마케팅;광고기획,https://file.gamejob.co.kr/net/Corp/CoImage/LogoView?FN=2024\6\GJ_CoLogo_43644904.png?639034904430000000,임형철,2011년,-,
282104,[하이브로]UI/UX 디자이너 채용,㈜하이브로,13624547,경력무관,학력무관,정규직,채용시,게임개발(모바일),게임개발(모바일);인터페이스 디자인,https://file.gamejob.co.kr/net/Corp/CoImage/LogoView?FN=2020\2\GJ_CoLogo_13624547.jpg?639172010890000000,원세연,2009년,"드래곤빌리지, 드래곤빌리지M, 드래곤빌리지 컬렉션",
282537,[Java] 서버 개발자 채용,㈜하이브로,13624547,경력무관,학력무관,정규직,채용시,게임개발(모바일),게임개발(모바일);서버,https://file.gamejob.co.kr/net/Corp/CoImage/LogoView?FN=2020\2\GJ_CoLogo_13624547.jpg?639172010890000000,원세연,2009년,"드래곤빌리지, 드래곤빌리지M, 드래곤빌리지 컬렉션",
283721,UA 모바일 게임 퍼포먼스 마케터(주니어),㈜에임드,43644904,경력1년↑ ,학력무관,정규직,채용시,마케팅,마케팅;홍보;해외 마케팅;광고기획,https://file.gamejob.co.kr/net/Corp/CoImage/LogoView?FN=2024\6\GJ_CoLogo_43644904.png?639034904430000000,임형철,2011년,-,
283720,UA 모바일 게임 퍼포먼스 마케터 (미들),㈜에임드,43644904,경력3년↑ ,학력무관,정규직,채용시,마케팅,마케팅;홍보;해외 마케팅;광고기획,https://file.gamejob.co.kr/net/Corp/CoImage/LogoView?FN=2024\6\GJ_CoLogo_43644904.png?639034904430000000,임형철,2011년,-,
283663,[헥토큐앤엠] RPG 게임QA 담당자 채용 (경력/계약직),㈜헥토큐앤엠,48133794,경력1년↑ ,학력무관,계약직,채용시,게임운영,게임운영;QA·테스터,https://file.gamejob.co.kr/net/Corp/CoImage/LogoView?FN=2025\6\GJ_CoLogo_48133794.png?639088315530000000,박철광,2018년,-,
283711,[NC-퍼스트스파크게임즈][TL] 3D 캐릭터 아티스트 모집,㈜퍼스트스파크게임즈,47616029,경력5년↑ ,학력무관,정규직,~09/30,원화,원화;모델링;애니메이션,https://file.gamejob.co.kr/net/Corp/CoImage/LogoView?FN=2025\5\GJ_CoLogo_47616029.png?638999364520000000,최문영,2025년,THRONE AND LIBERTY,
263628,[GENTLE MONSTER] Unreal Engine 게임 개발자,아이아이컴바인드,38748785,경력3년↑ ,학력무관,인턴직,~10/10,게임개발(모바일),게임개발(모바일);게임AI 개발;인터페이스 디자인;모델링;애니메이션,https://file.gamejob.co.kr/net/Corp/CoImage/LogoView?FN=2026\6\GJ_CoLogo_38748785.png?639159968800000000,김한국,2011년,-,
283690,[GENTLE MONSTER] 3D 프랍 디자이너,아이아이컴바인드,38748785,경력3년↑ ,학력무관,정규직,~10/10,게임AI 개발,게임AI 개발;모델링;애니메이션;이펙트·FX;게임기획,https://file.gamejob.co.kr/net/Corp/CoImage/LogoView?FN=2026\6\GJ_CoLogo_38748785.png?639159968800000000,김한국,2011년,-,
283700,"(주)레드벅스튜디오 애니메이터(블랜더, Blender) 프리랜서 모집공고",㈜레드벅스튜디오,14020822,경력무관,학력무관,프리랜서,~09/11,애니메이션,애니메이션;영상제작·편집,https://file.gamejob.co.kr/net/Corp/CoImage/LogoView?FN=2026\1\GJ_CoLogo_14020822.png?639032124740000000,황상준,2013년,"국내외 메이저 업체(게임개발사 포함)와 협업 콘텐츠 제작, 개발",
283692,[페퍼게임즈] 기획자 모집,주식회사 페퍼게임즈,45580138,경력무관,학력무관,정규직,채용시,게임기획,게임기획,https://file.gamejob.co.kr/net/Corp/CoImage/LogoView?FN=2025\11\GJ_CoLogo_45580138.jpg?638997551760000000,이정진,2021년,Project M (in progress),
283686,[페퍼게임즈] UI 모집,주식회사 페퍼게임즈,45580138,경력2년↑ ,학력무관,정규직,채용시,인터페이스 디자인,인터페이스 디자인,https://file.gamejob.co.kr/net/Corp/CoImage/LogoView?FN=2025\11\GJ_CoLogo_45580138.jpg?638997551760000000,이정진,2021년,Project M (in progress),
283684,[경력] 백엔드 기반 웹 풀스택 개발자 채용모집 공고,㈜아이케미스트,41905936,경력3년↑ ,학력무관,정규직,~09/09,플랫폼 개발,플랫폼 개발;서버;네트워크;시스템·DB;클라우드,https://file.gamejob.co.kr/net/Corp/CoImage/LogoView?FN=2026\8\GJ_CoLogo_41905936.png?639219915790000000,정민욱,2023년,Let In Diner / 합성데이터 생성기 CEN / 그 외 40건 이상,
283681,[무브인터렉티브] MMORPG 서버 프로그래머 경력자(파트장) 채용,(주)무브인터렉티브,11525759,경력3년↑ ,,정규직,08/10(월),서버,서버,https://file.gamejob.co.kr/net/Corp/CoImage/LogoView?FN=2022\4\GJ_CoLogo_11525759.png?639202730720000000,김동성,2002년,"디지몬슈퍼럼블, 디지몬마스터즈, 디지몬RPG, 베어브릭히어로즈",
283675,[비트망고] 게임 광고 영상 디자이너 (영상편집/모션그래픽),㈜비트망고,11534458,경력무관,학력무관,계약직,채용시,영상제작·편집,영상제작·편집;마케팅;홍보;광고기획;퍼블리싱,https://file.gamejob.co.kr/net/Corp/CoImage/LogoView?FN=2022\3\GJ_CoLogo_11534458.jpg?639176602630000000,이기섭,2011년,"Roll the Ball, Word Cookies, Sweet Pop, Bubble Pop",
283673,[프로젝트T] 실사풍 MMORPG 서버 프로그래머 모집 (경력),㈜그레이게임즈,43515135,경력무관,학력무관,정규직,채용시,서버,서버,https://file.gamejob.co.kr/net/Corp/CoImage/LogoView?FN=2024\2\GJ_CoLogo_43515135.png?639208547300000000,최병천,2023년,"템빨:오버기어드 , 프로젝트A",
283671,서버 개발자 (경력),㈜미들랩,52163921,경력무관,학력무관,정규직,~10/10,게임AI 개발,게임AI 개발;서버;네트워크;시스템·DB;보안,https://file.gamejob.co.kr/net/Corp/CoImage/LogoView?FN=2026\8\GJ_CoLogo_52163921.jpg?639219758480000000,박지훈,-,-,
283669,[부산/경력 3년 이상] 그로스전략셀- 데이터 엔지니어,트리노드 주식회사,11534378,경력 3년 ,학력무관,정규직,채용시,정보·빅데이터 분석,정보·빅데이터 분석,https://file.gamejob.co.kr/net/Corp/CoImage/LogoView?FN=2021\8\GJ_CoLogo_11534378.PNG?639183481290000000,김준수,2011년,"포코팡타운, 포코포코, 포코팡",
283259,[인사/총무] 안정적인 회사 운영을 지원하는 살림꾼 모집,인피니티마인드,48602702,경력2년↑ ,,정규직,채용시,사무·회계,사무·회계;회계;경리;인사;총무,https://file.gamejob.co.kr/net/Corp/CoImage/LogoView?FN=2025\7\GJ_CoLogo_48602702.png?638893132190000000,김진수,-,-,
283660,모바일 홀덤 게임 기획자 모집(신입),㈜러너소프트,43046575,신입,학력무관,정규직,채용시,게임개발(모바일),게임개발(모바일);게임기획;게임운영;QA·테스터,https://file.gamejob.co.kr/net/Corp/CoImage/LogoView?FN=2024\1\GJ_CoLogo_43046575.png?638677845110000000,박훈,2023년,-,
273371,[부산/경력 2년 이상] 서버셀 - 서버 프로그래머,트리노드 주식회사,11534378,경력 2년 ,학력무관,정규직,채용시,게임개발(모바일),게임개발(모바일);서버,https://file.gamejob.co.kr/net/Corp/CoImage/LogoView?FN=2021\8\GJ_CoLogo_11534378.PNG?639183481290000000,김준수,2011년,"포코팡타운, 포코포코, 포코팡",
283542,[부산/단기계약] QA셀 - QA보조 채용,트리노드 주식회사,11534378,경력무관,학력무관,정규직,채용시,QA·테스터,QA·테스터,https://file.gamejob.co.kr/net/Corp/CoImage/LogoView?FN=2021\8\GJ_CoLogo_11534378.PNG?639183481290000000,김준수,2011년,"포코팡타운, 포코포코, 포코팡",
281430,[무브인터렉티브] 2D 배경 디자이너 신입/경력 채용,(주)무브인터렉티브,11525759,신입,학력무관,정규직,06/12(금),인터페이스 디자인,인터페이스 디자인;원화,https://file.gamejob.co.kr/net/Corp/CoImage/LogoView?FN=2022\4\GJ_CoLogo_11525759.png?639202730720000000,김동성,2002년,"디지몬슈퍼럼블, 디지몬마스터즈, 디지몬RPG, 베어브릭히어로즈",
274749,[무브인터렉티브] MMO RPG 콘텐츠 기획자 경력 채용,(주)무브인터렉티브,11525759,경력3년↑ ,학력무관,정규직,07/02(목),게임기획,게임기획,https://file.gamejob.co.kr/net/Corp/CoImage/LogoView?FN=2022\4\GJ_CoLogo_11525759.png?639202730720000000,김동성,2002년,"디지몬슈퍼럼블, 디지몬마스터즈, 디지몬RPG, 베어브릭히어로즈",
282284,[킹덤스토리 후속작] 기획자 모집,소프트닉스,11525524,경력3년↑ ,학력무관,정규직,채용시,게임기획,게임기획,https://file.gamejob.co.kr/net/Corp/CoImage/LogoView?FN=2020\7\GJ_CoLogo_11525524.jpg?638639080290000000,임춘근,2001년,"건바운드, 라키온, 울프팀, 워스토리, 킹덤스토리",
282454,[킹덤스토리] 클라이언트 프로그래머 모집,소프트닉스,11525524,경력3년↑ ,학력무관,정규직,채용시,게임개발(클라이언트),게임개발(클라이언트);게임개발(모바일),https://file.gamejob.co.kr/net/Corp/CoImage/LogoView?FN=2020\7\GJ_CoLogo_11525524.jpg?638639080290000000,임춘근,2001년,"건바운드, 라키온, 울프팀, 워스토리, 킹덤스토리",
282595,[게임개발] 유니티 SCON 게임개발자를 찾습니다.,스콘,34012768,경력무관,학력무관,정규직,채용시,게임개발(클라이언트),게임개발(클라이언트);게임개발(모바일);게임AI 개발;게임운영,https://file.gamejob.co.kr/net/Corp/CoImage/LogoView?FN=2021\3\GJ_CoLogo_34012768.jpg?639106445030000000,기준수,2018년,미츄 meechu,
281470,3D 배경 모델러 경력직 모집,픽셀리티㈜,21345387,경력1년↑ ,학력무관,정규직,06/16(화),모델링,모델링,https://file.gamejob.co.kr/net/Corp/CoImage/LogoView?FN=2023\11\GJ_CoLogo_21345387.png?639149724200000000,정래승,2017년,"Rise of the Fallen, Crazy World VR, The Patcher",
283599,[캐쥬얼] UI 디자이너 모십니다.,㈜나인디지트,48033767,경력무관,학력무관,계약직,~09/07,인터페이스 디자인,인터페이스 디자인,https://file.gamejob.co.kr/net/Corp/CoImage/LogoView?FN=2025\10\GJ_CoLogo_48033767.png?639197104990000000,이권노,2024년,용사마을타이쿤(11월 서비스 예정) / 프로젝트 HT (12월 서비스 예정),
283634,[아지트랩스] 전투/시스템 기획자,아지트랩스,50845027,경력1년↑ ,학력무관,정규직,채용시,게임기획,게임기획,https://file.gamejob.co.kr/net/Corp/CoImage/LogoView?FN=2026\3\GJ_CoLogo_50845027.png?639099518260000000,송근욱,2025년,NGM(개발중),
283631,[신입/경력] 게임 아트 원화가 모집,㈜퍼피띵게임즈,45691920,신입,학력무관,계약직,~10/07,게임개발(모바일),게임개발(모바일);원화;애니메이션,,차중기,2023년,어반로어:도플갱어의 거리,
283620,트리오브세이비어 대만 서비스 운영자,아이엠씨게임즈,27410251,경력무관,학력무관,계약직,08/07(금),게임운영,게임운영;정보·빅데이터 분석;해외 마케팅;광고기획;퍼블리싱,https://file.gamejob.co.kr/net/Corp/CoImage/LogoView?FN=2019\3\GJ_Co_imcgames2.jpg?638862743160000000,김학규,2003년,"그라나도에스파다, 트리오브세이비어",
283612,[호라이즌 워커] 3D 애니메이터 모집,㈜젠틀매니악,35256454,경력2년↑ ,학력무관,계약직,채용시,애니메이션,애니메이션,https://file.gamejob.co.kr/net/Corp/CoImage/LogoView?FN=2021\8\GJ_CoLogo_35256454.png?639235316660000000,"이태웅, 복규동",2021년,"호라이즌 워커, 마대자",
283613,[호라이즌 워커] 3D 캐릭터 모델러,㈜젠틀매니악,35256454,경력2년↑ ,학력무관,계약직,채용시,모델링,모델링,https://file.gamejob.co.kr/net/Corp/CoImage/LogoView?FN=2021\8\GJ_CoLogo_35256454.png?639235316660000000,"이태웅, 복규동",2021년,"호라이즌 워커, 마대자",
283614,[호라이즌 워커] UI 아티스트,㈜젠틀매니악,35256454,경력무관,학력무관,정규직,채용시,인터페이스 디자인,인터페이스 디자인,https://file.gamejob.co.kr/net/Corp/CoImage/LogoView?FN=2021\8\GJ_CoLogo_35256454.png?639235316660000000,"이태웅, 복규동",2021년,"호라이즌 워커, 마대자",
283616,[호라이즌 워커] 캐릭터 컨셉 원화 시니어 모집,㈜젠틀매니악,35256454,경력무관,학력무관,계약직,채용시,원화,원화,https://file.gamejob.co.kr/net/Corp/CoImage/LogoView?FN=2021\8\GJ_CoLogo_35256454.png?639235316660000000,"이태웅, 복규동",2021년,"호라이즌 워커, 마대자",
283605,[프리랜서] 서브컬쳐 스타일의 리듬게임 UI/UX 디자이너,더나은인재들,52194306,경력무관,학력무관,프리랜서,08/07(금),게임개발(모바일),게임개발(모바일);인터페이스 디자인,,최유연,2019년,-,
283606,[프리랜서] 리듬게임 이펙터,더나은인재들,52194306,경력무관,학력무관,프리랜서,채용시,게임개발(모바일),게임개발(모바일);이펙트·FX,,최유연,2019년,-,
283607,[샌드박스네트워크] IP 출판/상품화 라이선싱 사업 시니어 매니저 (경력),샌드박스네트워크,26350588,경력5년↑ ,학력무관,정규직,~09/05,사업기획(국내),사업기획(국내);퍼블리싱;소싱/라이선싱,https://file.gamejob.co.kr/net/Corp/CoImage/LogoView?FN=2026\7\GJ_CoLogo_26350588.png?639203277460000000,차병곤,2015년,-,
283600,[캐쥬얼] 3D 애니메이터 모셔요.,㈜나인디지트,48033767,경력무관,학력무관,계약직,~09/07,애니메이션,애니메이션,https://file.gamejob.co.kr/net/Corp/CoImage/LogoView?FN=2025\10\GJ_CoLogo_48033767.png?639197104990000000,이권노,2024년,용사마을타이쿤(11월 서비스 예정) / 프로젝트 HT (12월 서비스 예정),
283592,아케이드 게임 UI·이펙트 디자이너 채용,㈜안다미로,11533448,경력무관,학력무관,정규직,~09/07,인터페이스 디자인,인터페이스 디자인;애니메이션;이펙트·FX,https://file.gamejob.co.kr/net/Corp/CoImage/LogoView?FN=2011\3\GJ_Co_andamiro1.jpg?639087388130000000,이창섭,1992년,PUMP IT UP,
283594,프로그램 파트 경력 프로그래머 채용,㈜안다미로,11533448,경력무관,학력무관,정규직,~09/07,게임개발(클라이언트),게임개발(클라이언트),https://file.gamejob.co.kr/net/Corp/CoImage/LogoView?FN=2011\3\GJ_Co_andamiro1.jpg?639087388130000000,이창섭,1992년,PUMP IT UP,
283554,[아우터플레인] 게임 마케팅 담당,㈜메이저세븐,52171726,신입,학력무관,정규직,08/05(수),마케팅,마케팅;홍보;해외 마케팅;프로모션;퍼블리싱,,김상하,2026년,아우터플레인,
283587,[신규 프로젝트] TA (Technical Artist) 모집 (경력),폴리모프,39805772,경력2년↑ ,,정규직,채용시,게임개발(클라이언트),게임개발(클라이언트);모델링;이펙트·FX;엔진,https://file.gamejob.co.kr/net/Corp/CoImage/LogoView?FN=2025\4\GJ_CoLogo_39805772.jpg?638810163940000000,조병훈,2020년,IFSUNSETS (이프선셋),
282416,[에이카 온라인] 서버 프로그래머 모집,아크나인게임즈㈜,50483512,경력무관,학력무관,인턴직,채용시,게임개발(모바일),게임개발(모바일);서버;네트워크;시스템·DB,,박대성,-,-,
283579,IP 게임 사업기획팀(전락기획&PM) 채용,엔엑스피,46381594,경력3년↑ ,,정규직,~09/06,사업기획(국내),사업기획(국내);사업기획(해외);전략기획;사업관리;정보·빅데이터 분석,,최은석,2024년,-,
283569,[세리스 스튜디오] 3D 리거 모집 [계약/정규직],세리스 스튜디오,50939587,경력무관,학력무관,정규직,08/06(목),애니메이션,애니메이션,https://file.gamejob.co.kr/net/Corp/CoImage/LogoView?FN=2026\7\GJ_CoLogo_50939587.png?639215366060000000,우승원,2025년,-,
283553,마케팅 UA 영상 디자이너 채용,㈜게임덱스,44147455,경력1년↑ ,학력무관,정규직,채용시,영상제작·편집,영상제작·편집;마케팅,https://file.gamejob.co.kr/net/Corp/CoImage/LogoView?FN=2024\5\GJ_CoLogo_44147455.jpg?638902526250000000,배준석,2016년,-,
283551,2026년 대구 근무 게임 기획자 모집 (경력2년이상 7년이하),㈜YH데이타베이스,20388423,경력2년,학력무관,정규직,채용시,게임개발(모바일),게임개발(모바일);게임기획;게임운영,https://file.gamejob.co.kr/net/Corp/CoImage/LogoView?FN=2017\2\GJ_Co_yhdatabase.jpg?639215512630000000,최대룡,2006년,"소울트리거, 약한히어로지만 세상을 구할수 있어, 드로울리, 던전큐브, 머지머지얀",
283555,모바일/PC UA 퍼포먼스 마케터 채용,㈜게임덱스,44147455,경력1년↑ ,학력무관,정규직,채용시,마케팅,마케팅;광고기획;퍼블리싱,https://file.gamejob.co.kr/net/Corp/CoImage/LogoView?FN=2024\5\GJ_CoLogo_44147455.jpg?638902526250000000,배준석,2016년,-,
280965,[컴포트게임즈] AI 아티스트 모집,컴포트게임즈,49563839,경력무관,학력무관,정규직,채용시,원화,원화,https://file.gamejob.co.kr/net/Corp/CoImage/LogoView?FN=2025\12\GJ_CoLogo_49563839.jpg?639215421640000000,이지형,2025년,-,
281748,[컴포트게임즈] 3D 애니메이터 모집,컴포트게임즈,49563839,경력무관,학력무관,정규직,채용시,애니메이션,애니메이션,https://file.gamejob.co.kr/net/Corp/CoImage/LogoView?FN=2025\12\GJ_CoLogo_49563839.jpg?639215421640000000,이지형,2025년,-,
283543,[청월당(로켓AI)] 영상 PD,로켓AI,52002692,경력1년↑ ,,정규직,채용시,영상제작·편집,영상제작·편집,https://file.gamejob.co.kr/net/Corp/CoImage/LogoView?FN=2026\7\GJ_CoLogo_52002692.png?639201545920000000,임재훈,2022년,-,
283535,# [파이플레이웍스] 게임 UX/UI 디자이너 모집,㈜파이네트웍스,13386539,경력무관,학력무관,계약직,채용시,인터페이스 디자인,인터페이스 디자인,https://file.gamejob.co.kr/net/Corp/CoImage/LogoView?FN=2013\5\GJ_Co_phizigi.gif?637862504760000000,김영훈,2004년,파이골프 스크린,
283534,[럽플레이스] 캐주얼 3D 캐릭터 모델러 모집 (신입/경력),㈜캐킷,11534141,신입,학력무관,정규직,채용시,모델링,모델링,https://file.gamejob.co.kr/net/Corp/CoImage/LogoView?FN=2022\5\GJ_CoLogo_11534141.png?638913031790000000,"서흥석, 강보선",2011년,"천하제일상 거상모바일, 럽플레이스, 클럽오디션",
281627,펀치라인게임즈 UI 디자이너 모집,㈜펀치라인게임즈,49519308,경력3년↑ ,학력무관,정규직,채용시,인터페이스 디자인,인터페이스 디자인;원화;애니메이션;이펙트·FX,https://file.gamejob.co.kr/net/Corp/CoImage/LogoView?FN=2026\4\GJ_CoLogo_49519308.png?639144457450000000,이윤재,2025년,"나 혼자 만렙 키우기, 응발로 키우기",
283533,[단기 알바] 모바일 게임 플레이 테스터 모집,㈜엔나인스,41111412,경력무관,학력무관,아르바이트,채용시,QA·테스터,QA·테스터,https://file.gamejob.co.kr/net/Corp/CoImage/LogoView?FN=2023\6\GJ_CoLogo_41111412.png?638974324810000000,윤상혁,2023년,발키리아,
283519,[국풀교육 AI연구소] 캐주얼 게임 학습 콘텐츠 디자이너 채용,리터리온,51538124,경력3년↑ ,,정규직,채용시,인터페이스 디자인,인터페이스 디자인;원화;애니메이션;이펙트·FX,,최용훈,2026년,-,
283518,캐주얼 3D 게임 개발팀 모집,몽가,51551717,경력무관,학력무관,계약직,채용시,모델링,모델링;게임기획,https://file.gamejob.co.kr/net/Corp/CoImage/LogoView?FN=2026\5\GJ_CoLogo_51551717.png?639192426180000000,김선영,2023년,"XR Paradise, Mindcraft",
283488,[MEU] 버추얼 아이돌 애니메이션 편집,브이레코드,48149208,경력무관,학력무관,정규직,채용시,애니메이션,애니메이션,https://file.gamejob.co.kr/net/Corp/CoImage/LogoView?FN=2026\8\GJ_CoLogo_48149208.png?639213646640000000,박광근,2025년,MW:MEU(뮤) 5인조 버추얼 걸그룹,
283482,모바일 게임 운영 시간제 근로자 채용,㈜게임덱스,51651336,경력무관,학력무관,계약직,채용시,게임운영,게임운영,,배준석,-,-,
283481,"웹게임 기획, 연출, PM",코스모스게이밍코리아,51756296,경력무관,학력무관,정규직,08/04(화),게임기획,게임기획,https://file.gamejob.co.kr/net/Corp/CoImage/LogoView?FN=2026\7\GJ_CoLogo_51756296.png?639185942850000000,박찬훈,-,-,
283418,[브이레코드] 언리얼 시니어 개발자,브이레코드,48149208,경력2년↑ ,학력무관,정규직,~10/03,게임개발(클라이언트),게임개발(클라이언트);게임개발(모바일);게임AI 개발;플랫폼 개발,https://file.gamejob.co.kr/net/Corp/CoImage/LogoView?FN=2026\8\GJ_CoLogo_48149208.png?639213646640000000,박광근,2025년,MW:MEU(뮤) 5인조 버추얼 걸그룹,
283477,[브이레코드] 3D 모델링 작업자,브이레코드,48149208,신입,학력무관,정규직,~10/04,원화,원화;모델링,https://file.gamejob.co.kr/net/Corp/CoImage/LogoView?FN=2026\8\GJ_CoLogo_48149208.png?639213646640000000,박광근,2025년,MW:MEU(뮤) 5인조 버추얼 걸그룹,
283470,[방치형 모바일 게임] 2D 아티스트 채용,유니온잼,51288047,경력5년↑ ,학력무관,정규직,~11/02,게임개발(모바일),게임개발(모바일);인터페이스 디자인;원화,,김민식,2026년,-,
283422,게임 기획자 채용,픽셀리티㈜,21345387,경력1년↑ ,학력무관,계약직,08/03(월),게임기획,게임기획,https://file.gamejob.co.kr/net/Corp/CoImage/LogoView?FN=2023\11\GJ_CoLogo_21345387.png?639149724200000000,정래승,2017년,"Rise of the Fallen, Crazy World VR, The Patcher",
283445,[병역특례/산업기능요원] 모바일 게임 기획자 채용,슈퍼박스,27582171,경력무관,,병역특례,채용시,게임개발(모바일),게임개발(모바일);게임기획,https://file.gamejob.co.kr/net/Corp/CoImage/LogoView?FN=2025\4\GJ_CoLogo_27582171.png?639237964170000000,조형우,2016년,"캔디프랜즈, 쥬얼헌터, 쥬얼블라스트, 스푸키즈팝, 슈가팝, 쥬얼캐슬, 골프히어로",
282534,헬로키티 마이드림스토어 기획 담당자(글로벌버전),에이시티게임즈㈜,28124259,경력5년↑ ,학력무관,정규직,채용시,게임기획,게임기획,https://file.gamejob.co.kr/net/Corp/CoImage/LogoView?FN=2024\3\GJ_CoLogo_28124259.jpg?639197328290000000,정세진,2019년,헬로키티 마이 드림 스토어(Hello Kitty My Dream Store),
282502,(외주) 스파인 애니메이터,스팟,50379121,경력2년↑ ,학력무관,프리랜서,07/13(월),원화,원화;애니메이션,https://file.gamejob.co.kr/net/Corp/CoImage/LogoView?FN=2026\1\GJ_CoLogo_50379121.png?639107265950000000,김민수,2025년,-,
283172,[스토리타코] 게임 UI 디자이너 채용,스토리타코,24477589,경력무관,학력무관,정규직,~09/28,인터페이스 디자인,인터페이스 디자인,https://file.gamejob.co.kr/net/Corp/CoImage/LogoView?FN=2021\5\GJ_CoLogo_24477589.png?639184358180000000,김제일,2018년,위험한그놈들,
283398,Unity 2D UI/UX 디자이너 모집,카피바라,47014609,경력무관,학력무관,정규직,채용시,인터페이스 디자인,인터페이스 디자인,https://file.gamejob.co.kr/net/Corp/CoImage/LogoView?FN=2026\9\GJ_CoLogo_47014609.png?639238975420000000,-,2024년,"아토즈포커(개발중, 2026 하반기 출시 예정)",
282492,"[경북글로벌게임센터] 원더킹, 세피루스키우기, 스파인 에니메이터 구인",㈜원더소프트,46312306,신입,학력무관,정규직,채용시,인터페이스 디자인,인터페이스 디자인;애니메이션;이펙트·FX,https://file.gamejob.co.kr/net/Corp/CoImage/LogoView?FN=2025\9\GJ_CoLogo_46312306.png?638989696420000000,류지수,2024년,-,
283345,"SBS아카데미게임학원 안양지점 캐릭터, 배경 강사채용(게임그래픽)",㈜에스씨에이아카데미안양,37254790,경력3년↑ ,학력무관,정규직,~10/28,인터페이스 디자인,인터페이스 디자인;모델링;애니메이션;교육;강사,,윤광준,2022년,-,
282496,[신지게임즈] Unity 클라이언트 시니어 개발자 채용,신지게임즈,44238355,경력7년↑ ,학력무관,정규직,채용시,게임개발(클라이언트),게임개발(클라이언트);게임개발(모바일),https://file.gamejob.co.kr/net/Corp/CoImage/LogoView?FN=2025\9\GJ_CoLogo_44238355.png?639102087150000000,김민석,2023년,열혈강호 무쌍(모바일 MORPG),
281143,"[유니티,스파인] 2D 애니메이터 모집중!",㈜다에리소프트,11533355,경력1년↑ ,학력무관,정규직,채용시,게임개발(모바일),게임개발(모바일);애니메이션,https://file.gamejob.co.kr/net/Corp/CoImage/LogoView?FN=2020\11\GJ_CoLogo_11533355.png?638996604500000000,유다엘,2010년,"사신키우기 온라인,신비아파트 고스트헌터,표류소녀,Life is a game,수련충,평타의",
283175,[3D 아바타테크 스타트업] 삼면도 원화가(프리랜서/재택) - 서브컬처,프롬서울,46185001,경력무관,학력무관,프리랜서,07/30(목),원화,원화,https://file.gamejob.co.kr/net/Corp/CoImage/LogoView?FN=2024\12\GJ_CoLogo_46185001.png?639146977280000000,최현세,2022년,-,
281136,게임 기획 - 액션 RPG 전투 및 콘텐츠 기획,㈜하이퍼텐션,47441084,신입,학력무관,정규직,채용시,게임기획,게임기획;게임운영,https://file.gamejob.co.kr/net/Corp/CoImage/LogoView?FN=2025\10\GJ_CoLogo_47441084.png?639209324260000000,김준원,2025년,-,
283177,[유니티] 2D 디자이너,디어메타,36280457,경력3년↑ ,학력무관,정규직,07/28(화),인터페이스 디자인,인터페이스 디자인;원화;애니메이션;이펙트·FX,https://file.gamejob.co.kr/net/Corp/CoImage/LogoView?FN=2022\3\GJ_CoLogo_36280457.png?639202376130000000,임창섭,2021년,"마녀의 기사, 마법로 기사 25길 ,렐리온",
282197,[게임운영] 킹콩소프트 사업운영팀 채용,킹콩소프트,33187703,신입,학력무관,정규직,07/02(목),게임운영,게임운영;QA·테스터;사업기획(국내),https://file.gamejob.co.kr/net/Corp/CoImage/LogoView?FN=2020\12\GJ_CoLogo_33187703.png?638689992290000000,김준태,2018년,SNK올스타파이트,
281532,[NC 77ST] [MDR] 캐릭터 컨셉 아티스트 모집,㈜세븐티세븐스트리트게임즈,47203766,경력2년↑ ,학력무관,정규직,채용시,게임AI 개발,게임AI 개발;원화;모델링,,백승욱,2025년,-,
281534,[NC 77ST] [MDR] 3D 배경 인티그레이션 아티스트 모집,㈜세븐티세븐스트리트게임즈,47203766,경력2년↑ ,학력무관,정규직,채용시,게임AI 개발,게임AI 개발;원화;모델링,,백승욱,2025년,-,
281537,[NC 77ST] [MDR] 배경라이팅 아티스트 모집,㈜세븐티세븐스트리트게임즈,47203766,경력2년↑ ,학력무관,정규직,채용시,게임AI 개발,게임AI 개발;원화;모델링,,백승욱,2025년,-,
281538,[NC 77ST] [MDR] VFX 아티스트 모집,㈜세븐티세븐스트리트게임즈,47203766,경력2년↑ ,학력무관,정규직,채용시,게임AI 개발,게임AI 개발;이펙트·FX,,백승욱,2025년,-,
283113,[파빌라] 배경 원화가 외주 모집,파빌라,46666430,경력무관,학력무관,프리랜서,~09/27,원화,원화,https://file.gamejob.co.kr/net/Corp/CoImage/LogoView?FN=2025\5\GJ_CoLogo_46666430.png?639183283980000000,송상혁,2025년,-,
283223,[남모][2D하드코어액션] 그래픽 디자이너,㈜길드스튜디오,49738515,경력무관,학력무관,계약직,채용시,인터페이스 디자인,인터페이스 디자인;원화;BX·브랜드 디자인;마케팅,https://file.gamejob.co.kr/net/Corp/CoImage/LogoView?FN=2025\11\GJ_CoLogo_49738515.png?638998502410000000,김태윤,2025년,남모,
283221,"[채용] 게임 컨텐츠, 시스템 기획자 모집 (경력/정규직)",㈜레트로아츠,43196783,경력3년↑ ,,정규직,~09/28,게임기획,게임기획,https://file.gamejob.co.kr/net/Corp/CoImage/LogoView?FN=2024\1\GJ_CoLogo_43196783.jpg?639129883480000000,양수연,2018년,이블헌터 타이쿤,
283202,[BAKERY] 2D 아티스트,㈜로드컴플릿,11533136,경력1년↑ ,학력무관,정규직,채용시,원화,원화,https://file.gamejob.co.kr/net/Corp/CoImage/LogoView?FN=2021\3\GJ_CoLogo_11533136.jpg?639202516320000000,배수정,2009년,"보이드 다이버(개발중), 레전드 오브 슬라임, 체인소 주스 킹, 크루세이더 퀘스트 등",
275521,[게임사업실] 데이터 분석가,㈜로드컴플릿,11533136,경력1년↑ ,학력무관,정규직,채용시,정보·빅데이터 분석,정보·빅데이터 분석;리서치,https://file.gamejob.co.kr/net/Corp/CoImage/LogoView?FN=2021\3\GJ_CoLogo_11533136.jpg?639202516320000000,배수정,2009년,"보이드 다이버(개발중), 레전드 오브 슬라임, 체인소 주스 킹, 크루세이더 퀘스트 등",
282962,[로드컴플릿] 인재풀,㈜로드컴플릿,11533136,경력무관,학력무관,정규직,07/21(화),게임개발(클라이언트),게임개발(클라이언트);게임개발(모바일);원화;애니메이션;게임기획,https://file.gamejob.co.kr/net/Corp/CoImage/LogoView?FN=2021\3\GJ_CoLogo_11533136.jpg?639202516320000000,배수정,2009년,"보이드 다이버(개발중), 레전드 오브 슬라임, 체인소 주스 킹, 크루세이더 퀘스트 등",
283200,[워프스페이스][케이브덕] 서비스 기획자,워프스페이스,51971194,경력무관,학력무관,정규직,~09/28,게임기획,게임기획;플랫폼 기획,https://file.gamejob.co.kr/net/Corp/CoImage/LogoView?FN=2026\7\GJ_CoLogo_51971194.png?639195440930000000,김영빈,2023년,-,
283199,3D 배경(실사) 그래픽 디자이너 모집,더인츠,52110634,신입,학력무관,계약직,~09/28,인터페이스 디자인,인터페이스 디자인;원화;모델링,https://file.gamejob.co.kr/net/Corp/CoImage/LogoView?FN=2026\7\GJ_CoLogo_52110634.png?639208488310000000,임기채,2019년,TerraPark,
282927,책임감있는 기획 직무의 PM모십니다.,스마일스퀘어,32523195,경력5년↑ ,,정규직,채용시,게임기획,게임기획,https://file.gamejob.co.kr/net/Corp/CoImage/LogoView?FN=2022\5\GJ_CoLogo_32523195.png?638290941060000000,김인수,2017년,"다함께야구왕, 아처리챔피언, 마이스윙, 마이프로 등",
282084,[유니티] UI 디자이너 모집중,㈜다에리소프트,11533355,경력2년↑ ,학력무관,정규직,채용시,게임개발(모바일),게임개발(모바일);원화;애니메이션;이펙트·FX,https://file.gamejob.co.kr/net/Corp/CoImage/LogoView?FN=2020\11\GJ_CoLogo_11533355.png?638996604500000000,유다엘,2010년,"사신키우기 온라인,신비아파트 고스트헌터,표류소녀,Life is a game,수련충,평타의",
283158,모바일 캐쥬얼 글로벌 마케터 모집,㈜액션핏,36420824,경력무관,학력무관,인턴직,채용시,마케팅,마케팅;해외 마케팅,https://file.gamejob.co.kr/net/Corp/CoImage/LogoView?FN=2025\8\GJ_CoLogo_36420824.png?639168039730000000,박인후,2020년,"빠지냥, 머지냥카페 등",
283157,모바일 캐쥬얼 게임 기획자 모집 (경력무관),㈜액션핏,36420824,경력무관,학력무관,인턴직,채용시,게임기획,게임기획,https://file.gamejob.co.kr/net/Corp/CoImage/LogoView?FN=2025\8\GJ_CoLogo_36420824.png?639168039730000000,박인후,2020년,"빠지냥, 머지냥카페 등",
283008,[PC/Console] 캐릭터/크리쳐 원화 모집,얼라이브,34482342,경력무관,학력무관,정규직,채용시,원화,원화,https://file.gamejob.co.kr/net/Corp/CoImage/LogoView?FN=2022\5\GJ_CoLogo_34482342.png?639203892260000000,김기명,2020년,Vapor World: Over The Mind,
283047,[디셉션 엔진] VFX 이펙터 모집,알피네,31493916,경력무관,,정규직,채용시,이펙트·FX,이펙트·FX,https://file.gamejob.co.kr/net/Corp/CoImage/LogoView?FN=2022\12\GJ_CoLogo_31493916.png?638767216690000000,이형주,2019년,크로노 아크,
283137,Character Rigger,레벨스 인크 (영업소),48466326,경력2년↑ ,학력무관,정규직,채용시,모델링,모델링;애니메이션,,김기강,-,-,
282474,[마프스튜디오] 모바일 마케팅 매니저 채용,㈜나딕게임즈,11989853,경력1년↑ ,학력무관,정규직,채용시,마케팅,마케팅;해외 마케팅;퍼블리싱,https://file.gamejob.co.kr/net/Corp/CoImage/LogoView?FN=2012\2\GJ_Co_naddic.jpg?639126267190000000,이선주,2012년,"클로저스, 중년기사김봉식",
282622,[세리스 스튜디오] 캐릭터 3D 의상 모델러 모집 [계약/정규직],세리스 스튜디오,50939587,경력무관,학력무관,정규직,07/13(월),모델링,모델링,https://file.gamejob.co.kr/net/Corp/CoImage/LogoView?FN=2026\7\GJ_CoLogo_50939587.png?639215366060000000,우승원,2025년,-,
283118,[세리스 스튜디오] 삼면도 원화가 모집 (프리랜서/재택),세리스 스튜디오,50939587,경력무관,학력무관,프리랜서,채용시,원화,원화,https://file.gamejob.co.kr/net/Corp/CoImage/LogoView?FN=2026\7\GJ_CoLogo_50939587.png?639215366060000000,우승원,2025년,-,
282528,[언디셈버] 클라이언트 프로그래머 리드 모집,니즈게임즈㈜,27128192,경력5년↑ ,학력무관,정규직,채용시,게임개발(클라이언트),게임개발(클라이언트),https://file.gamejob.co.kr/net/Corp/CoImage/LogoView?FN=2023\3\GJ_CoLogo_27128192.jpg?639077255820000000,"조헌정, 염제우",2019년,"언디셈버, 다크디셈버",
283099,HTML5 게임 개발자 신입 및 경력 채용,모비릭스,11527543,신입,학력무관,계약직,~09/27,게임개발(클라이언트),게임개발(클라이언트);게임개발(모바일),https://file.gamejob.co.kr/net/Corp/CoImage/LogoView?FN=2016\10\GJ_Co_mobirix.jpg?639197136460000000,임중수,2007년,"블레이드키우기, 발키리히어로키우기, 던전기사키우기, 관우키우기, 벽돌깨기퀘스트 등",
282714,[ 홀덤 ]UI Designer,플라운드,43968437,경력5년↑ ,학력무관,정규직,채용시,인터페이스 디자인,인터페이스 디자인,https://file.gamejob.co.kr/net/Corp/CoImage/LogoView?FN=2024\4\GJ_CoLogo_43968437.jpg?638810243080000000,이진희,2023년,"골윈 스포츠, 골윈 베가스",
282380,[지니스튜디오] 메타 컨텐츠 FX 이펙트 & 애니메이터 채용,㈜플레이링스,36376493,경력5년↑ ,학력무관,정규직,채용시,애니메이션,애니메이션;이펙트·FX,https://file.gamejob.co.kr/net/Corp/CoImage/LogoView?FN=2026\7\GJ_CoLogo_36376493.png?639208478630000000,"오선호, 안병환",2010년,"락앤캐쉬,슬롯메이트, 애니팡포커, 애니팡맞고, 하이롤러베가스 등",
283038,월드 워 머신 컨퀘스트(WWMC) BM 기획자 모집,㈜엔드림,17241846,경력3년↑ ,학력무관,정규직,채용시,게임기획,게임기획,https://file.gamejob.co.kr/net/Corp/CoImage/LogoView?FN=2016\1\GJ_Co_ndream.jpg?638884427530000000,조한서,2015년,"캐리비안의해적: 전쟁의 물결, 크로스파이어: 워존, 대항해대전: 오션 앤 엠파이어",
282993,[퍼즐원스튜디오] 모바일캐주얼 퍼즐게임 시스템기획자,퍼즐원스튜디오,27469986,경력무관,학력무관,계약직,채용시,게임개발(모바일),게임개발(모바일);게임기획,https://file.gamejob.co.kr/net/Corp/CoImage/LogoView?FN=2022\3\GJ_CoLogo_27469986.png?639176603650000000,이기섭,2019년,"Word Cookies!, Jewels Magic, Bubble Pop Origin",
281081,클라이언트 프로그래머 모집,㈜소울게임즈,13468566,경력무관,학력무관,정규직,채용시,게임개발(클라이언트),게임개발(클라이언트),https://file.gamejob.co.kr/net/Corp/CoImage/LogoView?FN=2019\7\GJ_CoLogo_13468566.png?637841741490000000,엄태두,2013년,"루나모바일,  레이더즈M",
281709,3D 캐릭터 모델러 (인턴 2달) 청주,㈜소울게임즈,13468566,경력무관,학력무관,계약직,채용시,모델링,모델링,https://file.gamejob.co.kr/net/Corp/CoImage/LogoView?FN=2019\7\GJ_CoLogo_13468566.png?637841741490000000,엄태두,2013년,"루나모바일,  레이더즈M",
282819,Motion Capture Operator,레벨스 인크 (영업소),48466326,경력3년↑ ,학력무관,정규직,채용시,애니메이션,애니메이션;엔진,,김기강,-,-,
282822,Unreal Engine Operator,레벨스 인크 (영업소),48466326,경력3년↑ ,학력무관,정규직,채용시,엔진,엔진,,김기강,-,-,
282952,[유니티] 모바일 게임 클라이언트 채용공고,디어메타,36280457,경력3년↑ ,학력무관,정규직,07/21(화),게임개발(클라이언트),게임개발(클라이언트);게임개발(모바일);게임AI 개발;서버;시스템·DB,https://file.gamejob.co.kr/net/Corp/CoImage/LogoView?FN=2022\3\GJ_CoLogo_36280457.png?639202376130000000,임창섭,2021년,"마녀의 기사, 마법로 기사 25길 ,렐리온",
282792,[신입] MMORPG 붉은보석 기획자 시나리오 및 콘텐츠 기획자,엘엔케이로직코리아,11526640,신입,학력무관,정규직,채용시,게임기획,게임기획,https://file.gamejob.co.kr/net/Corp/CoImage/LogoView?FN=2007\2\GJ_Co_logickorea.jpg?637274725410000000,남택원,1997년,"붉은보석, 붉은보석2, 로도스도 전기 온라인, 거울전쟁 Series",
282935,헬로키티 마이드림스토어 UI 담당자(글로벌 버전),에이시티게임즈㈜,28124259,경력3년↑ ,학력무관,정규직,채용시,인터페이스 디자인,인터페이스 디자인,https://file.gamejob.co.kr/net/Corp/CoImage/LogoView?FN=2024\3\GJ_CoLogo_28124259.jpg?639197328290000000,정세진,2019년,헬로키티 마이 드림 스토어(Hello Kitty My Dream Store),
282928,[창조공작소] 더빙 / 효과음 / 음악 파트 채용공고,㈜창조공작소,35542803,경력무관,학력무관,정규직,채용시,사운드 제작,사운드 제작,https://file.gamejob.co.kr/net/Corp/CoImage/LogoView?FN=2021\9\GJ_CoLogo_35542803.png?639004803290000000,신소헌,1999년,-,
282012,[Project Cloud Games] 스튜디오 매니저 / 개발 PM 모집,프로젝트클라우드게임즈,30881919,경력무관,,정규직,채용시,게임기획,게임기획;게임운영;마케팅;홍보;인사,https://file.gamejob.co.kr/net/Corp/CoImage/LogoView?FN=2022\5\GJ_CoLogo_30881919.png?638387517630000000,박인혁,2020년,The Relic,
282885,[부산/경력 2년 이상] 코어셀 - 프로덕트 엔지니어,트리노드 주식회사,11534378,경력 2년 ,학력무관,정규직,채용시,게임AI 개발,게임AI 개발;서버,https://file.gamejob.co.kr/net/Corp/CoImage/LogoView?FN=2021\8\GJ_CoLogo_11534378.PNG?639183481290000000,김준수,2011년,"포코팡타운, 포코포코, 포코팡",
282811,(주)밸로프 개발본부 소울워커 게임기획자 채용 [액션RPG],㈜밸로프,11533035,경력4년↑ ,학력무관,정규직,채용시,게임기획,게임기획,https://file.gamejob.co.kr/net/Corp/CoImage/LogoView?FN=2023\8\GJ_CoLogo_11533035.png?638961365950000000,신재명,2007년,"블레스언리쉬드, 알투비트, C9, 아틀란티카, 이카루스, 로스트사가, 블랙스쿼드, 컴뱃암즈",
282810,(주)밸로프 개발본부 라스트오리진 게임기획자 채용 [RPG장르],㈜밸로프,11533035,경력3년↑ ,학력무관,정규직,채용시,게임기획,게임기획,https://file.gamejob.co.kr/net/Corp/CoImage/LogoView?FN=2023\8\GJ_CoLogo_11533035.png?638961365950000000,신재명,2007년,"블레스언리쉬드, 알투비트, C9, 아틀란티카, 이카루스, 로스트사가, 블랙스쿼드, 컴뱃암즈",
282894,[게이밍고] 캐주얼 게임 디자이너,㈜게이밍고,47128753,경력1년↑ ,학력무관,정규직,채용시,인터페이스 디자인,인터페이스 디자인;원화,https://file.gamejob.co.kr/net/Corp/CoImage/LogoView?FN=2025\3\GJ_CoLogo_47128753.png?638991595010000000,박승제,2025년,냥냥섬: 전설의 집사,
281360,[일본 IP기반 RPG] 시스템엔지니어(SE) 모집,㈜이토이랩,18244012,신입,학력무관,정규직,채용시,서버,서버;네트워크;시스템·DB;보안;클라우드,https://file.gamejob.co.kr/net/Corp/CoImage/LogoView?FN=2017\8\GJ_Co_jobetoylab.JPG?639093641220000000,박종하,2015년,.,
282873,언리얼5 서브컬쳐 8등신 캐릭터 모델링 작업자분 모십니다.,유비스,39705718,경력5년↑ ,학력무관,정규직,채용시,모델링,모델링,https://file.gamejob.co.kr/net/Corp/CoImage/LogoView?FN=2024\3\GJ_CoLogo_39705718.png?638994356590000000,신준호,2022년,루나 : 월영의 전쟁,
282869,[3D 아바타테크 스타트업] 3D 의상 모델러 (프리랜서) - 서브컬처,프롬서울,46185001,경력2년↑ ,학력무관,프리랜서,07/19(일),모델링,모델링,https://file.gamejob.co.kr/net/Corp/CoImage/LogoView?FN=2024\12\GJ_CoLogo_46185001.png?639146977280000000,최현세,2022년,-,
282683,[3D 아바타테크 스타트업] 3D 의상 모델러 (전환형 계약직/경력) - 서브컬처,프롬서울,46185001,경력2년↑ ,학력무관,계약직,~09/14,모델링,모델링,https://file.gamejob.co.kr/net/Corp/CoImage/LogoView?FN=2024\12\GJ_CoLogo_46185001.png?639146977280000000,최현세,2022년,-,
282818,[게이밍고] 캐주얼 게임 UI 디자이너,㈜게이밍고,47128753,경력3년↑ ,,정규직,채용시,인터페이스 디자인,인터페이스 디자인;원화;이펙트·FX,https://file.gamejob.co.kr/net/Corp/CoImage/LogoView?FN=2025\3\GJ_CoLogo_47128753.png?638991595010000000,박승제,2025년,냥냥섬: 전설의 집사,
282776,[스토리작가 채용] 서브컬쳐 모바일게임 SODIUM GUI.,㈜알트탭게임스튜디오,47931801,경력무관,학력무관,프리랜서,채용시,게임개발(모바일),게임개발(모바일);게임기획,https://file.gamejob.co.kr/net/Corp/CoImage/LogoView?FN=2025\5\GJ_CoLogo_47931801.png?638834484460000000,박도준,-,-,
282778,[3D 배경 모델링 담당자 채용] 서브컬쳐 모바일게임 SODIUM GUI.,㈜알트탭게임스튜디오,47931801,경력무관,학력무관,프리랜서,채용시,게임개발(모바일),게임개발(모바일);모델링,https://file.gamejob.co.kr/net/Corp/CoImage/LogoView?FN=2025\5\GJ_CoLogo_47931801.png?638834484460000000,박도준,-,-,
282777,[계약직/정규직] 게임 콘텐츠 일본어 담당자 채용,게임덱스,18771068,경력무관,학력무관,계약직,채용시,게임운영,게임운영,https://file.gamejob.co.kr/net/Corp/CoImage/LogoView?FN=2018\6\GJ_Co_gamedex.jpg?638902525310000000,배준석,2016년,"월드오브워머신, 건쉽배틀토탈워페어, 니케",
281382,"헬로키티 신규프로젝트 솔리테르 원화,UI 부문 모집",에이시티게임즈㈜,28124259,경력3년↑ ,학력무관,정규직,채용시,인터페이스 디자인,인터페이스 디자인;원화,https://file.gamejob.co.kr/net/Corp/CoImage/LogoView?FN=2024\3\GJ_CoLogo_28124259.jpg?639197328290000000,정세진,2019년,헬로키티 마이 드림 스토어(Hello Kitty My Dream Store),
282727,[퍼즐원스튜디오] 북미풍 캐주얼 퍼즐게임 2D Artist - UI,퍼즐원스튜디오,27469986,경력무관,학력무관,계약직,채용시,인터페이스 디자인,인터페이스 디자인;원화,https://file.gamejob.co.kr/net/Corp/CoImage/LogoView?FN=2022\3\GJ_CoLogo_27469986.png?639176603650000000,이기섭,2019년,"Word Cookies!, Jewels Magic, Bubble Pop Origin",
282689,[레벨 디자이너/언리얼5] PC/콘솔 익스트렉션 액션 RPG 레벨 디자이너를 모십니다.,㈜폴스타게임즈,41277906,경력3년↑ ,학력무관,정규직,~09/14,게임기획,게임기획,https://file.gamejob.co.kr/net/Corp/CoImage/LogoView?FN=2024\7\GJ_CoLogo_41277906.jpg?639106613570000000,이동규,2023년,Project Thanatos,
282669,캐주얼 게임 2D 원화 디자이너 채용(계약직/프리랜서),㈜피벗게임즈,15370104,경력무관,학력무관,계약직,채용시,인터페이스 디자인,인터페이스 디자인;원화;애니메이션;이펙트·FX;영상제작·편집,https://file.gamejob.co.kr/net/Corp/CoImage/LogoView?FN=2020\7\GJ_CoLogo_15370104.png?638887026400000000,이윤미,2014년,-,
275461,신규 IP게임 시니어 클라이언트 프로그래머 채용,엔엑스피,46381594,경력3년↑ ,학력무관,정규직,채용시,게임개발(클라이언트),게임개발(클라이언트);게임개발(모바일),,최은석,2024년,-,
282621,[게이밍고] 캐주얼 게임 기획자(경력),㈜게이밍고,47128753,경력4년↑ ,,정규직,채용시,게임기획,게임기획,https://file.gamejob.co.kr/net/Corp/CoImage/LogoView?FN=2025\3\GJ_CoLogo_47128753.png?638991595010000000,박승제,2025년,냥냥섬: 전설의 집사,
281945,모바일 캐주얼 게임 기획자 모집.,㈜발리게임즈,39901184,경력6년↑ ,학력무관,정규직,채용시,게임기획,게임기획,https://file.gamejob.co.kr/net/Corp/CoImage/LogoView?FN=2023\2\GJ_CoLogo_39901184.png?639195567550000000,김영우,2022년,puzzle and guardians / Axie champions,
282557,RPG 게임 그래픽 디자이너 님을 모십니다.(전면 재택 근무),프리티비지 주식회사,30836321,경력무관,학력무관,정규직,07/10(금),인터페이스 디자인,인터페이스 디자인;원화;애니메이션;이펙트·FX,https://file.gamejob.co.kr/net/Corp/CoImage/LogoView?FN=2020\4\GJ_CoLogo_30836321.png?639075376250000000,윤나라,2021년,러브언홀릭,
282066,[호요버스/HoYoverse] 중·한 로컬라이제이션 전문가,코그노스피어코리아,38392363,신입,,정규직,채용시,퍼블리싱,퍼블리싱;번역,https://file.gamejob.co.kr/net/Corp/CoImage/LogoView?FN=2022\9\GJ_CoLogo_38392363.png?639084126640000000,HUANG LAN,2022년,"원신, ,붕괴 스타레일, 젠레스 존 제로, 미해결사건부, 붕괴3rd",
281174,[스프링컴즈] HTML5 개발자 채용(경력),스프링컴즈,34530939,경력1년↑ ,학력무관,정규직,채용시,게임개발(클라이언트),게임개발(클라이언트);게임개발(모바일);플랫폼 개발,https://file.gamejob.co.kr/net/Corp/CoImage/LogoView?FN=2022\10\GJ_CoLogo_34530939.jpg?638966579130000000,서성영,2016년,"머지스위츠,킹덤워즈,쥬얼스템플,후르츠포레스트,어비스외30종",
281618,[하이브로] 도트파트 디자이너 채용,㈜하이브로,13624547,경력무관,학력무관,계약직,채용시,게임개발(클라이언트),게임개발(클라이언트);게임개발(모바일);인터페이스 디자인;원화,https://file.gamejob.co.kr/net/Corp/CoImage/LogoView?FN=2020\2\GJ_CoLogo_13624547.jpg?639172010890000000,원세연,2009년,"드래곤빌리지, 드래곤빌리지M, 드래곤빌리지 컬렉션",
282524,[거상] 애니메이터 모집,㈜에이케이인터렉티브,11531526,경력무관,학력무관,정규직,채용시,애니메이션,애니메이션,https://file.gamejob.co.kr/net/Corp/CoImage/LogoView?FN=2024\1\GJ_CoLogo_11531526.jpg?639122907050000000,심호규,2008년,천하제일상 거상,
282249,[신지게임즈] MMORPG 전투 기획자 채용,신지게임즈,44238355,경력3년↑ ,학력무관,정규직,채용시,게임개발(모바일),게임개발(모바일);게임기획,https://file.gamejob.co.kr/net/Corp/CoImage/LogoView?FN=2025\9\GJ_CoLogo_44238355.png?639102087150000000,김민석,2023년,열혈강호 무쌍(모바일 MORPG),
282435,[PC 게임] 2D 아티스트(UI/UX) 담당자 채용,㈜하이퍼센트,43575496,경력무관,학력무관,정규직,~09/07,인터페이스 디자인,인터페이스 디자인,https://file.gamejob.co.kr/net/Corp/CoImage/LogoView?FN=2024\4\GJ_CoLogo_43575496.png?639237816860000000,김주완,2023년,백룸컴퍼니 Backroom Company,
281953,[플레이링스] Rockncash 신규 메타 콘텐츠 기획자 경력 채용,㈜플레이링스,36376493,경력무관,학력무관,정규직,채용시,게임기획,게임기획,https://file.gamejob.co.kr/net/Corp/CoImage/LogoView?FN=2026\7\GJ_CoLogo_36376493.png?639208478630000000,"오선호, 안병환",2010년,"락앤캐쉬,슬롯메이트, 애니팡포커, 애니팡맞고, 하이롤러베가스 등",
282485,게임 운영 담당자 모집 (경력),게임덱스,18771068,경력무관,학력무관,계약직,채용시,게임운영,게임운영,https://file.gamejob.co.kr/net/Corp/CoImage/LogoView?FN=2018\6\GJ_Co_gamedex.jpg?638902525310000000,배준석,2016년,"월드오브워머신, 건쉽배틀토탈워페어, 니케",
282484,게임 운영 담당자 모집 (신입),게임덱스,18771068,신입,학력무관,계약직,채용시,게임운영,게임운영,https://file.gamejob.co.kr/net/Corp/CoImage/LogoView?FN=2018\6\GJ_Co_gamedex.jpg?638902525310000000,배준석,2016년,"월드오브워머신, 건쉽배틀토탈워페어, 니케",
282480,게임 개발 온라인 강의 강사 채용,디자인북스,47901196,경력4년↑ ,,계약직,~10/07,원화,원화;모델링;애니메이션;게임기획;강사,,최우영,2014년,-,
282477,"[쿠로 게임즈 코리아 ][ Cinematic Team ]배경 모델러 (경력, 5년 이상) Maya , Arnold Renderer 오프렌더 기반",쿠로게임즈코리아 유한회사,51269463,경력5년↑ ,학력무관,정규직,채용시,모델링,모델링,,SOLON LEE,2014년,"명조:워더링 웨이브, 퍼니싱:그레이 레이븐",
281704,[쿠로 게임즈 본사 근무 ][ Cinematic Team ]애니메이터 Animation Lead (경력 10년 이상),쿠로게임즈코리아 유한회사,51269463,경력 10년 ,,정규직,채용시,애니메이션,애니메이션;이펙트·FX,,SOLON LEE,2014년,"명조:워더링 웨이브, 퍼니싱:그레이 레이븐",
282475,[SBS학원 게임 분당점]2D애니메이션 강사 구인,에스씨에이게임분당,35059669,경력1년↑ ,,정규직,07/08(수),원화,원화;애니메이션;영상제작·편집;교육;강사,https://file.gamejob.co.kr/net/Corp/CoImage/LogoView?FN=2021\7\GJ_CoLogo_35059669.PNG?639177373620000000,이규민,2021년,-,
282464,[바이오하자드 서바이널 유닛] 일본 통번역/PM 모집,㈜붐잇게임즈,34519447,경력3년↑ ,학력무관,정규직,채용시,게임기획,게임기획;번역,https://file.gamejob.co.kr/net/Corp/CoImage/LogoView?FN=2024\12\GJ_CoLogo_34519447.jpg?638993337130000000,조승기,2021년,"바이오하자드 서바이벌 유닛, 드래곤 엠파이어, 문명: Reign of Power",
282382,도트(픽셀아트) 아티스트 채용,㈜슈퍼플래닛,19079176,경력무관,학력무관,정규직,07/08(수),원화,원화;애니메이션,https://file.gamejob.co.kr/net/Corp/CoImage/LogoView?FN=2016\9\GJ_Co_superplanet.jpg?639117793680000000,박성은,2012년,전자오락수호대 with NAVER WEBTOON,
282459,[빅게임스튜디오] 배경 모델링 담당자 모집,빅게임스튜디오,32754336,경력무관,학력무관,정규직,채용시,원화,원화;모델링,https://file.gamejob.co.kr/net/Corp/CoImage/LogoView?FN=2021\6\GJ_CoLogo_32754336.png?639123664400000000,최재영,2020년,블랙클로버 모바일,
282428,스팀/콘솔 게임 브랜드 매니저 모집,레드브릭하우스,51652451,경력무관,학력무관,정규직,채용시,게임운영,게임운영;마케팅;홍보;해외 마케팅;퍼블리싱,https://file.gamejob.co.kr/net/Corp/CoImage/LogoView?FN=2026\6\GJ_CoLogo_51652451.jpg?639190389460000000,김혁진 / 홍지철,2026년,-,
281796,[HSD] 글로벌 CX (EN/KR),엔세이피아도쿄㈜,50269956,경력1년↑ ,,정규직,채용시,게임운영,게임운영,https://file.gamejob.co.kr/net/Corp/CoImage/LogoView?FN=2026\7\GJ_CoLogo_50269956.png?639198155240000000,윤복희,2025년,"포켓트윈, 헬로키티스윗파티, 고양이화가냐호",
281073,[에임드] UA Growth 마케터 (글로벌 게임 / 퍼블리싱),㈜에임드,43644904,경력5년↑ ,학력무관,정규직,채용시,마케팅,마케팅;홍보;해외 마케팅;광고기획;퍼블리싱,https://file.gamejob.co.kr/net/Corp/CoImage/LogoView?FN=2024\6\GJ_CoLogo_43644904.png?639034904430000000,임형철,2011년,-,
282400,[아지트랩스] 애니메이터,아지트랩스,50845027,경력1년↑ ,학력무관,정규직,채용시,애니메이션,애니메이션,https://file.gamejob.co.kr/net/Corp/CoImage/LogoView?FN=2026\3\GJ_CoLogo_50845027.png?639099518260000000,송근욱,2025년,NGM(개발중),
282365,[나날이 스튜디오] 퍼포먼스 마케터,㈜나날이,13105341,경력3년↑ ,학력무관,정규직,채용시,사업관리,사업관리;정보·빅데이터 분석;마케팅,https://file.gamejob.co.kr/net/Corp/CoImage/LogoView?FN=2013\11\GJ_Co_nanali.jpg?639087381740000000,박재환,2012년,"포레스트 아일랜드, 타이니카페, 샐리의 법칙",
282366,[나날이 스튜디오] 2D 아티스트,㈜나날이,13105341,경력4년↑ ,학력무관,정규직,채용시,인터페이스 디자인,인터페이스 디자인;원화;모델링;애니메이션;이펙트·FX,https://file.gamejob.co.kr/net/Corp/CoImage/LogoView?FN=2013\11\GJ_Co_nanali.jpg?639087381740000000,박재환,2012년,"포레스트 아일랜드, 타이니카페, 샐리의 법칙",
282364,[나날이 스튜디오] UA 크리에이티브 제작자,㈜나날이,13105341,경력2년↑ ,학력무관,정규직,채용시,마케팅,마케팅;홍보;광고기획,https://file.gamejob.co.kr/net/Corp/CoImage/LogoView?FN=2013\11\GJ_Co_nanali.jpg?639087381740000000,박재환,2012년,"포레스트 아일랜드, 타이니카페, 샐리의 법칙",
282309,클라이언트 프로그래머 모집,오버아크스튜디오,51873521,경력3년↑ ,학력무관,정규직,채용시,게임개발(클라이언트),게임개발(클라이언트),https://file.gamejob.co.kr/net/Corp/CoImage/LogoView?FN=2026\7\GJ_CoLogo_51873521.png?639186884880000000,이상일,-,-,
282307,AI Platform & DevOps Engineer / AI 개발 플랫폼과 클라우드 인프라를 함께 만들어갈 엔지니어를 찾습니다.,룰루닷에이아이,51881434,경력무관,학력무관,정규직,채용시,서버,서버;네트워크;시스템·DB;보안;클라우드,https://file.gamejob.co.kr/net/Corp/CoImage/LogoView?FN=2026\7\GJ_CoLogo_51881434.png?639186874110000000,전창병,-,-,
282116,게임 기획/QA 인턴 모집,㈜리턴픽셀,43358819,경력무관,,인턴직,06/30(화),게임기획,게임기획;QA·테스터,https://file.gamejob.co.kr/net/Corp/CoImage/LogoView?FN=2024\3\GJ_CoLogo_43358819.png?639184445850000000,김정남,2024년,-,
281859,[SBS학원 게임 분당점]게임기획/원화/그래픽/게임엔진/프로그래밍/웹툰/웹소설/UIUX/이펙트,에스씨에이게임분당,35059669,경력1년↑ ,,정규직,채용시,게임개발(클라이언트),게임개발(클라이언트);게임기획;엔진;교육;강사,https://file.gamejob.co.kr/net/Corp/CoImage/LogoView?FN=2021\7\GJ_CoLogo_35059669.PNG?639177373620000000,이규민,2021년,-,
281767,[빅게임스튜디오] 배경원화 담당자 모집,빅게임스튜디오,32754336,경력무관,학력무관,정규직,채용시,원화,원화,https://file.gamejob.co.kr/net/Corp/CoImage/LogoView?FN=2021\6\GJ_CoLogo_32754336.png?639123664400000000,최재영,2020년,블랙클로버 모바일,
281468,[빅게임스튜디오] 이펙트 모집,빅게임스튜디오,32754336,경력무관,학력무관,정규직,채용시,이펙트·FX,이펙트·FX,https://file.gamejob.co.kr/net/Corp/CoImage/LogoView?FN=2021\6\GJ_CoLogo_32754336.png?639123664400000000,최재영,2020년,블랙클로버 모바일,
282229,[AI 연구개발] 신입/경력직 채용,티쓰리엔터테인먼트,31949410,신입,학력무관,정규직,채용시,게임AI 개발,게임AI 개발,https://file.gamejob.co.kr/net/Corp/CoImage/LogoView?FN=2020\7\GJ_CoLogo_31949410.jpg?638350398030000000,홍민균,2000년,오디션/클럽오디션,
282011,[Project S] 서브컬쳐 핵앤슬래쉬 액션 RPG VFX 아티스트 모집,㈜락킨포지드,51282866,경력3년↑ ,,정규직,채용시,이펙트·FX,이펙트·FX,https://file.gamejob.co.kr/net/Corp/CoImage/LogoView?FN=2026\5\GJ_CoLogo_51282866.png?639166329890000000,송진수,2026년,"Project S, Project P, Project R",
282196,[신규 프로젝트] 컨셉 아티스트 (경력),폴리모프,39805772,경력2년↑ ,,정규직,채용시,원화,원화;게임기획,https://file.gamejob.co.kr/net/Corp/CoImage/LogoView?FN=2025\4\GJ_CoLogo_39805772.jpg?638810163940000000,조병훈,2020년,IFSUNSETS (이프선셋),
281957,[기획] 함께할 밸런스/시스템 기획자를 모집합니다.,㈜뉴노멀소프트,42858458,경력5년↑ ,학력무관,정규직,채용시,게임기획,게임기획,https://file.gamejob.co.kr/net/Corp/CoImage/LogoView?FN=2024\1\GJ_CoLogo_42858458.jpg?639180163000000000,박장수,2023년,창세기전 키우기,
281958,[서버] 서버 개발자를 모집합니다.,㈜뉴노멀소프트,42858458,경력3년↑ ,학력무관,정규직,채용시,서버,서버,https://file.gamejob.co.kr/net/Corp/CoImage/LogoView?FN=2024\1\GJ_CoLogo_42858458.jpg?639180163000000000,박장수,2023년,창세기전 키우기,
281948,게임 개발 직무 분야 AI 접목 프로그래밍 교육 단기 강의,디자인북스,47901196,신입,,계약직,06/25(목),게임AI 개발,게임AI 개발;강사,,최우영,2014년,-,
281236,[신규 프로젝트] 3D 애니메이터,슈퍼플럭스,36534734,경력무관,학력무관,정규직,06/10(수),게임개발(모바일),게임개발(모바일);모델링;애니메이션;이펙트·FX,https://file.gamejob.co.kr/net/Corp/CoImage/LogoView?FN=2022\1\GJ_CoLogo_36534734.png?638811209170000000,김근태,2020년,Project S,
281839,캐쥬얼 게임 배경 모델러 모집,그라프디자인,50504125,경력무관,학력무관,정규직,채용시,모델링,모델링,,박병희,-,-,
281707,[3D 모델링] 3D 배경 그래픽 디자이너 모집,㈜다이브엑스알,37830051,경력2년↑ ,,계약직,채용시,모델링,모델링,https://file.gamejob.co.kr/net/Corp/CoImage/LogoView?FN=2025\3\GJ_CoLogo_37830051.png?638779050150000000,박선영,2021년,Table Party / Table Edu,
281676,[ZEP SCHOOL] 게임 크리에이터,ZEP,51699009,경력무관,학력무관,정규직,채용시,게임AI 개발,게임AI 개발;원화,https://file.gamejob.co.kr/net/Corp/CoImage/LogoView?FN=2026\6\GJ_CoLogo_51699009.png?639178242840000000,고창원/김상엽,2022년,"ZEP QUIZ , ZEP SCHOOL",
281690,[경산/신입·경력] 미스터리 심리 추리 비주얼 노벨 ’Soul Print’ UI 및 배경 제작 담당자 모집,다운포우,51389455,신입,,정규직,채용시,인터페이스 디자인,인터페이스 디자인;원화;애니메이션,,김정우,2025년,-,
281667,[신입/경력] 게임 아트 및 스파인 애니메이션 제작,3wave studio,50199312,신입,학력무관,정규직,채용시,인터페이스 디자인,인터페이스 디자인;원화;애니메이션;이펙트·FX,https://file.gamejob.co.kr/net/Corp/CoImage/LogoView?FN=2026\6\GJ_CoLogo_50199312.png?639174177920000000,이도형 김태수 박남준,-,-,
281025,[레메게톤] 내러티브 담당자 구인,㈜와일드플랜,47360635,경력무관,학력무관,계약직,채용시,게임기획,게임기획,https://file.gamejob.co.kr/net/Corp/CoImage/LogoView?FN=2025\4\GJ_CoLogo_47360635.png?639110791250000000,박태준,2022년,레메게톤,
281576,[PRABBIT] 게임 마케팅 (경력 3년 이상 우대),㈜프래빗 (PRABBIT In,40675875,경력 3년 ,학력무관,정규직,채용시,마케팅,마케팅;홍보;해외 마케팅;프로모션;광고기획,https://file.gamejob.co.kr/net/Corp/CoImage/LogoView?FN=2023\5\GJ_CoLogo_40675875.jpg?639088694200000000,고명지,2023년,-,
281553,[라운드원스튜디오] 신작 방치형 캐주얼 RPG 이펙터 모집,㈜라운드원스튜디오,36795968,경력3년↑ ,학력무관,정규직,채용시,이펙트·FX,이펙트·FX,https://file.gamejob.co.kr/net/Corp/CoImage/LogoView?FN=2022\4\GJ_CoLogo_36795968.png?637904788860000000,이건희,2022년,-,
281506,[경산/신입·경력] 미스터리 심리 추리 비주얼 노벨 ’Soul Print’ 스토리 및 기획 담당자 모집,다운포우,51389455,신입,,정규직,채용시,게임기획,게임기획,,김정우,2025년,-,
281194,[정규직/계약직] 게임 운영 배너 / 마케팅 UA 배너 / UI 디자인 (경력직),㈜게임덱스,51651336,경력4년↑ ,학력무관,정규직,채용시,인터페이스 디자인,인터페이스 디자인,,배준석,-,-,
281431,[그라나도 에스파다] QA Specialist 채용 (기획 연계형),IMC games,11526499,경력무관,,정규직,채용시,게임기획,게임기획;QA·테스터,https://file.gamejob.co.kr/net/Corp/CoImage/LogoView?FN=2006\12\9bda602250e61f491d82d8b08a461819_logos.jpg?638574411320000000,김학규,2003년,"그라나도에스파다, 트리오브세이비어",
281414,3D 그래픽스 엔진 개발자 (신입/경력),엔닷라이트,36467873,신입,학력무관,정규직,채용시,엔진,엔진,https://file.gamejob.co.kr/net/Corp/CoImage/LogoView?FN=2022\1\GJ_CoLogo_36467873.png?639168672420000000,박진영,2020년,-,
281352,[이엠피] 모션캡쳐 엔지니어 모집,㈜이엠피(EMP Inc),48944643,경력무관,학력무관,정규직,06/11(목),애니메이션,애니메이션;엔진,https://file.gamejob.co.kr/net/Corp/CoImage/LogoView?FN=2025\9\GJ_CoLogo_48944643.png?639165274730000000,김진식,2018년,-,
281278,"[램퍼스] 테크니컬아티스트 TA 채용 (언리얼, 유니티)",램퍼스,51662674,경력3년↑ ,학력무관,정규직,채용시,게임개발(클라이언트),게임개발(클라이언트);게임AI 개발;애니메이션,https://file.gamejob.co.kr/net/Corp/CoImage/LogoView?FN=2026\6\GJ_CoLogo_51662674.png?639167132780000000,이정윤,2014년,-,
281186,글로벌 사업/운영 PM 정규직 전환형 인턴 채용 (영어 필수),픽셀리티㈜,21345387,경력무관,학력무관,정규직,06/09(화),사업기획(해외),사업기획(해외);마케팅;홍보;해외 마케팅;해외영업,https://file.gamejob.co.kr/net/Corp/CoImage/LogoView?FN=2023\11\GJ_CoLogo_21345387.png?639149724200000000,정래승,2017년,"Rise of the Fallen, Crazy World VR, The Patcher",
281207,[Project S] 서브컬쳐 핵앤슬래쉬 액션 RPG 3D 배경 및 레벨 아티스트 모집,㈜락킨포지드,51282866,경력3년↑ ,,정규직,채용시,모델링,모델링,https://file.gamejob.co.kr/net/Corp/CoImage/LogoView?FN=2026\5\GJ_CoLogo_51282866.png?639166329890000000,송진수,2026년,"Project S, Project P, Project R",
277749,[게임기획/3D게임디자인/유니티&언리얼] 최대국비지원 취업연계 취업연수생 모집공고,엠비씨(MBC)아카데미 컴퓨터교육센터,50907809,신입,학력무관,교육생,06/09(화),게임개발(클라이언트),게임개발(클라이언트);게임개발(모바일);모델링;애니메이션;게임기획,https://file.gamejob.co.kr/net/Corp/CoImage/LogoView?FN=2026\3\GJ_CoLogo_50907809.jpg?639094537100000000,주대진/김나윤,-,-,
281145,[프로젝트 N] 3D 캐릭터 모델링(프리랜서),㈜쿡앱스(CookApps),11533078,경력무관,학력무관,프리랜서,06/09(화),게임개발(모바일),게임개발(모바일);모델링,https://file.gamejob.co.kr/net/Corp/CoImage/LogoView?FN=2022\7\GJ_CoLogo_11533078.png?639142947970000000,박성민,2010년,"포트리스 사가, 무명기사단, 테일드 데몬 슬레이어 라이즈, 써니하우스, 조이스저니 등",
281080,3D 캐릭터 모델러,㈜소울게임즈,13468566,경력무관,학력무관,정규직,채용시,모델링,모델링,https://file.gamejob.co.kr/net/Corp/CoImage/LogoView?FN=2019\7\GJ_CoLogo_13468566.png?637841741490000000,엄태두,2013년,"루나모바일,  레이더즈M",
281026,"[레메게톤] 사운드 담당자 ( SFX, BGM ) 구인",㈜와일드플랜,47360635,경력무관,학력무관,계약직,채용시,사운드 제작,사운드 제작,https://file.gamejob.co.kr/net/Corp/CoImage/LogoView?FN=2025\4\GJ_CoLogo_47360635.png?639110791250000000,박태준,2022년,레메게톤,
280995,캐주얼RPG 게임의 전투벨런스/시스템기획 특화인력을 모집합니다.,와일드비주얼,51073312,경력3년↑ ,학력무관,아르바이트,채용시,게임기획,게임기획,https://file.gamejob.co.kr/net/Corp/CoImage/LogoView?FN=2026\6\GJ_CoLogo_51073312.jpg?639161935360000000,윤정욱,2023년,-,
283120,[Project ZERO] 소프트웨어 엔지니어 모집,㈜콩스튜디오코리아,17115382,경력무관,학력무관,정규직,채용시,게임개발(클라이언트),게임개발(클라이언트);게임개발(모바일),https://file.gamejob.co.kr/net/Corp/CoImage/LogoView?FN=2016\7\GJ_Co_KONGSTUDIOSKOREA.jpg?639231819870000000,"석광원,류범휘",2015년,가디언테일즈,
283130,[Project HERO] 시니어 소프트웨어 엔지니어 모집,㈜콩스튜디오코리아,17115382,경력5년↑ ,학력무관,정규직,채용시,게임개발(클라이언트),게임개발(클라이언트);게임개발(모바일),https://file.gamejob.co.kr/net/Corp/CoImage/LogoView?FN=2016\7\GJ_Co_KONGSTUDIOSKOREA.jpg?639231819870000000,"석광원,류범휘",2015년,가디언테일즈,
283178,[가디언 테일즈] 스토리 기획자 모집 (경력 3년 이상),㈜콩스튜디오코리아,17115382,경력 3년 ,학력무관,정규직,채용시,게임기획,게임기획,https://file.gamejob.co.kr/net/Corp/CoImage/LogoView?FN=2016\7\GJ_Co_KONGSTUDIOSKOREA.jpg?639231819870000000,"석광원,류범휘",2015년,가디언테일즈,
284349,[Project octopus] 소프트웨어 엔지니어 모집 (계약직),㈜콩스튜디오코리아,17115382,경력5년↑ ,학력무관,계약직,채용시,게임개발(클라이언트),게임개발(클라이언트),https://file.gamejob.co.kr/net/Corp/CoImage/LogoView?FN=2016\7\GJ_Co_KONGSTUDIOSKOREA.jpg?639231819870000000,"석광원,류범휘",2015년,가디언테일즈,
282403,[Project octopus] 유니티 스토리 씬 연출 전문가 모집 (1년 계약직),㈜콩스튜디오코리아,17115382,경력3년↑ ,학력무관,계약직,채용시,게임기획,게임기획,https://file.gamejob.co.kr/net/Corp/CoImage/LogoView?FN=2016\7\GJ_Co_KONGSTUDIOSKOREA.jpg?639231819870000000,"석광원,류범휘",2015년,가디언테일즈,
283100,[Project octopus] 시스템 기획자 모집 (경력 7년 이상),㈜콩스튜디오코리아,17115382,경력 7년 ,학력무관,정규직,채용시,게임기획,게임기획,https://file.gamejob.co.kr/net/Corp/CoImage/LogoView?FN=2016\7\GJ_Co_KONGSTUDIOSKOREA.jpg?639231819870000000,"석광원,류범휘",2015년,가디언테일즈,
283879,[팰월드온라인/몬스터헌터아웃랜더스] 마케팅 담당자 (경력 5년 이상) 모집,유한회사 가레나코리아,36871058,경력 5년 ,학력무관,정규직,~09/14,마케팅,마케팅,https://file.gamejob.co.kr/net/Corp/CoImage/LogoView?FN=2022\12\GJ_CoLogo_36871058.jpg?639214393500000000,"펑루샤, 응주이쾅제",2009년,"Free Fire, 신월동행",
284384,[판교 / 게임사] 게임QA 모집,코리아인,31012116,경력무관,학력무관,정규직,~09/04,QA·테스터,QA·테스터,https://file.gamejob.co.kr/net/Corp/CoImage/LogoView?FN=2020\4\GJ_CoLogo_31012116.PNG?638555337210000000,김성준,2008년,-,
284290,[판교/카카오계열사] 게임QA 채용,㈜그린맨파워,11526474,경력무관,학력무관,파견직,~09/08,QA·테스터,QA·테스터,https://file.gamejob.co.kr/net/Corp/CoImage/LogoView?FN=2017\12\GJ_Co_greenmp9.JPG?638729719460000000,오진일,1986년,"Riot Games, SmileGate, Wemade, DaumKakao, Webzen",
281947,UI/UX Designer - Unannounced Project,EA코리아 (Electronic Arts Korea),11531388,경력5년↑ ,학력무관,정규직,채용시,인터페이스 디자인,인터페이스 디자인,https://file.gamejob.co.kr/net/Corp/CoImage/LogoView?FN=2025\7\GJ_CoLogo_11531388.png?638894891740000000,유휘동,1998년,"FC Online , FIFA Online 3",
284360,[누리마루학원] 평일 2D원화 디자이너 및 웹툰 강사 모집(파트타임),㈜누리마루학원,22707922,경력무관,학력무관,정규직,~09/10,원화,원화;모델링;애니메이션;교육;강사,https://file.gamejob.co.kr/net/Corp/CoImage/LogoView?FN=2018\1\GJ_Co_nurimaru2.jpg?638404923290000000,박진형,2011년,-,
283429,캐릭터 에셋 3D모델러 모집공고 [정규직],브이플리,48584974,경력3년↑ ,학력무관,정규직,채용시,모델링,모델링,https://file.gamejob.co.kr/net/Corp/CoImage/LogoView?FN=2026\3\GJ_CoLogo_48584974.png?639190293410000000,전은수,2025년,-,
284343,[서초] 유명 코스닥 상장사 MMORPG 게임운영(GM) 채용,㈜그린맨파워,11526474,경력무관,학력무관,파견직,~09/18,게임운영,게임운영,https://file.gamejob.co.kr/net/Corp/CoImage/LogoView?FN=2017\12\GJ_Co_greenmp9.JPG?638729719460000000,오진일,1986년,"Riot Games, SmileGate, Wemade, DaumKakao, Webzen",
283909,[Unannounced Project] Client Engineer,EA코리아 (Electronic Arts Korea),11531388,경력5년↑ ,학력무관,정규직,채용시,애니메이션,애니메이션;이펙트·FX;엔진,https://file.gamejob.co.kr/net/Corp/CoImage/LogoView?FN=2025\7\GJ_CoLogo_11531388.png?638894891740000000,유휘동,1998년,"FC Online , FIFA Online 3",
284289,[분당/1개월단기] 국내 유명 중견게임사 팀 로그라이크RPG QA(테스터),㈜그린맨파워,11526474,경력무관,학력무관,파견직,~09/14,QA·테스터,QA·테스터,https://file.gamejob.co.kr/net/Corp/CoImage/LogoView?FN=2017\12\GJ_Co_greenmp9.JPG?638729719460000000,오진일,1986년,"Riot Games, SmileGate, Wemade, DaumKakao, Webzen",
279219,Project Manager (Development Manager) - Quality Verification and Standards,EA코리아 (Electronic Arts Korea),11531388,경력7년↑ ,학력무관,정규직,채용시,QA·테스터,QA·테스터,https://file.gamejob.co.kr/net/Corp/CoImage/LogoView?FN=2025\7\GJ_CoLogo_11531388.png?638894891740000000,유휘동,1998년,"FC Online , FIFA Online 3",
284173,소셜미디어 운영 직군 모집(중국 상하이 근무),요스타홍콩리미티드(YOSTAR HON,45574683,경력2년↑ ,,정규직,채용시,퍼블리싱,퍼블리싱,https://file.gamejob.co.kr/net/Corp/CoImage/LogoView?FN=2024\10\GJ_CoLogo_45574683.png?638647998570000000,천카이,2014년,"명일방주, 작혼: 리치 마작 외 다수",
284199,[ 유명 대기업 계열 게임사 ] 아트디렉터(리드급),맨파워써치,52342243,경력13년↑ ,학력무관,정규직,채용시,원화,원화;모델링;엔진,,홍영삼,-,-,
284179,FX Artist / TD (경력 5년 이상),쿠로게임즈,50734158,경력 5년 ,학력무관,정규직,채용시,이펙트·FX,이펙트·FX,https://file.gamejob.co.kr/net/Corp/CoImage/LogoView?FN=2026\3\GJ_CoLogo_50734158.png?639195366920000000,SOLON LEE,2014년,"명조:워더링 웨이브, 퍼니싱:그레이 레이븐",
284091,[전국/온라인]아트트리아카데미 웹툰/일러스트/게임원화 강사 모집,아트트리(ARTTREE)아카데미학원,26126626,경력무관,학력무관,정규직,채용시,원화,원화;애니메이션;교육;강사,https://file.gamejob.co.kr/net/Corp/CoImage/LogoView?FN=2023\3\GJ_CoLogo_26126626.jpg?638157924260000000,이준혁,2018년,-,
284090,[광주광역시]아트트리아카데미 웹툰/일러스트/게임원화 강사 모집,아트트리(ARTTREE)아카데미학원,26126626,경력무관,학력무관,정규직,채용시,원화,원화;애니메이션;교육;강사,https://file.gamejob.co.kr/net/Corp/CoImage/LogoView?FN=2023\3\GJ_CoLogo_26126626.jpg?638157924260000000,이준혁,2018년,-,
284077,[구로/대기업] 게임 보안솔루션 QA 및 보안 검수,㈜그린맨파워,11526474,경력무관,학력무관,파견직,채용시,게임개발(모바일),게임개발(모바일);보안;QA·테스터,https://file.gamejob.co.kr/net/Corp/CoImage/LogoView?FN=2017\12\GJ_Co_greenmp9.JPG?638729719460000000,오진일,1986년,"Riot Games, SmileGate, Wemade, DaumKakao, Webzen",
283983,"[판교/ 복지우수] 코스닥 상장 유명중견 게임사 PC,모바일 게임QA",㈜그린맨파워,11526474,경력무관,학력무관,파견직,채용시,QA·테스터,QA·테스터,https://file.gamejob.co.kr/net/Corp/CoImage/LogoView?FN=2017\12\GJ_Co_greenmp9.JPG?638729719460000000,오진일,1986년,"Riot Games, SmileGate, Wemade, DaumKakao, Webzen",
284013,[외국계] Medical 3D Animation Manager,아나토마지코리아㈜,32211259,경력5년↑ ,,정규직,~09/21,모델링,모델링;애니메이션,https://file.gamejob.co.kr/net/Corp/CoImage/LogoView?FN=2020\9\GJ_CoLogo_32211259.JPG?638977656600000000,정현곤,2008년,-,
283965,"시나리오 기획자 [연애혁명 키우기, 수험생 키우기, 취준생 키우기]",바삭한소프트,46707147,경력무관,,계약직,~11/16,게임기획,게임기획,https://file.gamejob.co.kr/net/Corp/CoImage/LogoView?FN=2026\6\GJ_CoLogo_46707147.png?639226934880000000,김준엽 외 1명,2022년,"수험생 키우기, 연애혁명 키우기, 취준생 키우기",
283985,[재택] 2D 게임 아티스트(픽셀아트) 모집 (3개월 계약직),위빌스튜디오,52201857,경력무관,학력무관,계약직,~09/19,인터페이스 디자인,인터페이스 디자인;원화;애니메이션;이펙트·FX,,정유림,-,-,
282195,[SBS아카데미게임학원] 평일 게임원화 강사 모집,에스씨에이게임노원,36189991,경력무관,학력무관,계약직,채용시,원화,원화;교육;강사,https://file.gamejob.co.kr/net/Corp/CoImage/LogoView?FN=2023\6\GJ_CoLogo_36189991.jpg?639093526590000000,김형규,2021년,-,
281694,[FC Online] 게임플레이 프로듀서 (Gameplay Producer),EA코리아 (Electronic Arts Korea),11531388,경력2년↑ ,학력무관,정규직,채용시,게임기획,게임기획;사업기획(국내);사업기획(해외);전략기획;정보·빅데이터 분석,https://file.gamejob.co.kr/net/Corp/CoImage/LogoView?FN=2025\7\GJ_CoLogo_11531388.png?638894891740000000,유휘동,1998년,"FC Online , FIFA Online 3",
282093,[EA Korea] Gameplay Software Engineer - Unannounced Project,EA코리아 (Electronic Arts Korea),11531388,경력5년↑ ,학력무관,정규직,채용시,게임개발(클라이언트),게임개발(클라이언트);엔진,https://file.gamejob.co.kr/net/Corp/CoImage/LogoView?FN=2025\7\GJ_CoLogo_11531388.png?638894891740000000,유휘동,1998년,"FC Online , FIFA Online 3",
283894,[재택] 스타일라이즈드 액션 RPG 동물 캐릭터 애니메이터 모집 (리깅+애니),Idea Bombers,44483607,경력2년↑ ,학력무관,계약직,~09/17,애니메이션,애니메이션,https://file.gamejob.co.kr/net/Corp/CoImage/LogoView?FN=2024\8\GJ_CoLogo_44483607.png?639146293120000000,박윤성,2024년,와일드 쉐이퍼즈 (Wild Shapers),
283893,총무 및 오피스 운영 - 중국어 필수,쿠로게임즈,50734158,경력3년↑ ,,정규직,채용시,총무,총무,https://file.gamejob.co.kr/net/Corp/CoImage/LogoView?FN=2026\3\GJ_CoLogo_50734158.png?639195366920000000,SOLON LEE,2014년,"명조:워더링 웨이브, 퍼니싱:그레이 레이븐",
283887,[재택/유연근무] 비주얼 노벨 일러스트레이터 모집 (파트타임),잉크캣 게임개발,50007502,경력무관,학력무관,계약직,08/15(토),인터페이스 디자인,인터페이스 디자인;원화,https://file.gamejob.co.kr/net/Corp/CoImage/LogoView?FN=2026\4\GJ_CoLogo_50007502.png?639192166210000000,최준영,2025년,You Ain’t the Hero,
283782,메이져 게임 기업 [사업 부문 경력자] 채용,㈜하이스트써치,13729149,경력3년↑ ,학력무관,정규직,채용시,사업기획(국내),사업기획(국내);사업기획(해외);전략기획;마케팅,https://file.gamejob.co.kr/net/Corp/CoImage/LogoView?FN=2025\3\GJ_CoLogo_13729149.jpg?639231671090000000,정지홍,2016년,"국내 No.1 게임산업 전문 써치펌- 게임기업 인재 채용, 개발팅 세팅 및 인수, 커리어담",
283781,"국내 메이져 게임 기업 개발 전 파트 경력자 채용 [ 개발, 기획, 아트, 개발PM 등 ]",㈜하이스트써치,13729149,경력3년↑ ,학력무관,정규직,채용시,게임개발(클라이언트),게임개발(클라이언트);인터페이스 디자인;원화;모델링;게임기획,https://file.gamejob.co.kr/net/Corp/CoImage/LogoView?FN=2025\3\GJ_CoLogo_13729149.jpg?639231671090000000,정지홍,2016년,"국내 No.1 게임산업 전문 써치펌- 게임기업 인재 채용, 개발팅 세팅 및 인수, 커리어담",
283635,"보안정책, 개인정보 보호, 보안진단 [국내 대기업]",피플렙,52186236,경력4년↑ ,,정규직,채용시,보안,보안,,신동욱,-,-,
283636,"게임보안개발, 게임보안분석 [국내 대기업]",피플렙,52186236,경력3년↑ ,학력무관,정규직,채용시,보안,보안,,신동욱,-,-,
283399,[외주/프리랜서] 의상 3D 모델러 모집 (서브컬쳐 애니 스타일),클루넬,48754894,경력무관,학력무관,프리랜서,08/03(월),모델링,모델링,,이고은,-,-,
282576,[외주/프리랜서] 캐릭터 의상 원화 디자이너 모집 - 서브컬쳐 애니메 그림체,클루넬,48754894,경력무관,학력무관,프리랜서,채용시,원화,원화,,이고은,-,-,
283371,배경 모델러 Asset Artist (경력 5년 이상),쿠로게임즈,50734158,경력 5년 ,학력무관,정규직,채용시,모델링,모델링,https://file.gamejob.co.kr/net/Corp/CoImage/LogoView?FN=2026\3\GJ_CoLogo_50734158.png?639195366920000000,SOLON LEE,2014년,"명조:워더링 웨이브, 퍼니싱:그레이 레이븐",
283144,[IGG코리아] 모바일게임 운영인원 모집,유한회사 아이지지코리아,16381966,경력3년↑ ,학력무관,정규직,채용시,게임운영,게임운영,https://file.gamejob.co.kr/net/Corp/CoImage/LogoView?FN=2021\8\GJ_CoLogo_16381966.png?639039107290000000,슈웨이황,2006년,로드 모바일,
281086,SBS아카데미게임학원 인천(부평) 교육부 강사 채용 - 많은 지원 바랍니다.,㈜에스씨에이게임인천,47463122,경력무관,학력무관,프리랜서,06/08(월),게임개발(클라이언트),게임개발(클라이언트);모델링;게임기획;엔진;교육,https://file.gamejob.co.kr/net/Corp/CoImage/LogoView?FN=2025\4\GJ_CoLogo_47463122.jpg?638815311950000000,강경훈,2020년,-,
283471,사운드디자인 및 더빙담자 구인,스튜디오몽키,48892426,경력무관,학력무관,계약직,채용시,사운드 제작,사운드 제작,https://file.gamejob.co.kr/net/Corp/CoImage/LogoView?FN=2025\8\GJ_CoLogo_48892426.png?638916798360000000,조윤선,2007년,-,
282395,SBS아카데미게임학원 인천(부평) 언리얼 강사 채용,㈜에스씨에이게임인천,47463122,경력무관,학력무관,프리랜서,07/06(월),게임개발(클라이언트),게임개발(클라이언트);게임개발(모바일);플랫폼 개발;엔진;교육,https://file.gamejob.co.kr/net/Corp/CoImage/LogoView?FN=2025\4\GJ_CoLogo_47463122.jpg?638815311950000000,강경훈,2020년,-,
283275,Casino VFX Designer,(유)앤서스랩코리아,15288258,경력8년↑ ,학력무관,정규직,채용시,인터페이스 디자인,인터페이스 디자인;애니메이션;이펙트·FX,https://file.gamejob.co.kr/net/Corp/CoImage/LogoView?FN=2022\11\GJ_CoLogo_15288258.png?639100585400000000,김주관,2014년,GGPoker,
283271,"유니티 게임 개발, 프로그래밍 강사 모집",엠비씨(MBC)아카데미,51231931,경력5년↑ ,학력무관,프리랜서,채용시,게임개발(클라이언트),게임개발(클라이언트);게임기획;교육;교수;강사,https://file.gamejob.co.kr/net/Corp/CoImage/LogoView?FN=2026\4\GJ_CoLogo_51231931.jpg?639126443530000000,김나윤,2010년,-,
282966,게임서비스 운영(일본/한국) 담당자를 찾고 있어요.,㈜드리보디자인,47522931,경력무관,학력무관,정규직,07/21(화),게임운영,게임운영;사업기획(국내);사업기획(해외);퍼블리싱,https://file.gamejob.co.kr/net/Corp/CoImage/LogoView?FN=2025\4\GJ_CoLogo_47522931.png?639201419520000000,김영민,2023년,-,
282650,명조 워더링 웨이브 - 언어 전문가 (한국어),쿠로게임즈,50734158,경력5년↑ ,학력무관,정규직,채용시,번역,번역,https://file.gamejob.co.kr/net/Corp/CoImage/LogoView?FN=2026\3\GJ_CoLogo_50734158.png?639195366920000000,SOLON LEE,2014년,"명조:워더링 웨이브, 퍼니싱:그레이 레이븐",
282999,[대구] 모바일 게임 기획자 모십니다.,트루소프트,31315722,경력무관,학력무관,계약직,채용시,게임기획,게임기획;QA·테스터,https://file.gamejob.co.kr/net/Corp/CoImage/LogoView?FN=2022\3\GJ_CoLogo_31315722.png?638995094250000000,김영달,2019년,"데빌슬레이어, 돼지 키우는 중입니다",
282812,(유명 중견 게임사) 운영기획 팀장 채용,헬로서치,47884441,경력10년↑ ,학력무관,정규직,~09/16,게임운영,게임운영,,정주섭,2010년,-,
282351,"Marketing Manager, Korea",슈퍼셀코리아,51803271,경력8년↑ ,학력무관,정규직,채용시,마케팅,마케팅;홍보;해외 마케팅;프로모션;광고기획,,마쿠안테로이그네이셔스/얀,2013년,-,
282076,[부산] 게임 기획자 모집,원스튜디오,50904709,경력무관,학력무관,계약직,채용시,게임개발(모바일),게임개발(모바일);게임AI 개발;게임기획,https://file.gamejob.co.kr/net/Corp/CoImage/LogoView?FN=2026\3\GJ_CoLogo_50904709.png?639095142650000000,한믿음,2026년,-,
282045,[프리랜서] e스포츠 및 게임 라이브 행사 조연출/현장 AD 모집,아이지엘,51830160,경력무관,학력무관,프리랜서,06/29(월),E-Sports,E-Sports;방송,https://file.gamejob.co.kr/net/Corp/CoImage/LogoView?FN=2026\6\GJ_CoLogo_51830160.png?639183448440000000,이윤환,2026년,-,
282006,[신작] 캐주얼 RPG 기획자 모집,제이디아이 스튜디오,50902947,경력무관,학력무관,계약직,~09/24,게임개발(모바일),게임개발(모바일);게임기획,https://file.gamejob.co.kr/net/Corp/CoImage/LogoView?FN=2026\3\GJ_CoLogo_50902947.png?639098924570000000,고민성,2026년,-,
282005,[신작] 캐주얼 RPG 클라이언트 프로그래머 모집,제이디아이 스튜디오,50902947,경력무관,학력무관,계약직,~09/24,게임개발(클라이언트),게임개발(클라이언트);게임개발(모바일),https://file.gamejob.co.kr/net/Corp/CoImage/LogoView?FN=2026\3\GJ_CoLogo_50902947.png?639098924570000000,고민성,2026년,-,
281894,게임그래픽 분야별 강사 모집 (캐릭터 / 배경 모델러) 현업 겸임 가능,탄탄씨지아카데미학원,45826696,경력8년↑ ,학력무관,정규직,채용시,모델링,모델링;교육,https://file.gamejob.co.kr/net/Corp/CoImage/LogoView?FN=2025\11\GJ_CoLogo_45826696.png?639166551660000000,탄탄CG,2023년,-,
281510,게임프로그램 개발자,톡톡Games,51644945,경력5년↑ ,학력무관,정규직,채용시,게임개발(클라이언트),게임개발(클라이언트);게임개발(모바일);시스템·DB;클라우드;결제·PG,,이현민,2025년,-,
281210,"캐릭터 모델링 강사님 모십니다. (겸업 가능, 사당역 근처 위치)",탄탄씨지아카데미학원,45826696,경력8년↑ ,학력무관,계약직,채용시,모델링,모델링;강사,https://file.gamejob.co.kr/net/Corp/CoImage/LogoView?FN=2025\11\GJ_CoLogo_45826696.png?639166551660000000,탄탄CG,2023년,-,
